165.0, 165.00, 165.00, 165.00 
144.0, 154.50, 154.50, 154.50 
167.0, 158.67, 158.67, 158.67 
185.0, 165.25, 165.25, 165.25 
188.0, 169.80, 169.80, 169.80 
188.0, 172.83, 172.83, 172.83 
189.0, 175.14, 175.14, 175.14 
189.0, 176.88, 176.88, 176.88 
189.0, 178.22, 178.22, 178.22 
186.0, 179.00, 179.00, 179.00 
190.0, 180.00, 180.00, 181.50 
187.0, 180.58, 180.58, 185.80 
200.0, 182.08, 182.08, 189.10 
199.0, 183.29, 183.29, 190.50 
191.0, 183.80, 183.80, 190.80 
189.0, 184.12, 184.12, 190.90 
188.0, 184.35, 184.35, 190.80 
188.0, 184.56, 184.56, 190.70 
188.0, 184.74, 184.74, 190.60 
188.0, 184.90, 184.90, 190.80 
188.0, 185.05, 185.05, 190.60 
198.0, 185.64, 185.64, 191.70 
204.0, 186.43, 186.43, 192.10 
213.0, 187.54, 187.54, 193.50 
213.0, 188.56, 188.56, 195.70 
150.0, 187.08, 187.08, 191.80 
170.0, 186.44, 186.44, 190.00 
195.0, 186.75, 186.75, 190.70 
185.0, 186.69, 186.69, 190.40 
193.0, 186.90, 186.90, 190.90 
209.0, 187.61, 187.61, 193.00 
223.0, 188.72, 188.72, 195.50 
233.0, 190.06, 190.06, 198.40 
218.0, 190.88, 190.88, 198.90 
222.0, 191.77, 191.77, 199.80 
218.0, 192.50, 192.50, 206.60 
218.0, 193.19, 193.19, 211.40 
218.0, 193.84, 193.84, 213.70 
218.0, 194.46, 194.46, 217.00 
218.0, 195.05, 195.05, 219.50 
224.0, 195.76, 195.76, 221.00 
225.0, 196.45, 196.45, 221.20 
225.0, 197.12, 197.12, 220.40 
225.0, 197.75, 197.75, 221.10 
225.0, 198.36, 198.36, 221.40 
225.0, 198.93, 198.93, 222.10 
220.0, 199.38, 199.38, 222.30 
220.0, 199.81, 199.81, 222.50 
220.0, 200.22, 200.22, 222.70 
220.0, 200.62, 200.62, 222.90 
149.0, 199.61, 200.30, 215.40 
154.0, 198.73, 200.50, 208.30 
178.0, 198.34, 200.72, 203.60 
171.0, 197.83, 200.44, 198.20 
179.0, 197.49, 200.26, 193.60 
176.0, 197.11, 200.02, 188.70 
184.0, 196.88, 199.92, 185.10 
193.0, 196.81, 200.00, 182.40 
196.0, 196.80, 200.14, 180.00 
191.0, 196.70, 200.24, 177.10 
190.0, 196.59, 200.24, 181.20 
190.0, 196.48, 200.30, 184.80 
190.0, 196.38, 200.10, 186.00 
190.0, 196.28, 199.92, 187.90 
194.0, 196.25, 199.98, 189.40 
194.0, 196.21, 200.08, 191.20 
192.0, 196.15, 200.16, 192.00 
192.0, 196.09, 200.24, 191.90 
192.0, 196.03, 200.32, 191.50 
190.0, 195.94, 200.36, 191.40 
190.0, 195.86, 200.40, 191.40 
190.0, 195.78, 200.24, 191.40 
190.0, 195.70, 199.96, 191.40 
189.0, 195.61, 199.48, 191.30 
198.0, 195.64, 199.18, 191.70 
148.0, 195.01, 199.14, 187.10 
170.0, 194.69, 199.14, 184.90 
148.0, 194.09, 198.20, 180.50 
155.0, 193.59, 197.60, 176.80 
162.0, 193.20, 196.98, 174.00 
180.0, 193.04, 196.40, 173.00 
189.0, 192.99, 195.72, 172.90 
184.0, 192.88, 194.74, 172.30 
190.0, 192.85, 194.18, 172.40 
192.0, 192.84, 193.58, 171.80 
194.0, 192.85, 193.10, 176.40 
194.0, 192.86, 192.62, 178.80 
194.0, 192.88, 192.14, 183.40 
187.0, 192.81, 191.52, 186.60 
195.0, 192.83, 191.06, 189.90 
204.0, 192.96, 190.66, 192.30 
204.0, 193.08, 190.24, 193.80 
201.0, 193.16, 189.76, 195.50 
229.0, 193.54, 189.84, 199.40 
238.0, 194.01, 190.10, 204.00 
244.0, 194.53, 190.48, 209.00 
254.0, 195.14, 191.16, 215.00 
254.0, 195.74, 191.84, 221.00 
254.0, 196.33, 192.52, 227.70 
254.0, 196.91, 193.20, 233.60 
152.0, 196.78, 193.26, 228.40 
160.0, 196.94, 193.38, 224.00 
156.0, 196.83, 192.94, 219.50 
166.0, 196.64, 192.84, 213.20 
173.0, 196.49, 192.72, 206.70 
179.0, 196.40, 192.78, 200.20 
180.0, 196.31, 192.70, 192.80 
180.0, 196.22, 192.44, 185.40 
183.0, 196.16, 192.18, 178.30 
185.0, 196.15, 192.06, 171.40 
181.0, 196.06, 191.88, 174.30 
182.0, 196.01, 191.72, 176.50 
172.0, 195.73, 191.36, 178.10 
179.0, 195.53, 191.14, 179.40 
181.0, 195.43, 190.88, 180.20 
182.0, 195.36, 190.64, 180.50 
187.0, 195.35, 190.54, 181.20 
185.0, 195.32, 190.40, 181.70 
197.0, 195.41, 190.50, 183.10 
200.0, 195.53, 190.70, 184.60 
198.0, 195.63, 190.86, 186.30 
220.0, 195.85, 191.46, 190.10 
230.0, 196.11, 192.26, 195.90 
230.0, 196.28, 193.08, 201.00 
239.0, 196.54, 193.90, 206.80 
148.0, 196.52, 193.90, 203.40 
151.0, 196.33, 193.52, 199.80 
169.0, 196.07, 193.94, 198.20 
156.0, 195.78, 193.96, 194.10 
177.0, 195.62, 194.26, 191.80 
167.0, 195.20, 194.00, 188.70 
177.0, 194.74, 193.76, 184.40 
189.0, 194.30, 193.86, 180.30 
182.0, 193.94, 193.70, 175.50 
179.0, 193.51, 193.44, 169.50 
184.0, 193.17, 193.24, 173.10 
187.0, 192.86, 193.10, 176.70 
187.0, 192.55, 192.96, 178.50 
183.0, 192.20, 192.88, 181.20 
184.0, 191.86, 192.66, 181.90 
187.0, 191.49, 192.32, 183.90 
182.0, 191.06, 191.88, 184.40 
182.0, 190.63, 191.50, 183.70 
185.0, 190.23, 190.62, 184.00 
183.0, 189.81, 189.52, 184.40 
185.0, 189.41, 188.34, 184.50 
185.0, 189.06, 186.96, 184.30 
184.0, 188.70, 185.56, 184.00 
185.0, 188.35, 184.18, 184.20 
185.0, 188.00, 182.80, 184.30 
146.0, 187.97, 182.68, 180.20 
154.0, 187.97, 182.56, 177.40 
155.0, 187.74, 182.54, 174.70 
174.0, 187.77, 182.70, 173.60 
174.0, 187.72, 182.72, 172.70 
183.0, 187.79, 182.80, 172.50 
178.0, 187.73, 182.76, 171.80 
190.0, 187.70, 182.96, 172.40 
190.0, 187.64, 183.10, 172.90 
194.0, 187.67, 183.28, 173.80 
198.0, 187.75, 183.62, 179.00 
195.0, 187.80, 183.88, 183.10 
202.0, 187.92, 184.48, 187.80 
193.0, 187.95, 184.76, 189.70 
200.0, 188.01, 185.14, 192.30 
202.0, 188.09, 185.54, 194.20 
200.0, 188.17, 185.80, 196.40 
202.0, 188.27, 186.14, 197.60 
200.0, 188.35, 186.20, 198.60 
200.0, 188.45, 186.20, 199.20 
203.0, 188.58, 186.30, 199.70 
202.0, 188.70, 185.94, 200.40 
199.0, 188.79, 185.32, 200.10 
201.0, 188.91, 184.74, 200.90 
206.0, 188.99, 184.08, 201.50 
148.0, 188.99, 184.08, 196.10 
166.0, 188.95, 184.38, 192.70 
173.0, 189.20, 184.46, 189.80 
185.0, 189.50, 185.04, 188.30 
199.0, 189.87, 185.48, 188.20 
200.0, 190.07, 186.14, 187.90 
199.0, 190.17, 186.58, 187.60 
192.0, 190.25, 186.64, 186.90 
204.0, 190.39, 187.08, 187.20 
223.0, 190.70, 187.96, 188.90 
205.0, 190.81, 188.38, 194.60 
202.0, 190.89, 188.68, 198.20 
206.0, 191.01, 189.06, 201.50 
205.0, 191.19, 189.50, 203.50 
205.0, 191.29, 189.92, 204.10 
198.0, 191.23, 190.14, 203.90 
200.0, 191.19, 190.50, 204.00 
192.0, 191.10, 190.70, 204.00 
196.0, 190.77, 190.92, 203.20 
196.0, 190.35, 191.18, 200.50 
195.0, 189.86, 191.38, 199.50 
196.0, 189.28, 191.60, 198.90 
190.0, 188.64, 191.72, 197.30 
193.0, 188.03, 191.88, 196.10 
194.0, 187.43, 192.06, 195.00 
152.0, 187.43, 192.18, 190.40 
172.0, 187.55, 192.54, 187.60 
165.0, 187.64, 192.74, 184.90 
197.0, 187.95, 193.20, 185.00 
190.0, 188.12, 193.52, 184.40 
196.0, 188.29, 193.78, 184.50 
196.0, 188.45, 194.14, 184.50 
191.0, 188.56, 194.16, 184.60 
186.0, 188.59, 194.08, 183.90 
222.0, 188.96, 194.64, 186.70 
206.0, 189.21, 194.80, 192.10 
235.0, 189.74, 195.60, 198.40 
237.0, 190.39, 196.30, 205.60 
239.0, 190.99, 197.22, 209.80 
238.0, 191.56, 197.98, 214.60 
242.0, 192.16, 198.78, 219.20 
241.0, 192.70, 199.60, 223.70 
242.0, 193.27, 200.40, 228.80 
235.0, 193.65, 201.10, 233.70 
242.0, 194.07, 201.94, 235.70 
242.0, 194.51, 202.72, 239.30 
243.0, 194.74, 203.54, 240.10 
249.0, 194.93, 204.54, 241.30 
248.0, 195.11, 205.48, 242.20 
245.0, 195.17, 206.26, 242.90 
141.0, 195.10, 206.12, 232.80 
161.0, 195.20, 206.02, 224.80 
176.0, 195.27, 206.08, 218.20 
194.0, 195.65, 206.26, 214.10 
197.0, 195.85, 206.22, 209.60 
199.0, 196.17, 206.20, 205.30 
206.0, 196.46, 206.34, 201.60 
203.0, 196.60, 206.56, 197.00 
201.0, 196.79, 206.50, 192.30 
205.0, 197.05, 206.14, 188.30 
202.0, 197.23, 206.08, 194.40 
211.0, 197.47, 206.26, 199.40 
223.0, 197.83, 206.60, 204.10 
219.0, 198.19, 206.88, 206.60 
218.0, 198.53, 207.14, 208.70 
217.0, 198.83, 207.52, 210.50 
217.0, 199.18, 207.86, 211.60 
219.0, 199.55, 208.40, 213.20 
214.0, 199.84, 208.76, 214.50 
211.0, 200.12, 209.06, 215.10 
214.0, 200.41, 209.44, 216.30 
229.0, 200.85, 210.10, 218.10 
216.0, 201.17, 210.62, 217.40 
214.0, 201.46, 211.04, 216.90 
219.0, 201.80, 211.54, 217.00 
163.0, 201.97, 211.76, 211.60 
184.0, 202.27, 212.00, 208.30 
189.0, 202.61, 212.48, 205.30 
221.0, 203.08, 212.96, 206.00 
223.0, 203.57, 213.62, 207.20 
227.0, 204.01, 214.24, 208.50 
235.0, 204.58, 215.02, 209.10 
234.0, 205.02, 215.88, 210.90 
238.0, 205.50, 216.92, 213.30 
238.0, 205.94, 217.24, 215.20 
234.0, 206.30, 217.80, 222.30 
240.0, 206.75, 217.90, 227.90 
231.0, 207.04, 217.78, 232.10 
234.0, 207.45, 217.68, 233.40 
234.0, 207.79, 217.60, 234.50 
240.0, 208.17, 217.56, 235.80 
249.0, 208.66, 217.72, 237.20 
240.0, 209.04, 217.68, 237.80 
239.0, 209.43, 217.76, 237.90 
246.0, 209.89, 217.84, 238.70 
241.0, 210.27, 217.82, 239.40 
233.0, 210.58, 217.62, 238.70 
235.0, 210.94, 217.34, 239.10 
234.0, 211.27, 217.06, 239.10 
246.0, 211.67, 217.08, 240.30 
140.0, 211.59, 217.06, 230.30 
177.0, 211.70, 217.38, 223.10 
226.0, 212.23, 218.38, 221.70 
224.0, 212.62, 218.98, 220.20 
227.0, 212.90, 219.58, 218.30 
238.0, 213.28, 220.36, 218.00 
230.0, 213.59, 220.84, 217.70 
230.0, 213.97, 221.38, 217.20 
224.0, 214.17, 221.84, 216.20 
240.0, 214.34, 222.54, 215.60 
248.0, 214.77, 223.46, 226.40 
244.0, 215.19, 224.12, 233.10 
243.0, 215.56, 224.52, 234.80 
250.0, 216.01, 225.14, 237.40 
247.0, 216.43, 225.72, 239.40 
252.0, 216.97, 226.42, 240.80 
242.0, 217.39, 226.92, 242.00 
242.0, 217.89, 227.38, 243.20 
243.0, 218.36, 227.96, 245.10 
229.0, 218.69, 228.32, 244.00 
227.0, 219.01, 228.58, 241.90 
240.0, 219.45, 228.80, 241.50 
240.0, 219.95, 229.28, 241.20 
231.0, 220.33, 229.62, 239.30 
231.0, 220.70, 229.86, 237.70 
158.0, 220.76, 229.76, 228.30 
157.0, 220.61, 229.22, 219.80 
163.0, 220.59, 228.70, 211.90 
178.0, 220.40, 227.84, 205.40 
186.0, 220.36, 227.10, 201.10 
179.0, 220.19, 226.14, 196.30 
187.0, 220.10, 225.18, 191.00 
179.0, 219.98, 224.08, 184.90 
184.0, 219.96, 223.00, 180.20 
196.0, 219.70, 222.16, 176.70 
198.0, 219.62, 221.44, 180.70 
199.0, 219.26, 220.62, 184.90 
197.0, 218.86, 219.94, 188.30 
197.0, 218.44, 219.20, 190.20 
198.0, 218.04, 218.48, 191.40 
199.0, 217.61, 217.66, 193.40 
200.0, 217.20, 216.68, 194.70 
208.0, 216.86, 216.04, 197.60 
199.0, 216.50, 215.24, 199.10 
197.0, 216.05, 214.26, 199.20 
195.0, 215.58, 213.34, 198.90 
194.0, 215.09, 212.56, 198.40 
200.0, 214.60, 211.86, 198.70 
191.0, 214.03, 211.00, 198.10 
192.0, 213.50, 209.92, 197.50 
147.0, 213.56, 210.06, 192.30 
193.0, 213.88, 210.38, 191.60 
190.0, 214.02, 209.66, 189.80 
199.0, 214.07, 209.16, 189.80 
214.0, 214.24, 208.90, 191.50 
210.0, 214.35, 208.34, 193.00 
205.0, 214.34, 207.84, 194.10 
205.0, 214.36, 207.34, 194.60 
205.0, 214.40, 206.96, 196.00 
220.0, 214.55, 206.56, 198.80 
218.0, 214.71, 205.96, 205.90 
225.0, 214.85, 205.58, 209.10 
222.0, 214.84, 205.16, 212.30 
217.0, 214.82, 204.50, 214.10 
238.0, 215.02, 204.32, 216.50 
237.0, 215.22, 204.02, 219.20 
216.0, 215.21, 203.50, 220.30 
218.0, 215.20, 203.02, 221.60 
219.0, 215.25, 202.54, 223.00 
219.0, 215.33, 202.34, 222.90 
227.0, 215.46, 202.34, 223.80 
220.0, 215.37, 201.94, 223.30 
227.0, 215.48, 201.68, 223.80 
237.0, 215.71, 201.80, 225.80 
237.0, 215.89, 201.92, 225.70 
149.0, 215.75, 201.74, 216.90 
169.0, 215.60, 201.98, 212.20 
165.0, 215.36, 202.02, 206.90 
161.0, 214.76, 201.68, 201.10 
169.0, 214.22, 201.34, 196.10 
164.0, 213.59, 201.04, 189.80 
165.0, 212.89, 200.60, 184.30 
163.0, 212.18, 200.28, 177.90 
170.0, 211.50, 200.00, 171.20 
177.0, 210.89, 199.62, 165.20 
180.0, 210.35, 199.26, 168.30 
181.0, 209.76, 198.90, 169.50 
183.0, 209.28, 198.62, 171.30 
189.0, 208.83, 198.46, 174.10 
191.0, 208.40, 198.32, 176.30 
193.0, 207.93, 198.20, 179.20 
197.0, 207.41, 198.14, 182.40 
198.0, 206.99, 197.94, 185.90 
198.0, 206.58, 197.92, 188.70 
198.0, 206.10, 197.94, 190.80 
198.0, 205.67, 198.00, 192.60 
198.0, 205.32, 198.08, 194.30 
198.0, 204.95, 198.04, 195.80 
207.0, 204.68, 198.36, 197.60 
207.0, 204.29, 198.66, 199.20 
148.0, 204.37, 198.68, 194.70 
172.0, 204.32, 198.26, 192.20 
179.0, 203.85, 198.04, 190.30 
175.0, 203.36, 197.56, 188.00 
182.0, 202.91, 196.92, 186.40 
189.0, 202.42, 196.50, 185.50 
193.0, 202.05, 196.26, 185.00 
186.0, 201.61, 195.88, 183.80 
190.0, 201.27, 195.58, 182.10 
206.0, 200.93, 195.30, 182.00 
210.0, 200.55, 195.14, 188.20 
215.0, 200.26, 194.94, 192.50 
214.0, 199.97, 194.78, 196.00 
217.0, 199.64, 194.78, 200.20 
228.0, 199.45, 194.58, 204.80 
200.0, 198.93, 193.84, 205.90 
203.0, 198.54, 193.58, 206.90 
204.0, 198.16, 193.30, 208.70 
204.0, 197.77, 193.00, 210.10 
203.0, 197.51, 192.68, 209.80 
219.0, 197.43, 192.52, 210.70 
228.0, 197.31, 192.68, 212.00 
235.0, 197.26, 192.84, 214.10 
235.0, 197.30, 192.80, 215.90 
229.0, 197.28, 192.64, 216.00 
139.0, 197.09, 192.44, 209.90 
178.0, 197.30, 192.62, 207.40 
181.0, 197.48, 192.94, 205.10 
164.0, 197.34, 193.00, 201.10 
179.0, 197.27, 193.20, 198.70 
179.0, 197.27, 193.50, 194.70 
179.0, 197.19, 193.78, 189.80 
181.0, 197.21, 194.14, 184.40 
186.0, 197.23, 194.46, 179.50 
184.0, 197.11, 194.60, 175.00 
181.0, 196.94, 194.62, 179.20 
182.0, 196.77, 194.64, 179.60 
180.0, 196.60, 194.58, 179.50 
179.0, 196.42, 194.38, 181.00 
188.0, 196.32, 194.32, 181.90 
198.0, 196.31, 194.42, 183.80 
202.0, 196.33, 194.52, 186.10 
195.0, 196.20, 194.46, 187.50 
208.0, 196.29, 194.66, 189.70 
208.0, 196.40, 194.86, 192.10 
209.0, 196.54, 195.08, 194.90 
209.0, 196.69, 195.30, 197.60 
222.0, 196.91, 195.78, 201.80 
241.0, 197.41, 196.46, 208.00 
249.0, 197.98, 197.30, 214.10 
148.0, 197.99, 197.30, 209.10 
184.0, 197.90, 197.54, 207.30 
179.0, 197.79, 197.54, 205.70 
179.0, 197.59, 197.62, 202.80 
177.0, 197.22, 197.52, 199.70 
179.0, 196.91, 197.32, 196.70 
178.0, 196.64, 197.02, 193.60 
193.0, 196.52, 197.16, 190.70 
196.0, 196.43, 197.28, 186.20 
196.0, 196.19, 197.08, 180.90 
196.0, 195.97, 196.80, 185.70 
198.0, 195.70, 196.46, 187.10 
198.0, 195.46, 196.14, 189.00 
193.0, 195.22, 195.66, 190.40 
192.0, 194.76, 194.94, 191.90 
192.0, 194.31, 194.78, 193.20 
196.0, 194.11, 194.64, 195.00 
195.0, 193.88, 194.46, 195.20 
196.0, 193.65, 194.30, 195.20 
200.0, 193.46, 194.24, 195.60 
200.0, 193.19, 193.86, 196.00 
200.0, 192.99, 193.30, 196.20 
200.0, 192.72, 192.60, 196.40 
200.0, 192.35, 191.90, 197.10 
200.0, 191.98, 191.32, 197.90 
169.0, 192.18, 191.92, 195.60 
162.0, 192.11, 191.60, 192.20 
175.0, 192.21, 191.48, 190.20 
181.0, 192.41, 191.82, 188.70 
169.0, 192.41, 191.62, 185.60 
164.0, 192.41, 191.32, 182.00 
167.0, 192.43, 191.08, 178.70 
179.0, 192.59, 191.04, 176.60 
182.0, 192.71, 190.96, 174.80 
182.0, 192.76, 190.92, 173.00 
184.0, 192.80, 190.98, 174.50 
184.0, 192.83, 191.02, 176.70 
184.0, 192.84, 191.10, 177.60 
181.0, 192.76, 191.14, 177.60 
187.0, 192.72, 191.12, 179.40 
212.0, 192.91, 191.40, 184.20 
201.0, 192.95, 191.38, 187.60 
198.0, 192.95, 191.44, 189.50 
201.0, 192.98, 191.30, 191.40 
208.0, 193.08, 191.30, 194.00 
218.0, 193.28, 191.48, 197.40 
203.0, 193.33, 191.36, 199.30 
214.0, 193.49, 191.20, 202.30 
239.0, 193.81, 191.16, 208.10 
232.0, 194.06, 190.82, 212.60 
181.0, 194.39, 191.48, 209.50 
153.0, 194.20, 190.86, 204.70 
166.0, 194.07, 190.60, 201.50 
174.0, 194.06, 190.50, 198.80 
187.0, 194.11, 190.70, 196.70 
171.0, 193.93, 190.54, 192.00 
175.0, 193.75, 190.48, 189.20 
195.0, 193.84, 190.52, 187.30 
195.0, 193.89, 190.50, 182.90 
199.0, 193.82, 190.56, 179.60 
207.0, 193.79, 190.78, 182.20 
199.0, 193.63, 190.80, 186.80 
199.0, 193.48, 190.82, 190.10 
199.0, 193.30, 190.94, 192.60 
209.0, 193.11, 191.28, 194.80 
213.0, 193.24, 191.70, 199.00 
214.0, 193.35, 192.06, 202.90 
213.0, 193.44, 192.42, 204.70 
200.0, 193.40, 192.50, 205.20 
208.0, 193.45, 192.66, 206.10 
209.0, 193.35, 192.84, 206.30 
208.0, 193.15, 193.00, 207.20 
198.0, 192.78, 192.96, 207.10 
198.0, 192.41, 192.92, 207.00 
199.0, 192.11, 192.90, 206.00 
168.0, 192.40, 192.88, 201.50 
150.0, 192.12, 192.64, 195.10 
168.0, 191.99, 192.50, 190.60 
178.0, 192.13, 192.44, 188.40 
177.0, 192.11, 192.60, 185.30 
180.0, 192.12, 192.92, 182.40 
178.0, 192.11, 193.14, 179.40 
186.0, 192.16, 193.28, 178.20 
181.0, 192.11, 193.26, 176.50 
184.0, 192.11, 193.30, 175.00 
188.0, 192.18, 193.38, 177.00 
195.0, 192.31, 193.60, 181.50 
195.0, 192.46, 193.82, 184.20 
192.0, 192.59, 194.04, 185.60 
195.0, 192.66, 194.20, 187.40 
195.0, 192.63, 193.86, 188.90 
190.0, 192.51, 193.64, 190.10 
195.0, 192.51, 193.58, 191.00 
195.0, 192.38, 193.46, 192.40 
195.0, 192.25, 193.20, 193.50 
195.0, 192.11, 192.74, 194.20 
192.0, 191.94, 192.52, 193.90 
197.0, 191.69, 192.18, 194.10 
200.0, 191.28, 191.40, 194.90 
193.0, 190.72, 190.62, 194.70 
156.0, 190.80, 190.12, 190.80 
148.0, 190.44, 190.02, 186.60 
169.0, 190.34, 190.08, 184.00 
154.0, 190.09, 189.68, 179.90 
182.0, 190.14, 189.58, 178.60 
181.0, 190.16, 189.78, 177.20 
186.0, 190.24, 190.00, 176.60 
203.0, 190.34, 190.16, 177.20 
206.0, 190.44, 190.38, 177.80 
208.0, 190.56, 190.56, 179.30 
223.0, 190.83, 190.88, 186.00 
222.0, 191.07, 191.34, 193.40 
197.0, 191.06, 191.30, 196.20 
197.0, 191.10, 191.26, 200.50 
222.0, 191.40, 191.52, 204.50 
240.0, 191.88, 192.06, 210.40 
247.0, 192.39, 192.72, 216.50 
247.0, 192.91, 193.40, 220.90 
244.0, 193.39, 194.28, 224.70 
256.0, 193.95, 195.24, 229.50 
255.0, 194.50, 196.16, 232.70 
256.0, 195.06, 197.12, 236.10 
256.0, 195.62, 198.28, 242.00 
256.0, 196.18, 199.44, 247.90 
256.0, 196.74, 200.58, 251.30 
141.0, 196.46, 200.04, 241.40 
183.0, 196.67, 200.70, 235.00 
180.0, 196.72, 200.94, 228.30 
183.0, 196.74, 201.04, 222.20 
197.0, 197.02, 201.44, 216.30 
191.0, 197.29, 201.66, 209.90 
194.0, 197.56, 201.98, 203.70 
194.0, 197.71, 202.14, 197.50 
195.0, 197.84, 202.42, 191.40 
196.0, 197.98, 202.66, 185.40 
196.0, 198.10, 202.82, 190.90 
195.0, 198.21, 202.82, 192.10 
197.0, 198.34, 202.86, 193.80 
193.0, 198.46, 202.88, 194.80 
194.0, 198.53, 202.86, 194.50 
194.0, 198.35, 202.84, 194.80 
195.0, 198.29, 202.94, 194.90 
196.0, 198.27, 202.96, 195.10 
198.0, 198.24, 203.02, 195.40 
196.0, 198.12, 203.04, 195.40 
198.0, 197.92, 203.10, 195.60 
232.0, 198.21, 203.90, 199.30 
244.0, 198.51, 204.84, 204.00 
243.0, 198.55, 205.70, 209.00 
243.0, 198.66, 206.70, 213.90 
152.0, 198.37, 206.62, 209.70 
150.0, 198.34, 206.66, 205.20 
164.0, 198.32, 206.56, 202.00 
166.0, 198.24, 206.80, 198.80 
180.0, 198.17, 206.76, 197.20 
180.0, 198.26, 206.74, 195.40 
178.0, 198.29, 206.58, 190.00 
176.0, 198.10, 206.04, 183.20 
176.0, 197.91, 205.44, 176.50 
176.0, 197.68, 204.80, 169.80 
176.0, 197.37, 203.86, 172.20 
176.0, 197.14, 202.94, 174.80 
176.0, 196.91, 202.52, 176.00 
177.0, 196.69, 202.12, 177.10 
177.0, 196.37, 201.22, 176.80 
178.0, 196.02, 199.98, 176.60 
178.0, 195.66, 198.60, 176.60 
175.0, 195.28, 197.16, 176.50 
175.0, 195.03, 195.78, 176.40 
175.0, 194.70, 194.16, 176.30 
175.0, 194.36, 192.56, 176.20 
178.0, 194.06, 191.00, 176.40 
181.0, 193.89, 189.50, 176.90 
181.0, 193.72, 188.00, 177.30 
180.0, 193.53, 186.48, 177.60 
138.0, 193.23, 186.42, 173.60 
144.0, 193.17, 185.64, 170.20 
152.0, 193.01, 185.08, 167.90 
174.0, 192.97, 184.90, 167.80 
167.0, 192.87, 184.30, 167.00 
183.0, 192.90, 184.14, 167.80 
183.0, 192.95, 183.92, 168.30 
186.0, 192.95, 183.76, 168.80 
190.0, 193.04, 183.66, 169.70 
191.0, 193.11, 183.56, 170.80 
189.0, 193.12, 183.42, 175.90 
191.0, 193.08, 183.34, 180.60 
189.0, 193.02, 183.18, 184.30 
194.0, 193.04, 183.20, 186.30 
192.0, 193.01, 183.16, 188.80 
192.0, 192.98, 183.12, 189.70 
192.0, 193.00, 183.06, 190.60 
188.0, 192.93, 182.90, 190.80 
188.0, 192.86, 182.70, 190.60 
192.0, 192.83, 182.62, 190.70 
188.0, 192.76, 182.42, 190.60 
184.0, 192.68, 181.46, 189.90 
189.0, 192.60, 180.36, 189.90 
189.0, 192.49, 179.28, 189.40 
188.0, 192.44, 178.18, 189.00 
108.0, 191.96, 177.30, 180.60 
117.0, 191.65, 176.64, 173.10 
136.0, 191.32, 176.08, 167.90 
139.0, 191.17, 175.54, 163.00 
137.0, 190.72, 174.68, 157.50 
148.0, 190.39, 174.04, 153.50 
153.0, 190.06, 173.54, 150.40 
145.0, 189.48, 172.92, 146.00 
163.0, 189.05, 172.66, 143.40 
161.0, 188.58, 172.36, 140.70 
159.0, 187.94, 172.02, 145.80 
161.0, 187.33, 171.72, 150.20 
161.0, 186.97, 171.42, 152.70 
175.0, 186.75, 171.38, 156.30 
176.0, 186.29, 171.36, 160.20 
166.0, 185.55, 171.12, 162.00 
183.0, 184.91, 171.22, 165.00 
177.0, 184.21, 171.26, 168.20 
180.0, 183.57, 171.36, 169.90 
180.0, 182.81, 171.46, 171.80 
172.0, 181.98, 171.40, 173.10 
180.0, 181.22, 171.44, 175.00 
180.0, 180.46, 171.42, 176.90 
180.0, 179.70, 171.40, 177.40 
190.0, 179.04, 171.60, 178.80 
118.0, 178.81, 171.20, 174.00 
126.0, 178.24, 170.84, 168.30 
163.0, 178.07, 171.06, 166.90 
159.0, 177.83, 170.76, 164.80 
160.0, 177.46, 170.62, 162.80 
158.0, 177.13, 170.12, 161.40 
158.0, 176.77, 169.62, 159.20 
158.0, 176.41, 169.06, 157.00 
159.0, 176.05, 168.44, 154.90 
159.0, 175.68, 167.80, 151.80 
151.0, 175.23, 167.04, 155.10 
151.0, 174.79, 166.24, 157.60 
152.0, 174.34, 165.50, 156.50 
152.0, 173.93, 164.66, 155.80 
153.0, 173.52, 163.88, 155.10 
160.0, 173.18, 163.24, 155.30 
151.0, 172.74, 162.42, 154.60 
149.0, 172.27, 161.64, 153.70 
151.0, 171.80, 160.90, 152.90 
152.0, 171.36, 160.10, 152.20 
151.0, 170.89, 159.36, 152.20 
151.0, 170.08, 158.70, 152.20 
161.0, 169.25, 158.14, 153.10 
157.0, 168.39, 157.50, 153.60 
154.0, 167.50, 156.82, 153.70 
108.0, 167.06, 156.82, 148.50 
136.0, 166.92, 157.20, 147.00 
148.0, 166.76, 157.44, 146.90 
148.0, 166.58, 157.62, 146.60 
144.0, 166.22, 157.76, 145.80 
144.0, 165.86, 157.68, 145.10 
157.0, 165.65, 157.76, 145.70 
159.0, 165.48, 158.04, 145.50 
156.0, 165.28, 157.90, 145.40 
166.0, 165.18, 158.00, 146.60 
166.0, 165.08, 158.14, 152.40 
166.0, 164.98, 158.24, 155.40 
166.0, 164.88, 158.34, 157.20 
178.0, 164.89, 158.40, 160.20 
170.0, 164.82, 158.28, 162.80 
170.0, 164.74, 158.36, 165.40 
170.0, 164.66, 158.10, 166.70 
170.0, 164.61, 157.96, 167.80 
187.0, 164.73, 158.10, 170.90 
186.0, 164.84, 158.22, 172.90 
186.0, 164.95, 158.50, 174.90 
186.0, 165.03, 158.62, 176.90 
188.0, 165.10, 158.78, 179.10 
188.0, 165.17, 158.94, 180.10 
186.0, 165.23, 158.86, 181.70 
108.0, 164.93, 158.66, 175.50 
117.0, 164.66, 158.48, 170.20 
135.0, 164.49, 157.92, 166.70 
137.0, 164.12, 157.48, 161.70 
148.0, 163.93, 157.24, 157.90 
148.0, 163.58, 157.04, 154.10 
148.0, 163.23, 156.84, 150.30 
149.0, 162.86, 156.66, 146.40 
154.0, 162.50, 156.56, 143.00 
154.0, 162.13, 156.46, 139.80 
154.0, 161.78, 156.52, 144.40 
158.0, 161.45, 156.66, 148.50 
174.0, 161.30, 157.10, 152.40 
170.0, 161.06, 157.46, 155.70 
170.0, 160.84, 157.80, 157.90 
170.0, 160.62, 158.00, 160.10 
170.0, 160.40, 158.38, 162.30 
170.0, 160.22, 158.80, 164.40 
170.0, 160.04, 159.18, 166.00 
169.0, 159.81, 159.52, 167.50 
169.0, 159.62, 159.88, 169.00 
169.0, 159.47, 160.24, 170.10 
169.0, 159.27, 160.40, 169.60 
169.0, 159.07, 160.64, 169.50 
169.0, 158.88, 160.94, 169.40 
158.0, 159.38, 161.94, 168.20 
166.0, 159.87, 162.54, 167.80 
174.0, 160.25, 163.06, 168.20 
176.0, 160.62, 163.62, 168.80 
188.0, 161.13, 164.50, 170.70 
191.0, 161.56, 165.44, 172.90 
193.0, 161.96, 166.16, 175.30 
201.0, 162.52, 167.00, 178.50 
200.0, 162.89, 167.88, 181.60 
194.0, 163.22, 168.44, 184.10 
198.0, 163.61, 169.08, 188.10 
205.0, 164.05, 169.86, 192.00 
209.0, 164.53, 170.72, 195.50 
200.0, 164.78, 171.16, 197.90 
199.0, 165.01, 171.74, 199.00 
198.0, 165.33, 172.30, 199.70 
198.0, 165.48, 172.86, 200.20 
197.0, 165.68, 173.40, 199.80 
199.0, 165.87, 173.64, 199.70 
199.0, 166.06, 173.90, 200.20 
199.0, 166.33, 174.16, 200.30 
199.0, 166.52, 174.42, 199.70 
203.0, 166.75, 174.72, 199.10 
222.0, 167.17, 175.40, 201.30 
221.0, 167.48, 176.10, 203.50 
173.0, 168.03, 177.40, 201.00 
160.0, 168.37, 178.26, 197.20 
165.0, 168.39, 178.86, 194.00 
176.0, 168.56, 179.64, 191.70 
170.0, 168.66, 180.08, 188.80 
184.0, 168.92, 180.80, 187.30 
190.0, 169.24, 181.64, 186.40 
218.0, 169.84, 183.02, 187.90 
203.0, 170.28, 184.00, 186.00 
187.0, 170.56, 184.66, 182.60 
191.0, 170.96, 185.40, 184.40 
189.0, 171.34, 186.02, 187.30 
193.0, 171.75, 186.40, 190.10 
193.0, 172.16, 186.86, 191.80 
193.0, 172.56, 187.32, 194.10 
192.0, 172.88, 187.76, 194.90 
190.0, 173.27, 188.16, 194.90 
190.0, 173.68, 188.56, 192.10 
190.0, 174.07, 188.96, 190.80 
206.0, 174.61, 189.70, 192.70 
204.0, 175.14, 190.40, 194.00 
204.0, 175.67, 191.10, 195.50 
207.0, 176.13, 191.86, 196.90 
205.0, 176.61, 192.58, 198.10 
205.0, 177.12, 193.30, 199.30 
173.0, 177.77, 193.60, 197.40 
185.0, 178.26, 193.98, 196.90 
214.0, 178.92, 194.78, 199.30 
207.0, 179.51, 195.40, 201.00 
221.0, 180.28, 196.06, 202.50 
221.0, 181.05, 196.66, 204.20 
231.0, 181.79, 197.42, 206.90 
231.0, 182.51, 198.02, 209.30 
225.0, 183.20, 198.52, 211.30 
228.0, 183.82, 199.20, 213.60 
228.0, 184.44, 199.80, 219.10 
229.0, 185.07, 200.28, 223.50 
229.0, 185.70, 200.68, 225.00 
214.0, 186.06, 200.96, 225.70 
222.0, 186.58, 201.42, 225.80 
226.0, 187.14, 201.98, 226.30 
232.0, 187.76, 202.66, 226.40 
232.0, 188.38, 203.36, 226.50 
232.0, 188.83, 204.02, 227.20 
232.0, 189.29, 204.68, 227.60 
232.0, 189.75, 205.34, 228.00 
229.0, 190.18, 205.94, 228.00 
232.0, 190.62, 206.52, 228.30 
232.0, 191.06, 206.72, 230.10 
229.0, 191.49, 206.88, 230.80 
155.0, 191.96, 206.52, 223.70 
150.0, 192.29, 206.32, 215.50 
164.0, 192.58, 206.30, 208.70 
186.0, 193.07, 206.50, 204.10 
191.0, 193.50, 206.92, 200.00 
197.0, 193.99, 207.18, 196.50 
196.0, 194.47, 207.30, 193.20 
200.0, 194.98, 206.94, 190.00 
198.0, 195.42, 206.84, 186.60 
200.0, 195.88, 207.10, 183.70 
200.0, 196.34, 207.28, 188.20 
202.0, 196.78, 207.54, 193.40 
203.0, 197.07, 207.74, 197.30 
198.0, 197.35, 207.84, 198.50 
202.0, 197.67, 208.02, 199.60 
205.0, 198.02, 208.28, 200.40 
203.0, 198.35, 208.54, 201.10 
215.0, 198.80, 209.04, 202.60 
231.0, 199.41, 209.86, 205.90 
236.0, 200.08, 210.46, 209.50 
227.0, 200.66, 210.92, 212.20 
228.0, 201.25, 211.40, 214.80 
227.0, 201.83, 211.80, 217.20 
197.0, 202.11, 211.64, 217.10 
188.0, 202.30, 211.30, 215.70 
108.0, 201.80, 210.00, 206.00 
139.0, 201.53, 209.08, 199.60 
148.0, 201.27, 207.76, 192.90 
146.0, 200.97, 206.54, 184.40 
147.0, 200.56, 205.06, 175.50 
155.0, 200.20, 203.74, 168.30 
161.0, 199.88, 202.34, 161.60 
158.0, 199.45, 200.88, 154.70 
157.0, 199.02, 199.52, 150.70 
156.0, 198.64, 198.08, 147.50 
156.0, 198.22, 196.64, 152.30 
159.0, 197.76, 195.24, 154.30 
159.0, 197.26, 193.84, 155.40 
159.0, 196.85, 192.74, 156.70 
159.0, 196.45, 191.48, 157.90 
159.0, 196.06, 190.14, 158.30 
159.0, 195.67, 188.68, 158.10 
159.0, 195.29, 187.22, 158.20 
159.0, 194.89, 185.76, 158.40 
159.0, 194.49, 184.30, 158.70 
159.0, 194.09, 182.84, 159.00 
158.0, 193.68, 181.42, 158.90 
158.0, 193.23, 179.94, 158.80 
158.0, 192.59, 178.46, 158.70 
158.0, 191.96, 177.04, 158.60 
108.0, 191.31, 176.10, 153.50 
117.0, 190.88, 175.44, 149.30 
147.0, 190.70, 175.10, 148.10 
137.0, 190.31, 174.12, 145.90 
138.0, 189.99, 173.06, 143.80 
148.0, 189.63, 172.08, 142.70 
147.0, 189.20, 171.10, 141.60 
166.0, 188.68, 170.42, 142.40 
157.0, 188.22, 169.60, 142.30 
175.0, 188.10, 169.10, 144.00 
166.0, 187.85, 168.42, 149.80 
175.0, 187.71, 167.88, 155.60 
166.0, 187.44, 167.14, 157.50 
166.0, 187.17, 166.50, 160.40 
156.0, 186.80, 165.58, 162.20 
164.0, 186.52, 164.76, 163.80 
166.0, 186.28, 164.02, 165.70 
162.0, 186.00, 162.96, 165.30 
176.0, 185.86, 161.86, 167.20 
170.0, 185.50, 160.54, 166.70 
172.0, 185.18, 159.44, 167.30 
170.0, 184.84, 158.28, 166.80 
165.0, 184.42, 157.04, 166.70 
171.0, 184.08, 156.52, 167.20 
166.0, 183.69, 156.08, 168.20 
108.0, 183.04, 156.08, 162.60 
127.0, 182.46, 155.84, 158.70 
145.0, 181.77, 155.78, 157.00 
146.0, 181.16, 155.78, 154.00 
156.0, 180.51, 155.96, 152.60 
147.0, 179.77, 155.80, 150.10 
147.0, 178.93, 155.52, 147.80 
146.0, 178.08, 155.28, 145.90 
159.0, 177.42, 155.32, 144.70 
166.0, 176.80, 155.52, 144.70 
158.0, 176.10, 155.56, 149.70 
164.0, 175.45, 155.66, 153.40 
180.0, 174.96, 156.08, 156.90 
193.0, 174.75, 156.76, 161.60 
188.0, 174.41, 157.34, 164.80 
196.0, 174.11, 158.08, 169.70 
196.0, 173.75, 158.82, 174.60 
196.0, 173.39, 159.56, 179.60 
196.0, 173.03, 160.30, 183.30 
196.0, 172.67, 161.04, 186.30 
196.0, 172.31, 161.78, 190.10 
196.0, 171.98, 162.54, 193.30 
196.0, 171.62, 163.30, 194.90 
193.0, 171.23, 164.00, 194.90 
193.0, 170.87, 164.70, 195.40 
108.0, 170.40, 164.70, 186.60 
126.0, 170.16, 164.88, 179.60 
126.0, 169.78, 164.46, 172.60 
143.0, 169.35, 164.58, 167.30 
153.0, 168.97, 164.88, 163.00 
157.0, 168.57, 165.06, 159.10 
146.0, 168.07, 165.04, 154.10 
153.0, 167.60, 164.78, 149.80 
167.0, 167.29, 164.98, 147.20 
178.0, 167.07, 165.04, 145.70 
169.0, 166.76, 165.10, 151.80 
197.0, 166.71, 165.54, 158.90 
198.0, 166.66, 166.18, 166.10 
211.0, 166.79, 167.08, 172.90 
202.0, 166.79, 168.00, 177.80 
214.0, 166.88, 169.00, 183.50 
217.0, 167.02, 170.02, 190.60 
209.0, 166.96, 170.96, 196.20 
201.0, 166.66, 171.46, 199.60 
212.0, 166.42, 172.30, 203.00 
212.0, 166.27, 173.10, 207.30 
199.0, 165.98, 173.68, 207.50 
190.0, 165.61, 174.18, 206.70 
176.0, 165.40, 174.28, 203.20 
176.0, 165.28, 174.48, 200.60 
161.0, 165.81, 175.54, 195.30 
160.0, 166.02, 176.20, 189.60 
176.0, 166.30, 176.82, 186.30 
200.0, 166.84, 177.90, 186.20 
225.0, 167.62, 179.28, 187.50 
215.0, 168.22, 180.64, 187.80 
200.0, 168.61, 181.70, 187.90 
226.0, 169.29, 183.30, 191.50 
231.0, 170.03, 184.74, 197.00 
229.0, 170.76, 186.00, 202.30 
202.0, 171.22, 186.88, 206.40 
198.0, 171.61, 187.56, 210.20 
204.0, 172.06, 188.04, 213.00 
197.0, 172.44, 188.12, 212.70 
208.0, 172.93, 188.52, 211.00 
208.0, 173.42, 188.76, 210.30 
200.0, 173.83, 188.84, 210.30 
204.0, 174.28, 189.00, 208.10 
203.0, 174.72, 189.14, 205.30 
211.0, 175.24, 189.44, 203.50 
211.0, 175.76, 189.74, 204.40 
211.0, 176.29, 190.04, 205.70 
208.0, 176.79, 190.28, 206.10 
216.0, 177.37, 190.74, 208.00 
213.0, 177.92, 191.14, 208.50 
146.0, 178.30, 191.90, 202.30 
169.0, 178.82, 192.76, 199.20 
161.0, 178.96, 193.46, 194.90 
175.0, 179.34, 194.10, 192.10 
187.0, 179.83, 194.78, 189.70 
200.0, 180.35, 195.64, 188.60 
200.0, 180.88, 196.72, 187.50 
195.0, 181.17, 197.56, 186.20 
185.0, 181.45, 197.92, 183.10 
179.0, 181.49, 197.94, 179.70 
172.0, 181.55, 198.00, 182.30 
178.0, 181.58, 197.62, 183.20 
211.0, 182.03, 197.88, 188.20 
215.0, 182.52, 197.96, 192.20 
220.0, 183.16, 198.32, 195.50 
215.0, 183.67, 198.34, 197.00 
217.0, 184.18, 198.34, 198.70 
211.0, 184.67, 198.38, 200.30 
207.0, 184.98, 198.50, 202.50 
208.0, 185.36, 198.42, 205.40 
219.0, 185.83, 198.56, 210.10 
223.0, 186.36, 199.04, 214.60 
223.0, 186.94, 199.70, 215.80 
223.0, 187.46, 200.64, 216.60 
221.0, 188.01, 201.54, 216.70 
159.0, 188.52, 201.50, 211.10 
158.0, 188.83, 201.46, 205.20 
166.0, 189.04, 201.26, 200.70 
166.0, 189.24, 200.58, 196.60 
175.0, 189.43, 199.58, 193.30 
169.0, 189.65, 198.66, 188.30 
182.0, 190.00, 198.30, 184.20 
177.0, 190.31, 197.32, 179.60 
180.0, 190.52, 196.30, 175.30 
192.0, 190.78, 195.56, 172.40 
187.0, 191.07, 195.26, 175.20 
187.0, 191.30, 195.04, 178.10 
182.0, 191.32, 194.60, 179.70 
177.0, 191.16, 194.20, 180.80 
176.0, 191.04, 193.56, 180.90 
178.0, 190.86, 192.96, 181.80 
179.0, 190.69, 192.54, 181.50 
188.0, 190.61, 192.22, 182.60 
188.0, 190.53, 191.92, 183.40 
188.0, 190.45, 191.46, 183.00 
191.0, 190.40, 191.06, 183.40 
191.0, 190.35, 190.66, 183.80 
191.0, 190.30, 190.32, 184.70 
191.0, 190.28, 189.82, 186.10 
193.0, 190.28, 189.42, 187.80 
155.0, 190.75, 189.60, 185.50 
171.0, 191.20, 189.64, 184.70 
189.0, 191.83, 190.20, 184.80 
224.0, 192.64, 191.18, 188.40 
236.0, 193.47, 192.16, 193.20 
223.0, 194.13, 192.62, 196.40 
219.0, 194.86, 193.00, 199.20 
219.0, 195.52, 193.48, 202.00 
230.0, 196.15, 194.38, 205.90 
231.0, 196.68, 195.42, 209.70 
230.0, 197.29, 196.58, 217.20 
230.0, 197.62, 197.62, 223.10 
232.0, 197.96, 198.04, 227.40 
229.0, 198.14, 198.32, 227.90 
232.0, 198.44, 198.56, 227.50 
231.0, 198.61, 198.88, 228.30 
232.0, 198.76, 199.18, 229.60 
227.0, 198.94, 199.50, 230.40 
230.0, 199.23, 199.96, 230.40 
231.0, 199.42, 200.42, 230.40 
231.0, 199.61, 200.66, 230.50 
230.0, 199.92, 200.80, 230.50 
230.0, 200.32, 200.94, 230.30 
230.0, 200.86, 201.08, 230.40 
230.0, 201.40, 201.26, 230.20 
108.0, 200.87, 200.24, 217.90 
137.0, 200.64, 199.82, 208.40 
146.0, 200.34, 199.42, 200.30 
157.0, 199.91, 199.24, 193.00 
160.0, 199.26, 198.94, 185.90 
158.0, 198.69, 198.72, 178.60 
156.0, 198.25, 198.20, 171.20 
158.0, 197.57, 197.82, 164.00 
167.0, 196.93, 197.56, 157.70 
178.0, 196.42, 197.28, 152.50 
177.0, 196.17, 197.08, 159.40 
180.0, 195.99, 196.94, 163.70 
179.0, 195.74, 196.88, 167.00 
176.0, 195.53, 196.86, 168.90 
174.0, 195.19, 196.82, 170.30 
173.0, 194.84, 196.72, 171.80 
174.0, 194.58, 196.62, 173.60 
174.0, 194.28, 196.34, 175.20 
174.0, 193.99, 196.06, 175.90 
173.0, 193.61, 195.76, 175.40 
172.0, 193.22, 195.38, 174.90 
178.0, 192.89, 195.12, 174.70 
178.0, 192.59, 194.86, 174.60 
171.0, 192.14, 194.46, 174.10 
178.0, 191.79, 194.16, 174.50 
117.0, 191.50, 193.40, 168.90 
135.0, 191.16, 192.68, 165.00 
148.0, 191.03, 191.86, 162.40 
153.0, 190.81, 190.44, 160.30 
153.0, 190.47, 188.78, 158.30 
168.0, 190.15, 187.68, 157.90 
175.0, 189.90, 186.80, 157.60 
188.0, 189.83, 186.18, 158.60 
193.0, 189.91, 185.44, 160.80 
192.0, 190.04, 184.66, 162.20 
187.0, 190.19, 183.80, 169.20 
193.0, 190.34, 183.06, 175.00 
203.0, 190.26, 182.48, 180.50 
196.0, 190.07, 181.82, 184.80 
198.0, 189.85, 181.14, 189.30 
207.0, 189.77, 180.66, 193.20 
212.0, 189.72, 180.26, 196.90 
204.0, 189.65, 179.80, 198.50 
205.0, 189.63, 179.30, 199.70 
215.0, 189.70, 178.98, 202.00 
215.0, 189.66, 178.66, 204.80 
217.0, 189.60, 178.40, 207.20 
223.0, 189.60, 178.26, 209.20 
223.0, 189.60, 178.12, 211.90 
226.0, 189.65, 178.04, 214.70 
99.0, 189.05, 177.86, 203.90 
117.0, 188.64, 177.46, 194.40 
136.0, 188.34, 177.26, 187.60 
136.0, 188.04, 176.84, 180.70 
146.0, 187.75, 176.56, 173.80 
145.0, 187.51, 176.30, 166.80 
156.0, 187.25, 176.30, 160.70 
165.0, 187.13, 176.44, 154.90 
165.0, 186.98, 176.40, 149.10 
169.0, 186.75, 176.22, 143.40 
175.0, 186.63, 176.18, 151.00 
188.0, 186.64, 176.34, 158.10 
170.0, 186.52, 176.16, 161.50 
168.0, 186.43, 176.00, 164.70 
170.0, 186.37, 175.92, 167.10 
150.0, 186.09, 175.46, 167.60 
167.0, 185.97, 175.32, 168.70 
168.0, 185.77, 175.20, 169.00 
167.0, 185.56, 175.06, 169.20 
180.0, 185.48, 175.20, 170.30 
179.0, 185.36, 175.34, 170.70 
179.0, 185.24, 175.36, 169.80 
188.0, 185.21, 175.56, 171.60 
179.0, 185.09, 175.72, 172.70 
188.0, 185.04, 175.92, 174.50 
99.0, 184.48, 175.56, 169.40 
117.0, 183.94, 175.20, 164.40 
136.0, 183.41, 174.96, 161.20 
144.0, 182.61, 174.78, 158.90 
153.0, 181.78, 174.78, 156.20 
153.0, 181.08, 174.48, 153.60 
155.0, 180.44, 174.08, 151.20 
155.0, 179.80, 173.42, 147.90 
153.0, 179.03, 172.62, 145.30 
154.0, 178.26, 171.86, 141.90 
162.0, 177.58, 171.36, 148.20 
160.0, 176.88, 170.70, 152.50 
168.0, 176.24, 170.00, 155.70 
162.0, 175.57, 169.32, 157.50 
164.0, 174.89, 168.64, 158.60 
162.0, 174.20, 167.74, 159.50 
162.0, 173.50, 166.74, 160.20 
161.0, 172.84, 165.88, 160.80 
154.0, 172.08, 164.86, 160.90 
162.0, 171.39, 163.80, 161.70 
162.0, 170.70, 162.74, 161.70 
157.0, 169.97, 161.54, 161.40 
168.0, 169.35, 160.44, 161.40 
160.0, 168.65, 159.18, 161.20 
163.0, 167.98, 157.92, 161.10 
166.0, 168.56, 159.26, 161.50 
179.0, 168.98, 160.50, 163.20 
196.0, 169.48, 161.70, 166.70 
204.0, 169.95, 163.06, 171.70 
191.0, 170.26, 163.96, 174.60 
188.0, 170.56, 164.82, 177.20 
189.0, 170.89, 165.48, 180.40 
192.0, 171.23, 166.02, 182.80 
190.0, 171.46, 166.52, 185.80 
200.0, 171.68, 167.14, 189.50 
203.0, 171.94, 167.70, 193.20 
213.0, 172.27, 168.20, 196.60 
212.0, 172.60, 169.04, 198.20 
220.0, 173.04, 170.08, 199.80 
217.0, 173.47, 171.02, 202.40 
219.0, 173.93, 172.40, 205.50 
223.0, 174.42, 173.52, 208.90 
223.0, 174.91, 174.62, 212.00 
225.0, 175.42, 175.78, 215.50 
227.0, 175.96, 176.72, 218.20 
226.0, 176.50, 177.66, 220.50 
221.0, 176.93, 178.50, 221.30 
221.0, 177.36, 179.16, 222.20 
229.0, 177.94, 180.16, 223.10 
226.0, 178.42, 180.92, 224.00 
156.0, 178.81, 182.06, 217.70 
171.0, 179.17, 183.14, 212.50 
178.0, 179.47, 183.98, 208.00 
201.0, 179.95, 185.12, 205.60 
193.0, 180.35, 185.92, 202.20 
221.0, 180.88, 187.28, 201.70 
224.0, 181.37, 188.66, 202.00 
224.0, 181.73, 190.04, 202.30 
219.0, 181.99, 191.36, 201.30 
219.0, 182.26, 192.66, 200.60 
224.0, 182.63, 193.90, 207.40 
224.0, 182.94, 195.18, 212.70 
240.0, 183.31, 196.62, 218.90 
240.0, 183.75, 198.18, 222.80 
240.0, 184.17, 199.70, 227.50 
249.0, 184.59, 201.44, 230.30 
249.0, 184.96, 203.18, 232.80 
249.0, 185.41, 204.94, 235.30 
249.0, 185.85, 206.84, 238.30 
256.0, 186.26, 208.72, 242.00 
256.0, 186.67, 210.60, 245.20 
244.0, 186.94, 212.34, 247.20 
256.0, 187.27, 214.10, 248.80 
243.0, 187.47, 215.76, 249.10 
256.0, 187.77, 217.62, 250.70 
170.0, 188.48, 217.70, 242.80 
174.0, 189.05, 217.60, 235.30 
161.0, 189.30, 216.90, 226.50 
176.0, 189.70, 216.34, 219.20 
182.0, 190.06, 216.16, 211.80 
183.0, 190.44, 216.06, 204.50 
183.0, 190.71, 215.94, 198.40 
184.0, 190.90, 215.78, 191.20 
176.0, 191.01, 215.50, 184.50 
183.0, 191.15, 215.16, 177.20 
179.0, 191.19, 214.68, 178.10 
178.0, 191.09, 213.98, 178.50 
180.0, 191.19, 213.34, 180.40 
177.0, 191.28, 212.48, 180.50 
179.0, 191.37, 211.72, 180.20 
179.0, 191.66, 210.92, 179.80 
175.0, 191.74, 209.96, 179.00 
178.0, 191.84, 209.06, 178.40 
173.0, 191.90, 208.02, 178.10 
174.0, 191.84, 206.96, 177.20 
179.0, 191.84, 206.02, 177.20 
181.0, 191.86, 205.22, 177.50 
185.0, 191.83, 204.50, 178.00 
187.0, 191.91, 203.66, 179.00 
193.0, 191.96, 203.00, 180.40 
163.0, 192.60, 203.14, 178.80 
148.0, 192.91, 202.68, 176.10 
162.0, 193.17, 202.36, 174.50 
168.0, 193.41, 201.70, 174.00 
168.0, 193.56, 201.20, 173.40 
170.0, 193.73, 200.18, 172.50 
178.0, 193.96, 199.26, 172.20 
179.0, 194.20, 198.36, 171.60 
170.0, 194.37, 197.38, 169.90 
165.0, 194.48, 196.30, 167.10 
168.0, 194.54, 195.18, 167.60 
168.0, 194.62, 194.06, 169.60 
165.0, 194.59, 192.56, 169.90 
173.0, 194.70, 191.22, 170.40 
171.0, 194.77, 189.84, 170.70 
176.0, 194.91, 188.38, 171.30 
176.0, 195.05, 186.92, 171.10 
180.0, 195.24, 185.54, 171.20 
180.0, 195.50, 184.16, 172.20 
180.0, 195.68, 182.64, 173.70 
183.0, 195.89, 181.18, 175.20 
180.0, 196.12, 179.90, 176.40 
180.0, 196.24, 178.38, 177.90 
179.0, 196.43, 177.10, 178.50 
188.0, 196.68, 175.74, 180.20 
163.0, 196.65, 175.60, 178.90 
161.0, 196.47, 175.34, 177.40 
174.0, 196.25, 175.60, 176.80 
173.0, 195.94, 175.54, 176.10 
174.0, 195.77, 175.38, 175.50 
181.0, 195.70, 175.34, 175.30 
175.0, 195.56, 175.18, 174.80 
182.0, 195.46, 175.14, 175.00 
200.0, 195.56, 175.62, 177.10 
204.0, 195.60, 176.04, 178.70 
200.0, 195.57, 176.46, 182.40 
199.0, 195.43, 176.88, 186.20 
198.0, 195.29, 177.24, 188.60 
197.0, 195.06, 177.64, 191.00 
183.0, 194.72, 177.72, 191.90 
184.0, 194.37, 177.82, 192.20 
180.0, 193.94, 177.92, 192.70 
184.0, 193.55, 178.04, 192.90 
195.0, 193.25, 178.48, 192.40 
192.0, 192.90, 178.84, 191.20 
192.0, 192.56, 179.10, 190.40 
194.0, 192.29, 179.36, 189.90 
195.0, 192.03, 179.56, 189.60 
188.0, 191.62, 179.58, 188.70 
185.0, 191.21, 179.42, 188.90 
151.0, 191.16, 179.18, 185.60 
160.0, 191.05, 179.42, 183.60 
173.0, 191.00, 179.64, 182.50 
171.0, 190.70, 179.70, 180.10 
182.0, 190.59, 179.98, 179.10 
179.0, 190.17, 180.16, 177.80 
186.0, 189.79, 180.32, 177.00 
187.0, 189.42, 180.48, 176.20 
182.0, 189.05, 180.72, 175.60 
186.0, 188.72, 181.14, 175.70 
185.0, 188.33, 181.48, 179.10 
187.0, 187.96, 181.86, 181.80 
191.0, 187.47, 182.38, 183.60 
191.0, 186.98, 182.74, 185.60 
195.0, 186.53, 183.22, 186.90 
195.0, 185.99, 183.60, 188.50 
199.0, 185.49, 184.06, 189.80 
186.0, 184.86, 184.18, 189.70 
182.0, 184.19, 184.22, 189.70 
182.0, 183.45, 184.26, 189.30 
184.0, 182.73, 184.28, 189.20 
185.0, 182.14, 184.38, 189.00 
185.0, 181.43, 184.48, 188.40 
185.0, 180.85, 184.60, 187.80 
186.0, 180.15, 184.56, 186.90 
154.0, 179.99, 184.38, 182.80 
185.0, 180.10, 184.86, 181.40 
197.0, 180.46, 185.32, 182.50 
172.0, 180.42, 185.30, 181.50 
192.0, 180.52, 185.66, 182.50 
190.0, 180.59, 185.84, 183.10 
190.0, 180.66, 186.14, 183.60 
201.0, 180.83, 186.52, 185.20 
202.0, 181.09, 186.56, 186.90 
202.0, 181.28, 186.52, 188.50 
192.0, 181.41, 186.36, 192.30 
202.0, 181.65, 186.42, 194.00 
204.0, 181.89, 186.54, 194.70 
207.0, 182.19, 186.74, 198.20 
207.0, 182.47, 187.22, 199.70 
213.0, 182.81, 187.80, 202.00 
228.0, 183.34, 188.76, 205.80 
220.0, 183.76, 189.48, 207.70 
220.0, 184.23, 189.98, 209.50 
220.0, 184.69, 190.54, 211.30 
220.0, 185.10, 191.10, 214.10 
220.0, 185.49, 191.62, 215.90 
220.0, 185.84, 192.12, 217.50 
220.0, 186.17, 192.76, 218.80 
220.0, 186.44, 193.46, 220.10 
151.0, 186.32, 193.46, 213.90 
156.0, 186.40, 193.38, 206.70 
165.0, 186.43, 193.22, 201.20 
163.0, 186.38, 193.06, 195.50 
172.0, 186.42, 192.86, 190.70 
178.0, 186.50, 192.84, 186.50 
179.0, 186.51, 192.70, 182.40 
187.0, 186.59, 192.70, 179.10 
191.0, 186.80, 192.88, 176.20 
199.0, 187.14, 193.14, 174.10 
199.0, 187.45, 193.42, 178.90 
196.0, 187.73, 193.60, 182.90 
196.0, 188.04, 193.70, 186.00 
196.0, 188.27, 193.80, 189.30 
196.0, 188.52, 193.82, 191.70 
194.0, 188.70, 193.80, 193.30 
198.0, 188.92, 193.78, 195.20 
204.0, 189.16, 194.14, 196.90 
234.0, 189.70, 195.18, 201.20 
238.0, 190.28, 196.30, 205.10 
238.0, 190.83, 197.38, 209.00 
237.0, 191.40, 198.42, 213.10 
235.0, 191.95, 199.42, 217.00 
235.0, 192.51, 200.42, 220.90 
235.0, 192.98, 201.40, 224.80 
150.0, 192.85, 201.32, 220.40 
158.0, 192.82, 200.78, 216.40 
163.0, 192.71, 200.10, 212.30 
169.0, 192.67, 200.04, 205.80 
167.0, 192.60, 199.54, 198.70 
185.0, 192.64, 199.44, 193.40 
186.0, 192.75, 199.36, 188.30 
189.0, 192.82, 199.12, 183.70 
188.0, 192.70, 198.84, 179.00 
187.0, 192.53, 198.54, 174.20 
177.0, 192.30, 198.24, 176.90 
183.0, 192.14, 197.86, 179.40 
184.0, 192.00, 197.46, 181.50 
182.0, 191.85, 196.96, 182.80 
175.0, 191.77, 196.32, 183.60 
183.0, 191.76, 195.72, 183.40 
183.0, 191.79, 194.82, 183.10 
179.0, 191.74, 194.00, 182.10 
175.0, 191.54, 193.10, 180.80 
179.0, 191.41, 192.28, 180.00 
179.0, 191.28, 191.46, 180.20 
179.0, 191.13, 190.64, 179.80 
179.0, 190.97, 189.82, 179.30 
175.0, 190.84, 188.92, 178.60 
175.0, 190.74, 188.02, 178.60 
156.0, 190.79, 188.12, 175.90 
161.0, 190.80, 188.22, 173.70 
167.0, 190.74, 188.26, 172.50 
168.0, 190.71, 188.36, 171.80 
191.0, 190.80, 188.74, 173.00 
193.0, 190.94, 189.04, 174.40 
182.0, 190.90, 189.10, 174.70 
181.0, 190.84, 188.98, 174.90 
185.0, 190.87, 188.86, 175.90 
183.0, 190.84, 188.54, 176.70 
181.0, 190.80, 188.18, 179.20 
182.0, 190.75, 187.90, 181.30 
187.0, 190.71, 187.72, 183.30 
194.0, 190.74, 187.68, 185.90 
192.0, 190.71, 187.60, 186.00 
197.0, 190.73, 187.66, 186.40 
217.0, 190.91, 188.04, 189.90 
227.0, 191.32, 188.50, 194.50 
230.0, 191.80, 188.42, 199.00 
235.0, 192.33, 188.36, 204.20 
230.0, 192.79, 188.20, 209.10 
242.0, 193.36, 188.30, 215.10 
236.0, 193.87, 188.32, 220.00 
249.0, 194.51, 188.60, 225.50 
242.0, 195.07, 188.74, 230.50 
171.0, 195.24, 189.16, 227.90 
194.0, 195.33, 189.88, 225.60 
203.0, 195.39, 190.68, 223.20 
188.0, 195.55, 191.06, 219.00 
197.0, 195.60, 191.66, 215.20 
194.0, 195.64, 191.84, 211.60 
195.0, 195.69, 192.02, 206.90 
193.0, 195.61, 192.10, 202.60 
200.0, 195.59, 192.34, 197.70 
198.0, 195.55, 192.56, 193.30 
208.0, 195.71, 193.18, 197.00 
207.0, 195.76, 193.66, 198.30 
217.0, 195.89, 194.32, 199.70 
211.0, 195.93, 194.90, 202.00 
194.0, 195.80, 195.28, 201.70 
179.0, 195.46, 195.20, 200.20 
184.0, 195.02, 195.22, 199.10 
181.0, 194.63, 195.26, 197.90 
177.0, 194.20, 195.30, 195.60 
181.0, 193.81, 195.34, 193.90 
177.0, 193.38, 195.30, 190.80 
182.0, 193.00, 195.36, 188.30 
180.0, 192.60, 195.38, 184.60 
178.0, 192.18, 195.44, 181.30 
174.0, 191.72, 195.42, 179.30 
150.0, 191.71, 195.30, 176.40 
152.0, 191.67, 195.12, 173.20 
171.0, 191.73, 195.20, 172.20 
185.0, 191.95, 195.54, 173.00 
176.0, 191.99, 195.24, 172.50 
177.0, 191.98, 194.92, 172.50 
195.0, 192.14, 195.18, 173.80 
190.0, 192.17, 195.36, 174.80 
178.0, 192.04, 195.22, 174.80 
191.0, 191.96, 195.38, 176.50 
191.0, 191.88, 195.58, 180.60 
181.0, 191.73, 195.56, 183.50 
191.0, 191.68, 195.64, 185.50 
182.0, 191.54, 195.40, 185.20 
180.0, 191.38, 195.16, 185.60 
187.0, 191.31, 194.96, 186.60 
194.0, 191.27, 194.50, 186.50 
193.0, 191.16, 193.82, 186.80 
193.0, 190.75, 193.08, 188.30 
193.0, 190.30, 192.24, 188.50 
193.0, 189.85, 191.50, 188.70 
193.0, 189.41, 190.52, 189.90 
193.0, 188.99, 189.66, 190.10 
191.0, 188.55, 188.50, 191.00 
191.0, 188.11, 187.48, 192.10 
148.0, 188.09, 187.02, 188.20 
152.0, 188.03, 186.18, 184.00 
187.0, 188.27, 185.86, 183.40 
171.0, 188.29, 185.52, 181.20 
176.0, 188.38, 185.10, 179.50 
189.0, 188.42, 185.00, 179.10 
176.0, 188.32, 184.62, 177.40 
185.0, 188.28, 184.46, 176.60 
188.0, 188.28, 184.22, 176.30 
191.0, 188.32, 184.08, 176.30 
189.0, 188.44, 183.70, 180.40 
196.0, 188.57, 183.48, 184.80 
195.0, 188.68, 183.04, 185.60 
192.0, 188.78, 182.66, 187.70 
196.0, 188.99, 182.70, 189.70 
191.0, 189.07, 182.94, 189.90 
196.0, 189.20, 183.18, 191.90 
195.0, 189.36, 183.46, 192.90 
204.0, 189.65, 184.00, 194.50 
203.0, 189.89, 184.44, 195.70 
205.0, 190.15, 185.00, 197.30 
208.0, 190.44, 185.52, 198.50 
207.0, 190.72, 186.06, 199.70 
208.0, 191.05, 186.66, 201.30 
207.0, 191.37, 187.32, 202.40 
151.0, 191.32, 187.34, 198.40 
160.0, 191.31, 187.50, 194.80 
166.0, 191.30, 187.40, 191.90 
195.0, 191.57, 187.60, 191.00 
196.0, 191.62, 188.00, 190.30 
211.0, 191.80, 188.68, 190.90 
196.0, 191.94, 188.70, 189.70 
211.0, 192.24, 189.12, 190.10 
215.0, 192.54, 189.86, 190.80 
213.0, 192.84, 190.30, 191.40 
209.0, 193.12, 190.66, 197.20 
211.0, 193.41, 191.26, 202.30 
211.0, 193.65, 191.66, 206.80 
211.0, 193.82, 192.24, 208.40 
220.0, 194.10, 193.04, 210.80 
226.0, 194.39, 193.82, 212.30 
231.0, 194.53, 194.56, 215.80 
229.0, 194.55, 195.28, 217.60 
229.0, 194.54, 196.00, 219.00 
226.0, 194.45, 196.66, 220.30 
229.0, 194.44, 197.38, 222.30 
229.0, 194.31, 198.10, 224.10 
229.0, 194.24, 198.82, 225.90 
229.0, 194.04, 199.58, 227.70 
229.0, 193.91, 200.34, 228.60 
164.0, 193.84, 200.66, 222.40 
184.0, 193.74, 201.30, 217.70 
203.0, 193.74, 201.62, 215.10 
188.0, 193.74, 201.96, 211.00 
192.0, 193.69, 202.28, 207.60 
208.0, 193.83, 202.66, 205.50 
229.0, 194.17, 203.72, 205.50 
227.0, 194.51, 204.56, 205.30 
218.0, 194.69, 205.16, 204.20 
228.0, 194.99, 205.90, 204.10 
229.0, 195.20, 206.70, 210.60 
230.0, 195.43, 207.38, 215.20 
222.0, 195.48, 207.92, 217.10 
222.0, 195.59, 208.52, 220.50 
220.0, 195.85, 209.00, 223.30 
220.0, 196.26, 209.58, 224.50 
201.0, 196.43, 209.68, 221.70 
204.0, 196.66, 209.86, 219.40 
204.0, 196.93, 209.86, 218.00 
202.0, 197.14, 209.84, 215.40 
203.0, 197.40, 209.80, 212.80 
240.0, 197.98, 210.44, 213.80 
238.0, 198.56, 211.06, 215.40 
247.0, 199.25, 211.84, 217.90 
239.0, 199.90, 212.48, 219.80 
150.0, 199.90, 212.46, 212.80 
140.0, 199.78, 212.06, 206.70 
154.0, 199.61, 211.82, 201.70 
181.0, 199.57, 211.54, 199.40 
179.0, 199.60, 211.20, 197.10 
201.0, 199.84, 211.00, 196.90 
188.0, 199.77, 210.84, 191.70 
210.0, 199.97, 210.82, 188.90 
237.0, 200.56, 211.26, 187.90 
244.0, 201.09, 211.88, 188.40 
246.0, 201.64, 212.62, 198.00 
241.0, 202.24, 213.22, 208.10 
240.0, 202.73, 213.80, 216.70 
238.0, 203.29, 214.34, 222.40 
238.0, 203.87, 214.70, 228.30 
238.0, 204.38, 214.94, 232.00 
238.0, 204.82, 215.08, 237.00 
241.0, 205.30, 215.32, 240.10 
244.0, 205.81, 215.62, 240.80 
254.0, 206.42, 216.18, 241.80 
254.0, 207.03, 216.68, 242.60 
249.0, 207.59, 217.08, 243.40 
254.0, 208.20, 217.58, 244.80 
249.0, 208.78, 217.98, 245.90 
247.0, 209.34, 218.34, 246.80 
137.0, 209.23, 217.80, 236.70 
143.0, 209.14, 216.98, 227.20 
167.0, 208.94, 216.26, 219.80 
171.0, 208.94, 215.92, 212.50 
174.0, 208.92, 215.56, 204.50 
160.0, 208.63, 214.60, 195.10 
179.0, 208.66, 213.60, 188.10 
181.0, 208.62, 212.68, 180.80 
188.0, 208.62, 212.08, 174.70 
184.0, 208.55, 211.20, 168.40 
188.0, 208.54, 210.38, 173.50 
188.0, 208.46, 209.54, 178.00 
189.0, 208.40, 208.88, 180.20 
189.0, 208.37, 208.22, 182.00 
190.0, 208.31, 207.62, 183.60 
201.0, 208.41, 207.24, 187.70 
186.0, 208.31, 206.94, 188.40 
186.0, 208.22, 206.58, 188.90 
192.0, 208.10, 206.34, 189.30 
190.0, 207.97, 206.10, 189.90 
191.0, 207.83, 205.86, 190.20 
198.0, 207.73, 205.02, 191.20 
204.0, 207.70, 204.34, 192.70 
198.0, 207.60, 203.36, 193.60 
197.0, 207.50, 202.52, 194.30 
159.0, 207.58, 202.70, 190.10 
156.0, 207.54, 203.02, 187.10 
162.0, 207.50, 203.18, 184.70 
162.0, 207.17, 202.80, 181.70 
190.0, 207.11, 203.02, 181.70 
178.0, 206.78, 202.56, 180.40 
189.0, 206.71, 202.58, 179.50 
179.0, 206.39, 201.96, 177.00 
194.0, 206.18, 201.10, 176.60 
185.0, 205.90, 199.92, 175.40 
196.0, 205.77, 198.92, 179.10 
198.0, 205.64, 198.06, 183.30 
196.0, 205.49, 197.18, 186.70 
195.0, 205.33, 196.32, 190.00 
194.0, 205.07, 195.44, 190.40 
201.0, 204.82, 194.70, 192.70 
195.0, 204.46, 193.84, 193.30 
195.0, 204.12, 192.92, 194.90 
192.0, 203.75, 191.88, 194.70 
195.0, 203.44, 190.70, 195.70 
191.0, 203.06, 189.44, 195.20 
192.0, 202.69, 188.30, 194.60 
192.0, 202.32, 187.06, 194.20 
198.0, 202.01, 186.04, 194.50 
197.0, 201.69, 185.04, 194.80 
157.0, 201.62, 185.44, 190.40 
157.0, 201.35, 185.72, 186.60 
170.0, 201.02, 185.78, 184.10 
184.0, 200.98, 186.04, 183.30 
200.0, 201.06, 186.56, 183.80 
199.0, 200.97, 187.34, 184.60 
196.0, 200.64, 187.68, 185.00 
191.0, 200.28, 187.88, 184.90 
192.0, 200.02, 187.96, 184.30 
195.0, 199.69, 188.18, 184.10 
186.0, 199.26, 188.14, 187.00 
189.0, 198.85, 188.16, 190.20 
181.0, 198.44, 188.00, 191.30 
179.0, 198.01, 187.80, 190.80 
191.0, 197.72, 187.82, 189.90 
187.0, 197.39, 187.54, 188.70 
186.0, 197.24, 187.54, 187.70 
187.0, 197.07, 187.56, 187.30 
202.0, 197.05, 187.76, 188.30 
192.0, 196.95, 187.80, 188.00 
193.0, 196.85, 187.84, 188.70 
191.0, 196.36, 187.70, 188.90 
187.0, 195.85, 187.36, 189.50 
190.0, 195.28, 187.20, 190.60 
187.0, 194.76, 187.00, 190.20 
160.0, 194.86, 187.02, 187.50 
168.0, 195.14, 187.26, 185.70 
175.0, 195.35, 187.52, 184.50 
185.0, 195.39, 187.98, 182.80 
176.0, 195.36, 187.70, 181.20 
168.0, 195.03, 187.50, 178.70 
169.0, 194.84, 187.10, 176.50 
172.0, 194.46, 186.96, 175.00 
177.0, 193.86, 186.62, 173.70 
176.0, 193.18, 186.44, 172.60 
178.0, 192.50, 186.08, 174.40 
178.0, 191.87, 185.68, 175.40 
180.0, 191.27, 185.36, 175.90 
175.0, 190.64, 184.96, 174.90 
174.0, 190.00, 184.56, 174.70 
176.0, 189.38, 184.06, 175.50 
174.0, 188.74, 183.64, 176.00 
173.0, 188.06, 183.20, 176.10 
175.0, 187.37, 182.86, 175.90 
174.0, 186.57, 182.44, 175.70 
177.0, 185.80, 182.16, 175.60 
180.0, 185.11, 181.92, 175.80 
185.0, 184.42, 181.78, 176.30 
185.0, 183.78, 181.52, 177.30 
176.0, 183.07, 181.10, 177.50 
147.0, 183.17, 180.90, 174.60 
149.0, 183.23, 180.74, 172.10 
164.0, 183.20, 180.62, 171.20 
166.0, 183.15, 180.26, 170.30 
188.0, 183.29, 180.02, 171.70 
191.0, 183.60, 179.86, 173.10 
194.0, 183.75, 179.82, 174.50 
195.0, 183.89, 179.90, 175.50 
186.0, 183.87, 179.78, 175.60 
194.0, 183.97, 179.76, 177.40 
191.0, 184.00, 179.86, 181.80 
195.0, 184.07, 179.98, 186.40 
202.0, 184.20, 180.40, 190.20 
194.0, 184.25, 180.70, 193.00 
198.0, 184.33, 180.84, 194.00 
194.0, 184.26, 180.98, 194.30 
197.0, 184.37, 181.20, 194.60 
196.0, 184.47, 181.38, 194.70 
200.0, 184.55, 181.34, 196.10 
191.0, 184.56, 181.32, 195.80 
191.0, 184.56, 181.28, 195.80 
191.0, 184.49, 181.28, 195.40 
191.0, 184.36, 181.36, 194.30 
192.0, 184.30, 181.40, 194.10 
193.0, 184.26, 181.52, 193.60 
169.0, 184.36, 181.70, 191.10 
196.0, 184.76, 182.26, 191.00 
211.0, 185.25, 182.98, 192.50 
203.0, 185.66, 183.34, 192.80 
197.0, 185.73, 183.76, 193.40 
221.0, 186.16, 184.82, 196.40 
241.0, 186.68, 186.26, 201.40 
245.0, 187.34, 187.72, 206.80 
245.0, 187.85, 189.08, 212.10 
222.0, 188.22, 190.00, 215.00 
222.0, 188.48, 190.88, 220.30 
222.0, 188.72, 191.76, 222.90 
222.0, 188.98, 192.60, 224.00 
222.0, 189.25, 193.54, 225.90 
224.0, 189.55, 194.54, 228.60 
223.0, 189.77, 195.48, 228.80 
220.0, 190.02, 196.40, 226.70 
222.0, 190.29, 197.38, 224.40 
224.0, 190.61, 198.36, 222.30 
227.0, 190.93, 199.42, 222.80 
225.0, 191.27, 200.38, 223.10 
226.0, 191.61, 201.30, 223.50 
221.0, 191.90, 202.02, 223.40 
227.0, 192.19, 202.86, 223.90 
227.0, 192.49, 203.88, 224.20 
154.0, 192.46, 204.02, 217.30 
178.0, 192.67, 204.60, 213.10 
188.0, 192.85, 205.08, 209.70 
178.0, 192.79, 205.32, 205.10 
185.0, 192.64, 205.26, 200.90 
198.0, 192.63, 205.40, 198.20 
192.0, 192.59, 205.36, 194.80 
203.0, 192.71, 205.52, 193.00 
199.0, 192.78, 205.78, 190.20 
192.0, 192.75, 205.74, 186.70 
204.0, 192.93, 206.00, 191.70 
198.0, 193.02, 206.06, 193.70 
202.0, 193.23, 206.06, 195.10 
207.0, 193.51, 206.32, 198.00 
207.0, 193.67, 206.50, 200.20 
207.0, 193.87, 206.76, 201.10 
207.0, 194.08, 206.96, 202.60 
207.0, 194.28, 207.18, 203.00 
205.0, 194.31, 207.28, 203.60 
205.0, 194.44, 207.56, 204.90 
205.0, 194.56, 207.84, 205.00 
205.0, 194.70, 208.12, 205.70 
205.0, 194.88, 208.40, 206.00 
205.0, 195.03, 208.66, 205.80 
205.0, 195.21, 208.90, 205.60 
160.0, 195.21, 208.72, 200.90 
150.0, 195.03, 207.80, 195.20 
170.0, 194.98, 206.98, 191.50 
183.0, 194.96, 206.58, 189.30 
183.0, 195.03, 206.30, 187.10 
183.0, 195.18, 205.54, 184.90 
182.0, 195.31, 204.36, 182.60 
189.0, 195.48, 203.24, 181.00 
185.0, 195.56, 202.04, 179.00 
187.0, 195.67, 201.34, 177.20 
191.0, 195.80, 200.72, 180.30 
190.0, 195.92, 200.08, 184.30 
194.0, 196.06, 199.52, 186.70 
184.0, 196.15, 198.76, 186.80 
205.0, 196.46, 198.38, 189.00 
226.0, 196.96, 198.44, 193.30 
240.0, 197.62, 198.84, 199.10 
235.0, 198.24, 199.10, 203.70 
234.0, 198.83, 199.30, 208.60 
240.0, 199.49, 199.56, 213.90 
240.0, 200.12, 199.86, 218.80 
240.0, 200.72, 200.14, 223.80 
247.0, 201.34, 200.66, 229.10 
247.0, 201.96, 201.06, 235.40 
248.0, 202.68, 201.48, 239.70 
166.0, 202.87, 201.72, 233.70 
160.0, 202.98, 201.36, 225.70 
160.0, 202.94, 200.80, 218.20 
179.0, 203.07, 200.82, 212.70 
177.0, 202.96, 200.66, 206.40 
191.0, 202.96, 200.52, 201.50 
199.0, 203.01, 200.66, 197.40 
204.0, 203.10, 200.68, 193.10 
222.0, 203.46, 201.14, 190.60 
224.0, 203.76, 201.78, 188.20 
224.0, 204.09, 202.18, 194.00 
224.0, 204.38, 202.70, 200.40 
224.0, 204.60, 203.14, 206.80 
224.0, 204.90, 203.48, 211.30 
217.0, 205.09, 203.68, 215.30 
217.0, 205.32, 203.88, 217.90 
224.0, 205.59, 204.22, 220.40 
224.0, 205.87, 204.56, 222.40 
224.0, 206.11, 204.94, 222.60 
220.0, 206.40, 205.24, 222.20 
217.0, 206.66, 205.48, 221.50 
206.0, 206.81, 205.50, 219.70 
203.0, 206.93, 205.46, 217.60 
208.0, 207.09, 205.52, 216.00 
210.0, 207.26, 205.62, 215.30 
169.0, 207.26, 205.80, 210.50 
182.0, 207.12, 206.44, 206.30 
220.0, 207.21, 207.44, 205.90 
219.0, 207.37, 208.16, 205.40 
217.0, 207.57, 208.84, 205.10 
234.0, 207.70, 209.86, 206.80 
241.0, 207.70, 211.04, 210.30 
237.0, 207.62, 212.00, 213.70 
222.0, 207.39, 212.74, 215.10 
215.0, 207.32, 213.30, 215.60 
233.0, 207.43, 214.14, 222.00 
237.0, 207.58, 215.08, 227.50 
239.0, 207.75, 215.98, 229.40 
247.0, 208.00, 217.24, 232.20 
253.0, 208.29, 218.20, 235.80 
253.0, 208.59, 218.74, 237.70 
207.0, 208.46, 218.08, 234.30 
207.0, 208.31, 217.52, 231.30 
203.0, 208.10, 216.90, 229.40 
216.0, 207.99, 216.42, 229.50 
207.0, 207.81, 215.76, 226.90 
201.0, 207.56, 214.98, 223.30 
196.0, 207.31, 213.96, 219.00 
205.0, 207.09, 213.12, 214.80 
205.0, 206.87, 212.26, 210.00 
148.0, 206.81, 211.90, 199.50 
139.0, 206.42, 211.48, 192.70 
160.0, 206.14, 211.48, 188.00 
178.0, 206.14, 211.46, 185.50 
177.0, 206.06, 211.46, 181.60 
175.0, 205.83, 211.14, 178.40 
174.0, 205.65, 210.64, 175.70 
176.0, 205.38, 210.08, 173.70 
189.0, 205.28, 209.42, 172.10 
189.0, 205.25, 208.72, 170.50 
189.0, 205.10, 208.02, 174.60 
189.0, 205.01, 207.32, 179.60 
189.0, 204.88, 206.62, 182.50 
194.0, 204.75, 206.02, 184.10 
190.0, 204.58, 205.48, 185.40 
194.0, 204.45, 205.02, 187.30 
194.0, 204.32, 204.42, 189.30 
194.0, 204.19, 203.82, 191.10 
194.0, 204.08, 203.22, 191.60 
191.0, 203.94, 202.64, 191.80 
191.0, 203.80, 202.12, 192.00 
191.0, 203.66, 201.82, 192.20 
191.0, 203.52, 201.58, 192.40 
191.0, 203.38, 201.24, 192.10 
191.0, 203.24, 200.86, 192.20 
138.0, 203.02, 200.24, 186.60 
146.0, 202.98, 199.52, 181.80 
160.0, 202.88, 198.32, 178.40 
174.0, 202.79, 197.42, 176.40 
175.0, 202.71, 196.58, 174.80 
165.0, 202.53, 195.20, 172.20 
179.0, 202.50, 193.96, 171.00 
181.0, 202.42, 192.84, 170.00 
180.0, 202.37, 192.00, 168.90 
180.0, 202.30, 191.30, 167.80 
181.0, 202.20, 190.26, 172.10 
185.0, 202.15, 189.22, 176.00 
188.0, 202.09, 188.20, 178.80 
188.0, 202.13, 187.02, 180.20 
184.0, 201.92, 185.64, 181.10 
186.0, 201.52, 184.30, 183.20 
193.0, 201.05, 184.02, 184.60 
190.0, 200.60, 183.68, 185.50 
195.0, 200.21, 183.52, 187.00 
193.0, 199.74, 183.06, 188.30 
193.0, 199.27, 182.78, 189.50 
194.0, 198.81, 182.64, 190.40 
193.0, 198.27, 182.58, 190.90 
192.0, 197.72, 182.32, 191.30 
193.0, 197.17, 182.08, 192.20 
167.0, 197.18, 182.46, 190.30 
162.0, 197.20, 182.92, 187.20 
174.0, 197.34, 183.20, 185.60 
186.0, 197.41, 183.36, 184.70 
186.0, 197.50, 183.54, 184.00 
191.0, 197.50, 183.86, 183.80 
202.0, 197.53, 184.42, 184.60 
202.0, 197.51, 184.94, 185.50 
204.0, 197.33, 185.24, 186.70 
206.0, 197.15, 185.58, 188.00 
204.0, 196.95, 185.88, 191.70 
202.0, 196.73, 186.14, 195.70 
220.0, 196.69, 186.76, 200.30 
220.0, 196.65, 187.28, 203.70 
228.0, 196.76, 188.04, 207.90 
213.0, 196.72, 188.42, 210.10 
216.0, 196.64, 188.86, 211.50 
213.0, 196.53, 189.24, 212.60 
229.0, 196.58, 189.94, 215.10 
225.0, 196.63, 190.62, 217.00 
