81.0, 81.00, 81.00, 81.00 
90.0, 85.50, 85.50, 85.50 
99.0, 90.00, 90.00, 90.00 
108.0, 94.50, 94.50, 94.50 
108.0, 97.20, 97.20, 97.20 
108.0, 99.00, 99.00, 99.00 
108.0, 100.29, 100.29, 100.29 
117.0, 102.38, 102.38, 102.38 
117.0, 104.00, 104.00, 104.00 
117.0, 105.30, 105.30, 105.30 
117.0, 106.36, 106.36, 108.90 
117.0, 107.25, 107.25, 111.60 
117.0, 108.00, 108.00, 113.40 
117.0, 108.64, 108.64, 114.30 
117.0, 109.20, 109.20, 115.20 
117.0, 109.69, 109.69, 116.10 
108.0, 109.59, 109.59, 116.10 
108.0, 109.50, 109.50, 115.20 
108.0, 109.42, 109.42, 114.30 
108.0, 109.35, 109.35, 113.40 
108.0, 109.29, 109.29, 112.50 
108.0, 109.23, 109.23, 111.60 
108.0, 109.17, 109.17, 110.70 
108.0, 109.12, 109.12, 109.80 
117.0, 109.44, 109.44, 109.80 
99.0, 109.04, 109.04, 108.00 
116.0, 109.30, 109.30, 108.80 
125.0, 109.86, 109.86, 110.50 
141.0, 110.93, 110.93, 113.80 
141.0, 111.93, 111.93, 117.10 
141.0, 112.87, 112.87, 120.40 
141.0, 113.75, 113.75, 123.70 
141.0, 114.58, 114.58, 127.00 
141.0, 115.35, 115.35, 130.30 
147.0, 116.26, 116.26, 133.30 
147.0, 117.11, 117.11, 138.10 
147.0, 117.92, 117.92, 141.20 
147.0, 118.68, 118.68, 143.40 
147.0, 119.41, 119.41, 144.00 
147.0, 120.10, 120.10, 144.60 
147.0, 120.76, 120.76, 145.20 
147.0, 121.38, 121.38, 145.80 
147.0, 121.98, 121.98, 146.40 
147.0, 122.55, 122.55, 147.00 
147.0, 123.09, 123.09, 147.00 
147.0, 123.61, 123.61, 147.00 
147.0, 124.11, 124.11, 147.00 
147.0, 124.58, 124.58, 147.00 
147.0, 125.04, 125.04, 147.00 
147.0, 125.48, 125.48, 147.00 
90.0, 124.78, 125.66, 141.30 
99.0, 124.29, 125.84, 136.50 
108.0, 123.98, 126.02, 132.60 
108.0, 123.69, 126.02, 128.70 
108.0, 123.40, 126.02, 124.80 
108.0, 123.12, 126.02, 120.90 
108.0, 122.86, 126.02, 117.00 
108.0, 122.60, 125.84, 113.10 
108.0, 122.36, 125.66, 109.20 
108.0, 122.12, 125.48, 105.30 
117.0, 122.03, 125.48, 108.00 
117.0, 121.95, 125.48, 109.80 
117.0, 121.87, 125.48, 110.70 
117.0, 121.80, 125.48, 111.60 
108.0, 121.58, 125.30, 111.60 
108.0, 121.38, 125.12, 111.60 
108.0, 121.18, 125.12, 111.60 
108.0, 120.99, 125.12, 111.60 
108.0, 120.80, 125.12, 111.60 
108.0, 120.61, 125.12, 111.60 
117.0, 120.56, 125.30, 111.60 
108.0, 120.39, 125.30, 110.70 
108.0, 120.22, 125.30, 109.80 
108.0, 120.05, 125.30, 108.90 
108.0, 119.89, 125.12, 108.90 
90.0, 119.50, 124.94, 107.10 
99.0, 119.23, 124.60, 106.20 
108.0, 119.09, 124.26, 106.20 
116.0, 119.05, 123.76, 107.00 
117.0, 119.03, 123.28, 107.90 
117.0, 119.00, 122.80, 107.90 
117.0, 118.98, 122.32, 108.80 
117.0, 118.95, 121.84, 109.70 
117.0, 118.93, 121.36, 110.60 
117.0, 118.91, 120.76, 111.50 
117.0, 118.88, 120.16, 114.20 
117.0, 118.86, 119.56, 116.00 
117.0, 118.84, 118.96, 116.90 
117.0, 118.82, 118.36, 117.00 
117.0, 118.80, 117.76, 117.00 
117.0, 118.78, 117.16, 117.00 
117.0, 118.76, 116.56, 117.00 
117.0, 118.74, 115.96, 117.00 
117.0, 118.72, 115.36, 117.00 
117.0, 118.71, 114.76, 117.00 
117.0, 118.69, 114.16, 117.00 
118.0, 118.68, 113.58, 117.10 
117.0, 118.66, 112.98, 117.10 
108.0, 118.56, 112.20, 116.20 
108.0, 118.45, 111.42, 115.30 
81.0, 118.45, 111.24, 111.70 
90.0, 118.45, 111.06, 109.00 
108.0, 118.54, 111.06, 108.10 
108.0, 118.54, 111.06, 107.20 
117.0, 118.63, 111.24, 107.20 
117.0, 118.72, 111.42, 107.20 
117.0, 118.81, 111.60, 107.10 
117.0, 118.81, 111.78, 107.10 
117.0, 118.81, 111.96, 108.00 
116.0, 118.80, 112.12, 108.80 
117.0, 118.80, 112.12, 112.40 
117.0, 118.80, 112.12, 115.10 
117.0, 118.80, 112.12, 116.00 
118.0, 118.81, 112.14, 117.00 
118.0, 118.82, 112.34, 117.10 
118.0, 118.83, 112.54, 117.20 
118.0, 118.93, 112.74, 117.30 
118.0, 119.03, 112.94, 117.40 
118.0, 119.13, 113.14, 117.50 
118.0, 119.23, 113.34, 117.70 
119.0, 119.34, 113.38, 117.90 
120.0, 119.46, 113.62, 118.20 
128.0, 119.66, 114.02, 119.30 
136.0, 119.94, 114.58, 121.10 
136.0, 120.13, 115.14, 122.90 
127.0, 120.41, 115.88, 123.80 
149.0, 120.74, 116.88, 126.90 
136.0, 120.85, 117.44, 128.70 
137.0, 120.81, 117.86, 130.60 
144.0, 120.84, 118.40, 133.20 
145.0, 120.88, 118.96, 135.80 
145.0, 120.92, 119.52, 138.30 
145.0, 120.96, 120.08, 140.00 
145.0, 121.00, 120.64, 140.90 
145.0, 120.98, 121.20, 141.80 
145.0, 120.96, 121.76, 143.60 
145.0, 120.94, 122.32, 143.20 
144.0, 120.91, 122.86, 144.00 
144.0, 120.88, 123.40, 144.70 
155.0, 120.96, 124.16, 145.80 
161.0, 121.10, 125.04, 147.40 
171.0, 121.34, 126.12, 150.00 
171.0, 121.58, 127.20, 152.60 
171.0, 121.82, 128.28, 155.20 
171.0, 122.06, 129.36, 157.80 
171.0, 122.30, 130.44, 160.40 
181.0, 122.64, 131.70, 164.00 
173.0, 122.90, 132.82, 166.90 
162.0, 123.05, 133.90, 168.70 
162.0, 123.20, 134.98, 169.40 
119.0, 123.49, 135.74, 165.20 
142.0, 123.92, 136.78, 162.30 
130.0, 124.14, 137.22, 158.20 
127.0, 124.33, 137.60, 153.80 
130.0, 124.55, 137.86, 149.70 
128.0, 124.75, 138.08, 145.40 
136.0, 125.03, 138.46, 140.90 
134.0, 125.29, 138.80, 137.00 
134.0, 125.55, 139.14, 134.20 
128.0, 125.75, 139.38, 130.80 
138.0, 125.96, 139.80, 132.70 
135.0, 126.14, 140.16, 132.00 
150.0, 126.47, 140.82, 134.00 
150.0, 126.80, 141.46, 136.30 
153.0, 127.25, 142.16, 138.60 
164.0, 127.81, 143.08, 142.20 
144.0, 128.17, 143.60, 143.00 
151.0, 128.60, 144.26, 144.70 
151.0, 129.03, 144.92, 146.40 
143.0, 129.38, 145.42, 147.90 
149.0, 129.70, 146.02, 149.00 
152.0, 130.14, 146.66, 150.70 
163.0, 130.69, 147.36, 152.00 
169.0, 131.30, 148.02, 153.90 
179.0, 132.01, 148.88, 156.50 
109.0, 132.20, 148.52, 151.00 
138.0, 132.59, 148.30, 150.40 
139.0, 132.90, 148.36, 149.20 
139.0, 133.13, 148.40, 148.00 
139.0, 133.35, 148.30, 147.60 
129.0, 133.47, 147.98, 145.60 
129.0, 133.59, 147.66, 143.30 
139.0, 133.81, 147.54, 140.90 
136.0, 134.00, 147.36, 137.60 
136.0, 134.19, 147.18, 133.30 
150.0, 134.52, 147.28, 137.40 
152.0, 134.87, 147.42, 138.80 
150.0, 135.20, 147.54, 139.90 
150.0, 135.53, 147.66, 141.00 
150.0, 135.86, 147.56, 142.10 
151.0, 136.20, 147.36, 144.30 
151.0, 136.54, 146.96, 146.50 
155.0, 136.92, 146.64, 148.10 
155.0, 137.30, 146.32, 150.00 
155.0, 137.68, 146.00, 151.90 
157.0, 138.08, 145.72, 152.60 
157.0, 138.47, 145.24, 153.10 
156.0, 138.86, 144.90, 153.70 
147.0, 139.25, 144.60, 153.40 
146.0, 139.63, 144.28, 153.00 
127.0, 140.09, 144.44, 150.60 
137.0, 140.56, 144.34, 149.20 
144.0, 140.92, 144.62, 148.10 
145.0, 141.29, 144.98, 147.10 
145.0, 141.57, 145.28, 146.10 
142.0, 141.82, 145.56, 144.60 
152.0, 142.17, 145.88, 144.10 
146.0, 142.46, 146.12, 143.10 
146.0, 142.75, 146.36, 143.00 
145.0, 143.04, 146.70, 142.90 
145.0, 143.32, 146.84, 144.70 
145.0, 143.60, 147.04, 145.50 
144.0, 143.87, 146.92, 145.50 
143.0, 144.12, 146.78, 145.30 
134.0, 144.28, 146.40, 144.20 
141.0, 144.51, 145.94, 144.10 
150.0, 144.83, 146.06, 143.90 
150.0, 145.15, 146.04, 144.30 
171.0, 145.68, 146.44, 146.80 
173.0, 146.23, 147.04, 149.60 
173.0, 146.77, 147.52, 152.40 
173.0, 147.30, 147.94, 155.20 
171.0, 147.73, 148.10, 157.90 
174.0, 148.11, 148.20, 161.00 
178.0, 148.53, 148.18, 165.40 
154.0, 148.80, 149.08, 166.70 
177.0, 149.08, 149.86, 169.40 
194.0, 149.66, 150.96, 173.80 
197.0, 150.26, 152.12, 176.40 
198.0, 150.80, 153.30, 178.90 
206.0, 151.41, 154.84, 182.20 
196.0, 151.92, 156.18, 184.50 
192.0, 152.39, 157.24, 186.60 
178.0, 152.72, 158.08, 187.00 
163.0, 152.90, 158.62, 185.50 
163.0, 153.08, 158.88, 186.40 
186.0, 153.49, 159.56, 187.30 
201.0, 154.06, 160.58, 188.00 
202.0, 154.64, 161.62, 188.50 
193.0, 155.02, 162.48, 188.00 
195.0, 155.36, 163.36, 186.90 
194.0, 155.59, 164.22, 186.70 
194.0, 155.82, 165.00, 186.90 
194.0, 156.05, 165.78, 188.50 
194.0, 156.28, 166.56, 191.60 
194.0, 156.51, 167.30, 194.70 
194.0, 156.64, 168.04, 195.50 
196.0, 156.87, 168.84, 195.00 
196.0, 157.21, 169.82, 194.40 
193.0, 157.52, 170.76, 194.40 
170.0, 158.03, 171.62, 191.90 
167.0, 158.28, 172.22, 189.20 
177.0, 158.75, 172.88, 187.50 
162.0, 159.10, 173.22, 184.30 
160.0, 159.40, 173.52, 180.90 
163.0, 159.75, 173.94, 177.80 
164.0, 160.03, 174.18, 174.80 
164.0, 160.33, 174.54, 171.60 
163.0, 160.62, 174.88, 168.30 
166.0, 161.00, 175.30, 165.60 
166.0, 161.28, 175.72, 165.20 
162.0, 161.55, 176.06, 164.70 
168.0, 161.73, 176.54, 163.80 
150.0, 161.73, 176.68, 162.60 
150.0, 161.70, 177.00, 161.60 
150.0, 161.56, 177.18, 160.30 
165.0, 161.77, 177.48, 160.40 
169.0, 161.95, 177.86, 160.90 
165.0, 162.09, 177.74, 161.10 
165.0, 162.31, 177.58, 161.00 
165.0, 162.47, 177.42, 160.90 
165.0, 162.60, 177.26, 161.20 
171.0, 162.68, 177.26, 161.50 
173.0, 162.72, 177.24, 163.80 
171.0, 162.64, 177.10, 165.90 
161.0, 163.16, 177.24, 167.00 
175.0, 163.53, 177.20, 168.00 
190.0, 164.04, 177.12, 170.10 
166.0, 164.31, 176.50, 170.20 
168.0, 164.60, 175.90, 170.50 
169.0, 165.00, 175.16, 170.90 
170.0, 165.41, 174.64, 171.40 
179.0, 165.81, 174.38, 172.20 
178.0, 166.23, 174.38, 172.70 
179.0, 166.66, 174.70, 173.50 
178.0, 166.94, 175.00, 175.20 
179.0, 167.21, 174.86, 175.60 
180.0, 167.51, 174.44, 174.60 
184.0, 167.85, 174.08, 176.40 
180.0, 168.15, 173.82, 177.60 
181.0, 168.45, 173.54, 178.80 
195.0, 168.89, 173.56, 181.30 
195.0, 169.29, 173.58, 182.90 
195.0, 169.69, 173.60, 184.60 
194.0, 170.08, 173.60, 186.10 
197.0, 170.48, 173.66, 188.00 
203.0, 170.94, 173.84, 190.40 
211.0, 171.49, 174.14, 193.50 
206.0, 172.08, 174.34, 195.70 
200.0, 172.62, 174.48, 197.70 
162.0, 172.97, 174.32, 195.80 
184.0, 173.44, 174.66, 194.70 
183.0, 173.83, 174.78, 193.50 
181.0, 174.19, 175.16, 192.10 
182.0, 174.56, 175.60, 190.90 
193.0, 175.07, 176.20, 190.50 
199.0, 175.54, 176.90, 190.10 
210.0, 176.18, 177.82, 190.00 
212.0, 176.84, 178.80, 190.60 
216.0, 177.55, 179.80, 192.20 
216.0, 178.26, 180.80, 197.60 
229.0, 179.10, 182.14, 202.10 
236.0, 180.02, 183.50, 207.40 
237.0, 180.96, 185.24, 213.00 
230.0, 181.92, 186.84, 217.80 
221.0, 182.72, 188.26, 220.60 
219.0, 183.41, 189.34, 222.60 
219.0, 184.10, 190.34, 223.50 
215.0, 184.54, 191.34, 223.80 
218.0, 184.99, 192.40, 224.00 
218.0, 185.44, 193.46, 224.20 
216.0, 185.87, 194.48, 222.90 
223.0, 186.39, 195.52, 221.60 
225.0, 186.90, 196.56, 220.40 
226.0, 187.38, 197.66, 220.00 
140.0, 187.24, 197.24, 211.90 
171.0, 187.18, 197.16, 207.10 
191.0, 187.15, 197.18, 204.30 
190.0, 187.08, 197.66, 201.80 
175.0, 186.85, 197.80, 197.50 
171.0, 186.50, 197.84, 192.80 
173.0, 186.27, 197.90, 188.50 
164.0, 185.99, 197.60, 182.60 
164.0, 185.85, 197.32, 176.50 
160.0, 185.82, 196.94, 169.90 
156.0, 185.75, 196.50, 171.50 
156.0, 185.45, 196.04, 170.00 
160.0, 185.04, 195.64, 166.90 
162.0, 184.64, 195.20, 164.10 
167.0, 184.38, 194.94, 163.30 
165.0, 184.08, 194.62, 162.70 
164.0, 183.78, 194.00, 161.80 
164.0, 183.48, 193.38, 161.80 
164.0, 183.18, 192.76, 161.80 
173.0, 182.97, 192.34, 163.10 
173.0, 182.76, 191.86, 164.80 
173.0, 182.55, 191.26, 166.50 
173.0, 182.32, 190.50, 167.80 
173.0, 182.09, 189.84, 168.90 
173.0, 181.89, 189.30, 169.50 
153.0, 181.72, 189.12, 168.30 
172.0, 181.77, 188.88, 169.10 
160.0, 181.60, 188.42, 168.70 
176.0, 181.74, 188.32, 169.90 
171.0, 181.85, 188.10, 169.70 
171.0, 181.93, 187.66, 169.50 
163.0, 181.92, 186.94, 168.50 
163.0, 181.91, 186.00, 167.50 
169.0, 181.97, 185.14, 167.10 
169.0, 182.00, 184.20, 166.70 
169.0, 182.03, 183.26, 168.30 
169.0, 182.10, 182.06, 168.00 
174.0, 182.16, 180.82, 169.40 
175.0, 182.41, 179.58, 169.30 
171.0, 182.62, 178.40, 169.30 
171.0, 182.83, 177.40, 169.30 
168.0, 182.86, 176.38, 169.80 
171.0, 182.88, 175.42, 170.60 
183.0, 183.06, 174.78, 172.00 
200.0, 183.41, 174.42, 175.10 
198.0, 183.74, 174.02, 178.00 
203.0, 184.12, 173.76, 181.40 
209.0, 184.50, 173.48, 184.90 
199.0, 184.76, 172.96, 187.30 
199.0, 185.04, 172.42, 190.10 
161.0, 185.04, 172.84, 189.10 
174.0, 185.03, 172.90, 189.70 
182.0, 184.95, 172.72, 190.80 
170.0, 184.99, 172.32, 189.50 
167.0, 184.98, 172.16, 186.20 
167.0, 184.96, 172.08, 183.10 
163.0, 184.89, 171.88, 179.10 
173.0, 184.83, 172.06, 175.50 
174.0, 184.79, 172.26, 173.00 
198.0, 184.98, 173.02, 172.90 
206.0, 185.26, 174.02, 177.40 
209.0, 185.56, 175.08, 180.90 
206.0, 185.82, 176.00, 183.30 
203.0, 186.01, 176.82, 186.60 
221.0, 186.42, 177.90, 192.00 
225.0, 186.86, 179.10, 197.80 
222.0, 187.13, 180.26, 203.70 
225.0, 187.43, 181.48, 208.90 
238.0, 187.86, 182.96, 215.30 
231.0, 188.23, 184.12, 218.60 
205.0, 188.31, 184.76, 218.50 
219.0, 188.47, 185.68, 219.50 
217.0, 188.53, 186.56, 220.60 
225.0, 188.72, 187.60, 222.80 
221.0, 188.93, 188.56, 222.80 
177.0, 189.08, 189.04, 218.00 
192.0, 189.16, 189.44, 215.00 
166.0, 188.99, 189.56, 209.10 
165.0, 188.83, 189.34, 201.80 
158.0, 188.59, 189.08, 194.50 
171.0, 188.37, 189.08, 191.10 
179.0, 188.17, 189.40, 187.10 
168.0, 187.75, 189.50, 182.20 
176.0, 187.39, 189.64, 177.30 
176.0, 186.99, 189.78, 172.80 
175.0, 186.58, 189.90, 172.60 
179.0, 186.08, 190.10, 171.30 
184.0, 185.56, 190.30, 173.10 
184.0, 185.03, 190.48, 175.00 
189.0, 184.62, 190.84, 178.10 
182.0, 184.23, 191.06, 179.20 
191.0, 183.95, 191.52, 180.40 
191.0, 183.67, 191.92, 182.70 
191.0, 183.43, 192.08, 184.20 
199.0, 183.24, 192.06, 186.50 
199.0, 183.05, 192.08, 188.90 
187.0, 182.76, 191.76, 189.70 
184.0, 182.37, 191.26, 189.70 
192.0, 182.04, 191.12, 190.50 
184.0, 181.62, 190.82, 190.00 
164.0, 181.86, 190.88, 188.20 
179.0, 181.94, 190.98, 187.00 
171.0, 181.74, 190.76, 185.00 
169.0, 181.53, 190.74, 182.80 
168.0, 181.46, 190.76, 179.70 
166.0, 181.41, 190.74, 176.40 
170.0, 181.38, 190.88, 174.70 
170.0, 181.44, 190.82, 173.30 
180.0, 181.60, 190.94, 172.10 
174.0, 181.74, 190.46, 171.10 
174.0, 181.92, 189.82, 172.10 
178.0, 182.14, 189.20, 172.00 
169.0, 182.23, 188.46, 171.80 
182.0, 182.43, 188.04, 173.10 
194.0, 182.70, 187.50, 175.70 
199.0, 183.04, 186.98, 179.00 
202.0, 183.42, 186.58, 182.20 
201.0, 183.79, 186.10, 185.30 
201.0, 184.16, 185.36, 187.40 
203.0, 184.46, 184.80, 190.30 
200.0, 184.73, 184.70, 192.90 
201.0, 185.01, 184.34, 195.20 
205.0, 185.33, 184.10, 198.80 
212.0, 185.72, 183.84, 201.80 
211.0, 186.10, 183.64, 203.50 
172.0, 186.29, 183.54, 200.80 
176.0, 186.33, 183.22, 198.20 
194.0, 186.67, 183.78, 197.50 
207.0, 186.98, 184.62, 198.10 
213.0, 187.40, 185.72, 199.10 
217.0, 187.86, 186.64, 200.80 
220.0, 188.43, 187.46, 202.70 
221.0, 189.01, 188.52, 204.30 
219.0, 189.51, 189.38, 205.00 
220.0, 190.02, 190.26, 205.90 
224.0, 190.57, 191.24, 211.10 
221.0, 191.09, 192.08, 215.60 
221.0, 191.56, 192.82, 218.30 
218.0, 191.99, 193.50, 219.40 
231.0, 192.59, 194.34, 221.20 
230.0, 193.18, 195.30, 222.50 
224.0, 193.74, 195.96, 222.90 
216.0, 194.19, 196.46, 222.40 
228.0, 194.64, 197.20, 223.30 
223.0, 194.87, 197.68, 223.60 
226.0, 195.15, 198.22, 223.80 
220.0, 195.32, 198.88, 223.70 
207.0, 195.30, 199.34, 222.30 
203.0, 195.34, 199.56, 220.80 
195.0, 195.30, 199.78, 217.20 
170.0, 195.39, 199.90, 211.20 
204.0, 195.69, 200.40, 209.20 
213.0, 196.00, 201.24, 208.90 
200.0, 196.30, 201.86, 206.10 
203.0, 196.66, 202.56, 204.10 
184.0, 196.83, 202.92, 199.90 
174.0, 196.94, 203.00, 195.30 
190.0, 197.11, 203.40, 193.60 
181.0, 197.18, 203.42, 191.40 
179.0, 196.99, 203.52, 189.80 
169.0, 196.62, 203.42, 189.70 
194.0, 196.47, 203.74, 188.70 
224.0, 196.65, 204.84, 189.80 
218.0, 196.80, 205.56, 191.60 
218.0, 196.77, 206.04, 193.10 
222.0, 196.74, 206.50, 196.90 
212.0, 196.64, 206.70, 200.70 
211.0, 196.50, 206.90, 202.80 
204.0, 196.16, 206.96, 205.10 
202.0, 195.87, 206.94, 207.40 
205.0, 195.87, 207.04, 211.00 
206.0, 195.74, 207.14, 212.20 
207.0, 195.64, 207.18, 210.50 
205.0, 195.44, 207.04, 209.20 
201.0, 195.24, 206.84, 207.50 
163.0, 195.10, 206.66, 201.60 
200.0, 195.18, 207.14, 200.40 
196.0, 195.48, 207.18, 198.90 
169.0, 195.52, 206.42, 195.40 
185.0, 195.79, 205.86, 193.70 
188.0, 195.96, 205.28, 192.00 
190.0, 196.07, 204.68, 190.40 
190.0, 196.29, 204.06, 188.70 
190.0, 196.43, 203.48, 187.20 
179.0, 196.46, 202.66, 185.00 
177.0, 196.48, 201.72, 186.40 
177.0, 196.46, 200.84, 184.10 
169.0, 196.31, 199.80, 181.40 
167.0, 196.14, 198.78, 181.20 
170.0, 195.95, 197.56, 179.70 
170.0, 195.83, 196.36, 177.90 
170.0, 195.62, 195.28, 175.90 
170.0, 195.41, 194.36, 173.90 
176.0, 195.26, 193.32, 172.50 
176.0, 195.03, 192.38, 172.20 
176.0, 194.80, 191.38, 172.10 
176.0, 194.69, 190.50, 172.00 
190.0, 194.75, 190.16, 174.10 
195.0, 194.78, 190.00, 176.90 
195.0, 194.89, 190.00, 179.40 
160.0, 194.85, 189.80, 178.40 
165.0, 194.71, 189.02, 177.90 
183.0, 194.83, 188.42, 179.20 
192.0, 195.06, 188.26, 180.80 
178.0, 195.16, 187.76, 181.00 
189.0, 195.39, 187.86, 182.30 
189.0, 195.58, 188.16, 183.60 
194.0, 195.82, 188.24, 184.00 
198.0, 196.00, 188.58, 184.30 
208.0, 196.34, 189.16, 185.60 
228.0, 196.88, 190.34, 192.40 
231.0, 197.41, 191.08, 199.00 
239.0, 198.11, 191.38, 204.60 
245.0, 198.74, 191.92, 209.90 
244.0, 199.24, 192.44, 216.50 
245.0, 199.70, 192.90, 222.10 
247.0, 200.15, 193.60, 227.90 
246.0, 200.60, 194.30, 233.10 
256.0, 201.15, 195.34, 238.90 
256.0, 201.68, 196.42, 243.70 
256.0, 202.24, 197.44, 246.50 
256.0, 202.79, 198.44, 249.00 
256.0, 203.30, 199.42, 250.70 
256.0, 203.74, 200.44, 251.80 
256.0, 204.19, 201.54, 253.00 
165.0, 204.12, 201.58, 245.00 
207.0, 204.43, 201.72, 241.00 
224.0, 204.73, 202.28, 238.80 
236.0, 205.02, 203.62, 236.80 
229.0, 205.18, 204.50, 234.10 
229.0, 205.30, 205.32, 231.40 
225.0, 205.35, 206.02, 228.30 
227.0, 205.41, 206.76, 225.40 
228.0, 205.50, 207.52, 222.60 
234.0, 205.64, 208.62, 220.40 
231.0, 205.71, 209.70, 227.00 
234.0, 205.84, 210.84, 229.70 
227.0, 205.90, 212.00, 230.00 
227.0, 205.99, 213.20, 229.10 
229.0, 205.97, 214.38, 229.10 
229.0, 205.96, 215.56, 229.10 
234.0, 206.06, 216.84, 230.00 
231.0, 206.21, 218.06, 230.40 
232.0, 206.25, 219.18, 230.80 
228.0, 206.30, 220.22, 230.20 
228.0, 206.32, 221.26, 229.90 
229.0, 206.41, 222.32, 229.40 
231.0, 206.65, 223.14, 229.80 
237.0, 206.99, 223.98, 230.80 
233.0, 207.37, 224.74, 231.20 
160.0, 207.27, 224.74, 224.30 
178.0, 207.01, 225.00, 218.70 
167.0, 206.55, 224.68, 212.30 
160.0, 206.15, 224.04, 205.10 
160.0, 205.72, 223.68, 198.30 
162.0, 205.50, 223.14, 191.70 
167.0, 205.43, 222.70, 185.50 
168.0, 205.21, 222.18, 179.20 
157.0, 204.97, 221.36, 171.20 
159.0, 204.77, 220.38, 163.80 
177.0, 204.85, 219.36, 165.50 
178.0, 204.69, 218.30, 165.50 
176.0, 204.21, 217.04, 166.40 
184.0, 203.87, 215.82, 168.80 
180.0, 203.49, 214.54, 170.80 
183.0, 203.10, 213.30, 172.90 
190.0, 202.88, 212.16, 175.20 
187.0, 202.64, 210.98, 177.10 
186.0, 202.46, 209.58, 180.00 
190.0, 202.34, 208.26, 183.10 
189.0, 202.18, 206.92, 184.30 
193.0, 202.05, 205.66, 185.80 
198.0, 201.96, 204.50, 188.00 
193.0, 201.84, 203.24, 188.90 
192.0, 201.75, 201.96, 190.10 
163.0, 201.75, 201.92, 188.10 
195.0, 201.70, 201.68, 188.60 
201.0, 201.75, 201.22, 190.00 
185.0, 201.91, 200.20, 189.90 
184.0, 201.90, 199.30, 189.30 
173.0, 201.75, 198.18, 187.70 
173.0, 201.58, 197.14, 185.70 
173.0, 201.41, 196.06, 183.20 
173.0, 201.24, 194.96, 181.20 
176.0, 201.21, 193.80, 179.60 
176.0, 201.20, 192.70, 180.90 
167.0, 201.10, 191.36, 178.10 
174.0, 201.15, 190.30, 175.40 
175.0, 201.23, 189.26, 174.40 
166.0, 201.19, 188.00, 172.60 
173.0, 201.22, 186.88, 172.60 
166.0, 201.18, 185.52, 171.90 
172.0, 201.20, 184.34, 171.80 
172.0, 201.16, 183.14, 171.70 
170.0, 201.10, 181.98, 171.10 
172.0, 201.06, 180.86, 170.70 
172.0, 201.02, 179.72, 171.20 
176.0, 200.88, 178.62, 171.40 
173.0, 200.66, 177.34, 171.20 
183.0, 200.54, 176.34, 172.90 
119.0, 200.13, 175.52, 167.50 
127.0, 199.75, 174.50, 163.60 
129.0, 199.21, 173.74, 159.30 
126.0, 198.55, 173.06, 154.70 
137.0, 198.14, 172.60, 151.40 
138.0, 197.63, 172.12, 148.00 
138.0, 197.12, 171.54, 144.60 
147.0, 196.65, 171.12, 141.70 
134.0, 196.01, 170.66, 137.80 
134.0, 195.27, 170.16, 132.90 
143.0, 194.42, 169.48, 135.30 
134.0, 193.45, 168.60, 136.00 
143.0, 192.49, 167.94, 137.40 
152.0, 191.56, 167.30, 140.00 
160.0, 190.72, 166.90, 142.30 
152.0, 189.79, 166.28, 143.70 
152.0, 188.84, 165.52, 145.10 
152.0, 187.90, 164.82, 145.60 
152.0, 186.86, 164.14, 147.40 
152.0, 185.82, 163.38, 149.20 
162.0, 184.88, 162.84, 151.10 
162.0, 183.94, 162.22, 153.90 
162.0, 183.00, 161.50, 155.80 
162.0, 182.06, 160.88, 156.80 
162.0, 181.12, 160.28, 157.00 
119.0, 180.66, 159.40, 153.70 
129.0, 179.88, 158.08, 151.40 
139.0, 179.03, 156.84, 150.10 
139.0, 178.06, 155.92, 148.80 
142.0, 177.19, 155.08, 147.80 
164.0, 176.54, 154.90, 148.00 
162.0, 175.91, 154.68, 148.00 
166.0, 175.30, 154.54, 148.40 
166.0, 174.68, 154.40, 148.80 
172.0, 174.06, 154.32, 149.80 
193.0, 173.68, 154.66, 157.20 
196.0, 173.30, 155.24, 163.90 
195.0, 172.98, 155.66, 169.50 
197.0, 172.68, 156.10, 175.30 
197.0, 172.36, 156.72, 180.80 
197.0, 172.04, 157.20, 184.10 
197.0, 171.67, 157.82, 187.60 
197.0, 171.33, 158.32, 190.70 
197.0, 170.98, 158.82, 193.80 
197.0, 170.67, 159.36, 196.30 
197.0, 170.36, 159.86, 196.70 
197.0, 170.04, 160.36, 196.80 
197.0, 169.70, 160.78, 197.00 
197.0, 169.30, 161.26, 197.00 
197.0, 168.94, 161.54, 197.00 
128.0, 168.62, 161.72, 190.10 
140.0, 168.24, 161.98, 184.40 
129.0, 167.86, 161.98, 177.60 
128.0, 167.54, 162.02, 170.70 
128.0, 167.22, 161.84, 163.80 
128.0, 166.88, 161.64, 156.90 
128.0, 166.49, 161.44, 150.00 
137.0, 166.18, 161.24, 144.00 
138.0, 165.99, 161.32, 138.10 
137.0, 165.77, 161.38, 132.10 
138.0, 165.38, 161.28, 133.10 
137.0, 164.97, 161.34, 132.80 
137.0, 164.58, 161.22, 133.60 
137.0, 164.11, 160.92, 134.50 
137.0, 163.68, 160.46, 135.40 
137.0, 163.22, 160.16, 136.30 
137.0, 162.69, 159.86, 137.20 
136.0, 162.18, 159.54, 137.10 
128.0, 161.60, 159.06, 136.10 
137.0, 161.07, 158.76, 136.10 
137.0, 160.55, 158.26, 136.00 
144.0, 160.06, 157.90, 136.70 
138.0, 159.46, 157.42, 136.80 
138.0, 158.91, 156.94, 136.90 
144.0, 158.43, 156.58, 137.60 
121.0, 158.01, 156.62, 136.00 
131.0, 157.37, 156.66, 135.40 
129.0, 156.65, 156.46, 134.70 
135.0, 156.15, 156.38, 135.40 
136.0, 155.67, 156.26, 135.30 
135.0, 155.29, 155.68, 135.10 
136.0, 154.92, 155.16, 134.30 
135.0, 154.54, 154.54, 134.00 
135.0, 154.16, 153.92, 133.70 
135.0, 153.75, 153.18, 132.80 
135.0, 153.34, 152.02, 134.20 
135.0, 153.02, 150.80, 134.60 
136.0, 152.64, 149.62, 135.30 
137.0, 152.26, 148.42, 135.50 
146.0, 152.06, 147.40, 136.50 
137.0, 151.70, 146.20, 136.70 
143.0, 151.47, 145.12, 137.40 
137.0, 151.12, 143.92, 137.60 
142.0, 150.82, 142.82, 138.30 
144.0, 150.56, 141.76, 139.20 
161.0, 150.45, 141.04, 141.80 
161.0, 150.34, 140.32, 144.40 
180.0, 150.38, 139.98, 148.80 
189.0, 150.54, 139.82, 154.00 
199.0, 150.70, 139.86, 159.30 
151.0, 151.02, 140.32, 160.70 
162.0, 151.37, 140.76, 162.60 
173.0, 151.81, 141.64, 166.20 
159.0, 152.14, 142.26, 167.90 
160.0, 152.37, 142.90, 169.50 
159.0, 152.58, 143.52, 169.30 
160.0, 152.80, 144.16, 169.20 
156.0, 152.89, 144.54, 166.80 
165.0, 153.20, 145.08, 164.40 
165.0, 153.51, 145.64, 161.00 
165.0, 153.73, 146.18, 162.40 
165.0, 154.04, 146.74, 162.70 
165.0, 154.26, 147.30, 161.90 
164.0, 154.38, 147.84, 162.40 
165.0, 154.43, 148.40, 162.90 
176.0, 154.67, 149.18, 164.60 
204.0, 155.19, 150.52, 169.00 
207.0, 155.74, 151.94, 174.10 
208.0, 156.30, 153.54, 178.40 
219.0, 156.97, 155.18, 183.80 
219.0, 157.54, 156.82, 189.20 
216.0, 158.08, 158.26, 194.30 
215.0, 158.61, 159.80, 199.30 
228.0, 159.27, 161.60, 205.70 
231.0, 159.96, 163.34, 212.30 
185.0, 160.62, 164.62, 213.20 
198.0, 161.31, 165.96, 212.60 
200.0, 161.92, 167.38, 211.90 
200.0, 162.53, 168.68, 211.10 
183.0, 162.94, 169.62, 207.50 
197.0, 163.27, 170.86, 205.30 
202.0, 163.67, 172.18, 203.90 
193.0, 163.94, 173.34, 201.70 
202.0, 164.30, 174.68, 199.10 
201.0, 164.59, 176.00, 196.10 
184.0, 164.50, 176.98, 196.00 
190.0, 164.44, 178.08, 195.20 
194.0, 164.43, 179.24, 194.60 
194.0, 164.40, 180.38, 194.00 
188.0, 164.31, 181.22, 194.50 
199.0, 164.33, 182.46, 194.70 
197.0, 164.33, 183.54, 194.20 
194.0, 164.30, 184.68, 194.30 
191.0, 164.24, 185.66, 193.20 
191.0, 164.18, 186.60, 192.20 
194.0, 164.15, 187.26, 193.20 
207.0, 164.25, 188.18, 194.90 
205.0, 164.33, 188.68, 196.00 
220.0, 164.56, 189.30, 198.60 
215.0, 164.74, 189.62, 201.30 
156.0, 165.02, 189.72, 197.00 
173.0, 165.35, 189.94, 194.60 
160.0, 165.66, 189.68, 191.20 
156.0, 165.94, 189.62, 187.70 
157.0, 166.23, 189.56, 184.30 
158.0, 166.53, 189.54, 180.70 
159.0, 166.84, 189.52, 175.90 
161.0, 167.08, 189.62, 171.50 
161.0, 167.31, 189.54, 165.60 
160.0, 167.54, 189.44, 160.10 
186.0, 168.02, 189.86, 163.10 
186.0, 168.51, 190.28, 164.40 
185.0, 168.99, 190.68, 166.90 
185.0, 169.47, 191.10, 169.80 
196.0, 170.06, 191.72, 173.70 
203.0, 170.72, 192.26, 178.20 
203.0, 171.38, 192.24, 182.60 
223.0, 172.25, 192.56, 188.80 
224.0, 173.21, 192.88, 195.10 
224.0, 174.08, 192.98, 201.50 
221.0, 174.92, 193.02, 205.00 
208.0, 175.56, 192.86, 207.20 
186.0, 176.04, 192.28, 207.30 
186.0, 176.52, 191.44, 207.40 
186.0, 176.94, 190.54, 206.40 
168.0, 177.41, 190.20, 202.90 
208.0, 178.18, 190.40, 203.40 
190.0, 178.79, 190.20, 200.10 
174.0, 179.18, 189.68, 195.10 
168.0, 179.50, 189.38, 189.50 
164.0, 179.79, 188.72, 183.80 
180.0, 180.23, 188.28, 181.00 
168.0, 180.56, 187.78, 179.20 
165.0, 180.86, 187.04, 177.10 
163.0, 181.14, 186.28, 174.80 
179.0, 181.58, 186.18, 175.90 
190.0, 182.13, 186.18, 174.10 
174.0, 182.51, 185.78, 172.50 
174.0, 182.88, 185.38, 172.50 
171.0, 183.13, 185.04, 172.80 
183.0, 183.59, 184.72, 174.70 
182.0, 183.98, 184.42, 174.90 
183.0, 184.44, 184.20, 176.40 
183.0, 184.85, 184.04, 178.20 
185.0, 185.26, 183.92, 180.40 
184.0, 185.49, 183.72, 180.90 
185.0, 185.73, 183.28, 180.40 
185.0, 185.78, 182.88, 181.50 
193.0, 185.82, 182.34, 183.40 
191.0, 185.74, 181.86, 185.40 
119.0, 185.42, 181.12, 179.00 
132.0, 185.12, 180.30, 174.00 
129.0, 184.68, 179.68, 168.60 
128.0, 184.37, 179.12, 163.10 
128.0, 184.05, 178.54, 157.40 
128.0, 183.74, 177.94, 151.80 
128.0, 183.42, 177.32, 146.10 
128.0, 183.14, 176.66, 140.40 
135.0, 182.84, 176.14, 134.60 
135.0, 182.54, 175.64, 129.00 
141.0, 182.30, 174.74, 131.20 
141.0, 182.06, 173.84, 132.10 
141.0, 181.82, 172.96, 133.30 
141.0, 181.59, 172.08, 134.60 
135.0, 181.29, 170.86, 135.30 
147.0, 181.00, 169.74, 137.20 
141.0, 180.37, 168.50, 138.50 
146.0, 179.76, 166.96, 140.30 
138.0, 179.06, 165.24, 140.60 
137.0, 178.24, 163.50, 140.80 
139.0, 177.44, 161.86, 140.60 
146.0, 176.74, 160.62, 141.10 
136.0, 175.95, 159.62, 140.60 
136.0, 175.03, 158.62, 140.10 
136.0, 174.08, 157.62, 140.20 
128.0, 173.51, 156.82, 138.30 
131.0, 172.84, 155.28, 137.30 
141.0, 172.25, 154.30, 136.80 
137.0, 171.62, 153.56, 136.70 
137.0, 171.16, 152.94, 136.70 
147.0, 170.66, 152.60, 137.50 
146.0, 170.10, 151.92, 137.50 
146.0, 169.63, 151.48, 138.50 
146.0, 169.07, 151.10, 139.50 
147.0, 168.53, 150.78, 140.60 
145.0, 168.14, 150.10, 142.30 
144.0, 167.68, 149.18, 143.60 
143.0, 167.17, 148.56, 143.80 
143.0, 166.66, 147.94, 144.40 
145.0, 166.23, 147.42, 145.20 
142.0, 165.66, 146.60, 144.70 
145.0, 165.14, 145.86, 144.60 
142.0, 164.62, 145.04, 144.20 
142.0, 164.13, 144.22, 143.80 
142.0, 163.64, 143.36, 143.30 
142.0, 163.12, 142.52, 143.00 
142.0, 162.47, 141.66, 142.80 
142.0, 161.84, 140.80, 142.70 
142.0, 161.06, 139.78, 142.60 
152.0, 160.43, 139.00, 143.30 
119.0, 160.06, 139.00, 141.00 
129.0, 159.62, 138.94, 139.40 
148.0, 159.50, 139.32, 140.00 
147.0, 159.41, 139.70, 140.50 
144.0, 159.28, 140.02, 140.70 
147.0, 159.17, 140.40, 141.20 
136.0, 158.94, 140.56, 140.60 
142.0, 158.75, 140.84, 140.60 
141.0, 158.55, 140.96, 140.50 
152.0, 158.47, 141.30, 140.50 
152.0, 158.13, 141.52, 143.80 
157.0, 157.84, 141.84, 146.60 
163.0, 157.62, 142.28, 148.10 
163.0, 157.40, 142.72, 149.70 
159.0, 157.03, 143.20, 151.20 
155.0, 156.55, 143.36, 152.00 
153.0, 156.05, 143.60, 153.70 
151.0, 155.33, 143.70, 154.60 
152.0, 154.61, 143.98, 155.70 
152.0, 153.89, 144.28, 155.70 
153.0, 153.21, 144.56, 155.80 
152.0, 152.65, 144.68, 155.30 
152.0, 152.31, 145.00, 154.20 
153.0, 151.98, 145.34, 153.20 
151.0, 151.63, 145.64, 152.40 
120.0, 151.15, 145.48, 148.90 
137.0, 150.44, 145.60, 147.30 
138.0, 149.92, 145.54, 146.00 
161.0, 149.79, 146.02, 146.90 
164.0, 149.75, 146.56, 148.10 
159.0, 149.70, 146.80, 148.70 
160.0, 149.50, 147.08, 149.50 
156.0, 149.38, 147.28, 149.90 
157.0, 149.30, 147.50, 150.30 
161.0, 149.28, 147.78, 151.30 
150.0, 148.99, 147.88, 154.30 
139.0, 148.48, 147.78, 154.50 
128.0, 148.02, 147.48, 153.50 
128.0, 147.56, 147.18, 150.20 
128.0, 147.13, 146.84, 146.60 
128.0, 146.58, 146.56, 143.50 
128.0, 146.04, 146.22, 140.30 
135.0, 145.56, 146.08, 138.20 
136.0, 145.09, 145.96, 136.10 
136.0, 144.60, 145.84, 133.60 
136.0, 144.12, 145.72, 132.20 
136.0, 143.63, 145.60, 131.90 
137.0, 143.15, 145.50, 132.80 
128.0, 142.50, 145.22, 132.80 
128.0, 141.87, 144.74, 132.80 
165.0, 142.33, 145.66, 136.50 
187.0, 142.88, 146.82, 142.40 
185.0, 143.44, 147.56, 147.40 
201.0, 144.17, 148.64, 153.90 
216.0, 145.05, 150.08, 161.90 
237.0, 146.14, 151.88, 172.00 
236.0, 147.22, 153.88, 182.00 
239.0, 148.33, 155.82, 192.20 
237.0, 149.35, 157.74, 203.10 
237.0, 150.37, 159.44, 214.00 
237.0, 151.33, 161.14, 221.20 
236.0, 152.28, 162.72, 226.10 
236.0, 153.23, 164.18, 231.20 
235.0, 154.17, 165.62, 234.60 
242.0, 155.24, 167.28, 237.20 
240.0, 156.17, 168.98, 237.50 
231.0, 157.07, 170.54, 237.00 
229.0, 157.90, 172.10, 236.00 
229.0, 158.81, 173.64, 235.20 
233.0, 159.77, 175.26, 234.80 
231.0, 160.69, 176.82, 234.20 
230.0, 161.53, 178.38, 233.60 
233.0, 162.50, 180.00, 233.30 
235.0, 163.49, 181.64, 233.30 
233.0, 164.46, 183.28, 232.40 
160.0, 164.78, 184.08, 224.40 
172.0, 165.19, 184.78, 218.50 
184.0, 165.62, 185.70, 214.00 
185.0, 166.10, 186.18, 209.60 
197.0, 166.70, 186.84, 206.00 
195.0, 167.18, 187.56, 202.40 
189.0, 167.61, 188.14, 198.30 
168.0, 167.83, 188.38, 191.80 
167.0, 168.04, 188.58, 185.00 
165.0, 168.22, 188.66, 178.20 
165.0, 168.42, 188.96, 178.70 
156.0, 168.54, 189.30, 177.10 
167.0, 168.78, 190.08, 175.40 
173.0, 169.08, 190.98, 174.20 
167.0, 169.30, 191.76, 171.20 
167.0, 169.55, 192.54, 168.40 
168.0, 169.78, 193.34, 166.30 
168.0, 170.04, 194.00, 166.30 
168.0, 170.30, 194.64, 166.40 
164.0, 170.52, 195.20, 166.30 
164.0, 170.74, 195.76, 166.20 
173.0, 171.05, 196.50, 167.90 
173.0, 171.36, 197.22, 168.50 
175.0, 171.69, 198.16, 168.70 
173.0, 171.90, 199.06, 169.30 
159.0, 172.30, 198.94, 168.50 
174.0, 172.75, 198.68, 169.10 
173.0, 173.00, 198.44, 169.60 
182.0, 173.35, 198.06, 171.00 
196.0, 173.87, 197.66, 174.20 
164.0, 174.04, 196.20, 174.20 
182.0, 174.50, 195.12, 175.10 
181.0, 174.89, 193.96, 175.90 
181.0, 175.29, 192.84, 176.50 
181.0, 175.58, 191.72, 177.30 
176.0, 175.82, 190.50, 179.00 
187.0, 176.12, 189.52, 180.30 
188.0, 176.37, 188.56, 181.80 
183.0, 176.57, 187.52, 181.90 
182.0, 176.80, 186.32, 180.50 
188.0, 177.13, 185.28, 182.90 
188.0, 177.48, 184.42, 183.50 
205.0, 178.02, 183.94, 185.90 
192.0, 178.42, 183.20, 187.00 
194.0, 178.84, 182.42, 188.30 
194.0, 179.25, 181.68, 190.10 
189.0, 179.62, 180.86, 190.30 
192.0, 180.02, 180.04, 190.70 
203.0, 180.52, 179.40, 192.70 
204.0, 181.05, 178.82, 194.90 
160.0, 181.45, 178.82, 192.10 
186.0, 181.94, 179.10, 191.90 
209.0, 182.65, 179.60, 192.30 
205.0, 183.09, 180.00, 193.60 
203.0, 183.48, 180.12, 194.50 
198.0, 183.87, 180.18, 194.90 
198.0, 184.25, 180.36, 195.80 
211.0, 184.80, 181.22, 197.70 
224.0, 185.47, 182.36, 199.80 
224.0, 186.10, 183.54, 201.80 
224.0, 186.84, 184.72, 208.20 
209.0, 187.54, 185.78, 210.50 
208.0, 188.34, 186.60, 210.40 
209.0, 189.15, 187.32, 210.80 
209.0, 189.96, 188.16, 211.40 
209.0, 190.77, 189.00, 212.50 
209.0, 191.58, 189.82, 213.60 
211.0, 192.34, 190.68, 213.60 
208.0, 193.06, 191.48, 212.00 
207.0, 193.77, 192.34, 210.30 
206.0, 194.47, 193.18, 208.50 
206.0, 195.17, 193.84, 208.20 
206.0, 195.86, 194.50, 208.00 
206.0, 196.64, 195.12, 207.70 
213.0, 197.49, 195.92, 208.10 
128.0, 197.12, 195.30, 200.00 
139.0, 196.64, 194.60, 193.00 
128.0, 196.07, 193.70, 184.70 
128.0, 195.34, 192.62, 176.70 
138.0, 194.56, 191.46, 169.80 
137.0, 193.56, 190.92, 162.90 
135.0, 192.55, 189.98, 155.80 
135.0, 191.51, 189.06, 148.70 
138.0, 190.52, 188.20, 141.90 
138.0, 189.53, 187.34, 134.40 
138.0, 188.54, 186.58, 135.40 
142.0, 187.60, 185.68, 135.70 
151.0, 186.75, 184.94, 138.00 
165.0, 186.05, 184.58, 141.70 
163.0, 185.26, 184.20, 144.20 
163.0, 184.49, 183.70, 146.80 
174.0, 183.92, 183.42, 150.70 
180.0, 183.43, 182.92, 155.20 
178.0, 182.92, 182.64, 159.20 
177.0, 182.36, 182.30, 163.10 
177.0, 181.82, 181.96, 167.00 
173.0, 181.25, 181.64, 170.10 
175.0, 180.67, 181.30, 172.50 
184.0, 180.16, 180.92, 174.40 
184.0, 179.67, 180.52, 176.50 
119.0, 179.26, 179.70, 172.10 
131.0, 178.85, 178.60, 167.80 
146.0, 178.47, 177.34, 164.40 
158.0, 178.20, 176.40, 162.40 
177.0, 178.00, 175.88, 162.40 
187.0, 177.92, 175.66, 163.40 
180.0, 177.83, 175.30, 164.10 
180.0, 177.95, 174.68, 164.60 
170.0, 177.98, 173.60, 163.20 
172.0, 178.05, 172.56, 162.00 
170.0, 178.10, 171.48, 167.10 
169.0, 178.23, 170.68, 170.90 
169.0, 178.25, 169.90, 173.20 
170.0, 178.22, 169.12, 174.40 
168.0, 178.23, 168.30, 173.50 
167.0, 178.23, 167.46, 171.50 
167.0, 178.22, 166.62, 170.20 
167.0, 178.21, 165.74, 168.90 
167.0, 178.20, 164.92, 168.60 
167.0, 178.23, 164.12, 168.10 
167.0, 178.26, 163.34, 167.80 
167.0, 178.20, 162.56, 167.60 
174.0, 178.21, 161.92, 168.10 
166.0, 178.12, 161.12, 167.70 
163.0, 178.02, 160.12, 167.20 
120.0, 177.63, 159.96, 162.50 
131.0, 177.20, 159.80, 158.90 
131.0, 176.78, 159.86, 155.30 
146.0, 176.42, 160.22, 153.20 
169.0, 176.15, 160.84, 153.40 
171.0, 176.22, 161.52, 153.80 
185.0, 176.25, 162.52, 155.60 
185.0, 176.29, 163.52, 156.70 
193.0, 176.41, 164.62, 159.40 
193.0, 176.53, 165.72, 162.40 
193.0, 176.70, 166.82, 169.70 
200.0, 176.83, 167.98, 176.60 
200.0, 176.95, 168.96, 183.50 
188.0, 177.00, 169.42, 187.70 
184.0, 177.02, 169.84, 189.20 
193.0, 177.07, 170.44, 191.40 
197.0, 177.16, 170.90, 192.60 
192.0, 177.03, 171.14, 193.30 
192.0, 177.03, 171.42, 193.20 
192.0, 177.01, 171.72, 193.10 
198.0, 177.05, 172.14, 193.60 
198.0, 177.14, 172.64, 193.40 
198.0, 177.20, 173.10, 193.20 
198.0, 177.15, 173.38, 194.20 
196.0, 177.07, 173.62, 195.40 
109.0, 176.56, 173.42, 187.00 
131.0, 176.01, 173.42, 180.40 
139.0, 175.31, 173.28, 175.10 
139.0, 174.65, 172.90, 169.80 
135.0, 173.97, 172.06, 164.10 
137.0, 173.36, 171.06, 158.00 
138.0, 172.76, 170.22, 152.00 
138.0, 172.03, 169.38, 146.00 
156.0, 171.35, 169.10, 141.80 
152.0, 170.63, 168.70, 137.40 
153.0, 169.92, 168.36, 141.80 
174.0, 169.57, 168.46, 146.10 
194.0, 169.43, 168.96, 151.60 
187.0, 169.21, 169.30, 156.40 
181.0, 168.93, 169.56, 161.00 
181.0, 168.65, 169.84, 165.40 
185.0, 168.41, 170.20, 170.10 
176.0, 168.06, 170.38, 173.90 
174.0, 167.72, 170.52, 175.70 
163.0, 167.28, 170.44, 176.80 
173.0, 166.95, 170.56, 178.80 
175.0, 166.64, 170.72, 178.90 
173.0, 166.31, 170.70, 176.80 
176.0, 166.01, 170.90, 175.70 
187.0, 165.75, 171.38, 176.30 
176.0, 166.23, 172.50, 175.80 
166.0, 166.50, 173.20, 173.90 
169.0, 166.91, 173.96, 173.20 
178.0, 167.41, 174.60, 173.60 
199.0, 168.02, 175.20, 177.20 
200.0, 168.65, 175.78, 179.90 
211.0, 169.41, 176.30, 183.50 
222.0, 170.28, 177.04, 188.40 
217.0, 171.07, 177.52, 192.50 
215.0, 171.84, 177.96, 195.30 
225.0, 172.71, 178.60, 200.20 
226.0, 173.55, 179.12, 206.20 
225.0, 174.29, 179.62, 211.80 
237.0, 175.01, 180.60, 217.70 
231.0, 175.69, 181.54, 220.90 
222.0, 176.28, 182.12, 223.10 
207.0, 176.61, 182.32, 222.70 
220.0, 177.01, 182.88, 222.50 
220.0, 177.43, 183.44, 222.80 
220.0, 177.86, 184.00, 223.30 
210.0, 178.19, 184.24, 221.80 
191.0, 178.37, 184.10, 218.30 
180.0, 178.42, 183.74, 213.80 
180.0, 178.38, 183.38, 208.10 
179.0, 178.33, 183.04, 202.90 
170.0, 178.84, 184.26, 197.70 
186.0, 179.39, 185.36, 195.60 
188.0, 179.81, 186.34, 192.40 
198.0, 180.21, 187.52, 190.20 
198.0, 180.42, 188.78, 188.00 
201.0, 180.56, 190.06, 187.10 
202.0, 180.78, 191.34, 188.20 
199.0, 180.97, 192.56, 190.10 
212.0, 181.39, 193.68, 193.30 
211.0, 181.78, 194.86, 196.50 
220.0, 182.28, 196.20, 201.50 
219.0, 182.78, 197.10, 204.80 
220.0, 183.29, 197.62, 208.00 
232.0, 183.91, 198.52, 211.40 
223.0, 184.46, 199.36, 213.90 
223.0, 185.02, 200.20, 216.10 
232.0, 185.67, 201.14, 219.10 
229.0, 186.29, 202.20, 222.10 
229.0, 186.91, 203.30, 223.80 
228.0, 187.52, 204.60, 225.50 
227.0, 188.12, 205.68, 226.20 
223.0, 188.68, 206.64, 226.60 
222.0, 189.16, 207.62, 226.80 
238.0, 189.88, 208.86, 227.40 
226.0, 190.51, 209.64, 227.70 
172.0, 191.03, 209.56, 222.60 
203.0, 191.75, 210.30, 219.70 
215.0, 192.59, 211.22, 218.30 
220.0, 193.33, 212.06, 217.40 
223.0, 193.87, 212.54, 216.90 
218.0, 194.34, 212.90, 216.00 
216.0, 194.65, 213.00, 215.30 
216.0, 194.96, 212.88, 214.70 
216.0, 195.19, 212.86, 212.50 
216.0, 195.42, 212.88, 211.50 
216.0, 195.65, 212.70, 215.90 
218.0, 195.83, 212.54, 217.40 
218.0, 196.01, 212.40, 217.70 
221.0, 196.34, 212.08, 217.80 
221.0, 196.71, 211.88, 217.60 
220.0, 196.98, 211.84, 217.80 
220.0, 197.21, 212.10, 218.20 
216.0, 197.45, 212.02, 218.20 
191.0, 197.44, 211.44, 215.70 
196.0, 197.48, 210.96, 213.70 
196.0, 197.46, 210.68, 211.70 
197.0, 197.45, 210.80, 209.60 
197.0, 197.44, 211.14, 207.50 
200.0, 197.46, 211.54, 205.40 
199.0, 197.49, 211.94, 203.20 
170.0, 198.10, 211.94, 198.20 
176.0, 198.55, 211.74, 193.80 
165.0, 198.81, 211.28, 188.70 
162.0, 199.04, 210.56, 185.80 
162.0, 199.31, 209.84, 182.40 
165.0, 199.59, 209.12, 179.30 
171.0, 199.92, 208.50, 176.70 
171.0, 200.25, 207.94, 174.10 
189.0, 200.58, 207.48, 173.00 
178.0, 200.84, 206.82, 170.90 
178.0, 201.09, 205.98, 171.70 
170.0, 201.05, 205.00, 171.10 
164.0, 200.75, 203.88, 171.00 
164.0, 200.52, 202.52, 171.20 
164.0, 200.35, 201.34, 171.40 
160.0, 200.14, 200.08, 170.90 
161.0, 199.90, 198.66, 169.90 
165.0, 199.79, 197.38, 169.30 
165.0, 199.70, 196.10, 166.90 
170.0, 199.77, 194.94, 166.10 
171.0, 199.75, 193.82, 165.40 
171.0, 199.71, 192.78, 165.50 
179.0, 199.77, 191.92, 167.00 
189.0, 199.90, 190.94, 169.50 
187.0, 199.90, 190.16, 171.80 
204.0, 200.18, 190.80, 176.20 
209.0, 200.61, 190.92, 181.00 
198.0, 200.90, 190.58, 184.30 
196.0, 201.08, 190.10, 187.40 
175.0, 200.84, 189.14, 187.90 
172.0, 200.56, 188.22, 188.00 
165.0, 200.10, 187.20, 187.40 
173.0, 199.61, 186.34, 186.80 
175.0, 199.19, 185.52, 185.40 
185.0, 198.89, 184.90, 185.20 
189.0, 198.53, 184.36, 183.70 
199.0, 198.26, 183.98, 182.70 
191.0, 197.92, 183.44, 182.00 
191.0, 197.46, 182.84, 181.50 
191.0, 197.06, 182.24, 183.10 
192.0, 196.76, 181.68, 185.10 
193.0, 196.62, 181.14, 187.90 
192.0, 196.34, 180.66, 189.80 
192.0, 196.06, 180.68, 191.50 
194.0, 195.80, 180.64, 192.40 
194.0, 195.64, 180.60, 192.90 
194.0, 195.67, 180.54, 192.40 
194.0, 195.81, 180.48, 192.70 
192.0, 195.93, 180.32, 192.80 
192.0, 196.06, 180.18, 192.90 
173.0, 196.09, 180.24, 191.00 
164.0, 195.87, 180.00, 188.10 
161.0, 195.60, 179.92, 185.00 
173.0, 195.35, 180.14, 183.10 
158.0, 194.95, 180.06, 179.50 
167.0, 194.61, 180.10, 176.80 
171.0, 194.30, 180.10, 174.50 
171.0, 194.02, 180.10, 172.20 
176.0, 193.66, 179.84, 170.60 
176.0, 193.31, 179.80, 169.00 
176.0, 192.87, 179.76, 169.30 
175.0, 192.43, 179.86, 170.40 
178.0, 192.01, 180.14, 172.10 
182.0, 191.51, 180.50, 173.00 
182.0, 191.10, 180.86, 175.40 
187.0, 190.74, 181.40, 177.40 
187.0, 190.29, 181.92, 179.00 
189.0, 189.89, 182.40, 180.80 
189.0, 189.49, 182.88, 182.10 
199.0, 189.20, 183.46, 184.40 
198.0, 188.91, 184.00, 186.60 
196.0, 188.64, 184.50, 188.70 
185.0, 188.27, 184.62, 189.40 
188.0, 187.77, 184.60, 190.00 
185.0, 187.36, 184.56, 190.30 
173.0, 187.37, 183.94, 188.90 
183.0, 187.17, 183.42, 188.50 
168.0, 186.70, 182.82, 186.40 
165.0, 186.15, 182.20, 184.00 
162.0, 185.54, 181.94, 180.30 
166.0, 185.02, 181.82, 177.10 
163.0, 184.49, 181.78, 173.80 
175.0, 184.08, 181.82, 172.80 
175.0, 183.67, 181.82, 171.50 
175.0, 183.26, 181.62, 170.50 
169.0, 182.79, 181.22, 170.10 
166.0, 182.27, 180.56, 168.40 
169.0, 181.78, 180.12, 168.50 
155.0, 181.12, 179.40, 167.50 
163.0, 180.54, 178.84, 167.60 
170.0, 180.04, 178.40, 168.00 
172.0, 179.56, 177.98, 168.90 
180.0, 179.20, 177.74, 169.40 
210.0, 179.39, 178.10, 172.90 
233.0, 179.76, 178.88, 178.70 
231.0, 180.11, 179.62, 184.90 
229.0, 180.43, 180.32, 191.20 
224.0, 180.70, 180.92, 196.70 
224.0, 180.94, 181.56, 203.60 
225.0, 181.20, 182.22, 209.80 
166.0, 181.16, 182.08, 209.40 
179.0, 181.19, 182.38, 210.10 
181.0, 181.35, 182.78, 210.20 
171.0, 181.44, 182.74, 206.30 
158.0, 181.40, 182.74, 198.80 
156.0, 181.31, 182.52, 191.30 
166.0, 181.26, 182.42, 185.00 
170.0, 181.25, 182.40, 179.60 
173.0, 181.09, 182.34, 174.50 
178.0, 181.09, 182.38, 169.80 
180.0, 181.11, 182.46, 171.20 
170.0, 181.11, 182.36, 170.30 
168.0, 181.15, 182.16, 169.00 
169.0, 181.20, 181.90, 168.80 
169.0, 181.25, 181.64, 169.90 
191.0, 181.56, 181.72, 173.40 
186.0, 181.81, 181.70, 175.40 
180.0, 181.96, 181.52, 176.40 
183.0, 182.14, 181.40, 177.40 
184.0, 182.28, 181.10, 178.00 
184.0, 182.41, 180.82, 178.40 
184.0, 182.54, 180.58, 179.80 
185.0, 182.60, 180.58, 181.50 
191.0, 182.62, 180.64, 183.70 
191.0, 182.66, 180.76, 185.90 
170.0, 182.32, 180.70, 183.80 
207.0, 182.30, 181.18, 185.90 
213.0, 182.45, 182.08, 189.20 
206.0, 182.55, 182.90, 191.50 
207.0, 182.87, 183.80, 193.80 
194.0, 183.09, 184.36, 194.80 
206.0, 183.50, 185.22, 197.00 
198.0, 183.75, 185.68, 198.30 
201.0, 184.01, 186.20, 199.30 
201.0, 184.17, 186.72, 200.30 
201.0, 184.29, 187.36, 203.40 
226.0, 184.56, 188.56, 205.30 
225.0, 184.90, 189.68, 206.50 
229.0, 185.28, 191.16, 208.80 
234.0, 185.71, 192.58, 211.50 
238.0, 186.17, 193.94, 215.90 
242.0, 186.66, 195.34, 219.50 
244.0, 187.18, 196.62, 224.10 
244.0, 187.70, 197.30, 228.40 
244.0, 188.20, 197.52, 232.70 
243.0, 188.69, 197.76, 236.90 
243.0, 189.18, 198.04, 238.60 
244.0, 189.68, 198.44, 240.50 
246.0, 190.22, 198.88, 242.20 
246.0, 190.76, 199.30, 243.40 
158.0, 190.61, 199.14, 235.40 
196.0, 190.93, 199.48, 230.80 
203.0, 191.35, 199.92, 226.70 
192.0, 191.54, 200.34, 221.50 
200.0, 191.96, 201.18, 217.10 
208.0, 192.37, 202.22, 213.60 
220.0, 192.86, 203.30, 211.30 
236.0, 193.51, 204.62, 210.50 
214.0, 193.89, 205.44, 207.30 
220.0, 194.33, 206.28, 204.70 
210.0, 194.67, 206.88, 209.90 
228.0, 195.20, 208.04, 213.10 
228.0, 195.70, 209.24, 215.60 
219.0, 196.07, 210.24, 218.30 
210.0, 196.35, 211.06, 219.30 
214.0, 196.62, 211.52, 219.90 
217.0, 196.92, 212.14, 219.60 
231.0, 197.34, 213.16, 219.10 
228.0, 197.73, 214.06, 220.50 
229.0, 198.03, 214.96, 221.40 
217.0, 198.22, 215.62, 222.10 
217.0, 198.43, 216.28, 221.00 
217.0, 198.75, 216.92, 219.90 
217.0, 199.04, 217.44, 219.70 
205.0, 199.24, 217.72, 219.20 
174.0, 199.25, 217.80, 215.20 
188.0, 199.30, 217.42, 212.30 
212.0, 199.74, 217.40, 210.40 
199.0, 200.08, 217.26, 207.50 
198.0, 200.44, 217.08, 204.40 
174.0, 200.52, 216.68, 200.10 
172.0, 200.61, 216.00, 195.60 
169.0, 200.55, 215.42, 190.80 
170.0, 200.50, 214.80, 186.10 
170.0, 200.45, 214.18, 182.60 
169.0, 200.45, 213.54, 182.10 
163.0, 200.42, 212.28, 179.60 
182.0, 200.55, 211.42, 176.60 
182.0, 200.82, 210.48, 174.90 
180.0, 200.99, 209.40, 173.10 
172.0, 201.01, 208.08, 172.90 
176.0, 201.05, 206.76, 173.30 
176.0, 201.01, 205.40, 174.00 
182.0, 200.73, 204.16, 175.20 
171.0, 200.11, 202.70, 175.30 
204.0, 199.84, 201.92, 178.80 
183.0, 199.38, 200.72, 180.80 
194.0, 199.08, 199.72, 182.00 
186.0, 198.70, 198.52, 182.40 
219.0, 198.64, 197.98, 186.30 
172.0, 198.70, 198.26, 186.30 
179.0, 198.70, 197.92, 186.60 
173.0, 198.62, 197.32, 186.30 
171.0, 198.62, 196.90, 185.20 
174.0, 198.78, 196.38, 185.50 
178.0, 199.00, 195.78, 182.90 
180.0, 199.14, 194.98, 182.60 
178.0, 199.22, 193.82, 181.00 
182.0, 199.31, 193.18, 180.60 
182.0, 199.35, 192.42, 176.90 
179.0, 199.34, 191.80, 177.60 
182.0, 199.46, 190.88, 177.90 
175.0, 199.53, 189.82, 178.10 
174.0, 199.58, 188.92, 178.40 
172.0, 199.61, 188.16, 178.20 
183.0, 199.53, 187.54, 178.70 
192.0, 199.59, 187.04, 179.90 
203.0, 199.82, 186.48, 182.40 
211.0, 200.10, 186.14, 185.30 
212.0, 200.38, 185.80, 188.30 
204.0, 200.58, 185.54, 190.80 
193.0, 200.67, 185.06, 191.90 
189.0, 200.71, 184.50, 193.30 
189.0, 200.69, 183.94, 194.80 
192.0, 200.70, 183.68, 196.80 
160.0, 200.60, 183.40, 194.50 
163.0, 200.16, 182.90, 191.60 
171.0, 199.74, 182.08, 188.40 
158.0, 199.26, 181.26, 183.10 
174.0, 198.93, 180.78, 179.30 
173.0, 198.72, 180.76, 176.20 
174.0, 198.40, 180.80, 174.30 
181.0, 198.23, 181.04, 173.50 
178.0, 198.00, 181.20, 172.40 
180.0, 197.79, 181.40, 171.20 
185.0, 197.63, 181.72, 173.70 
184.0, 197.21, 182.14, 175.80 
171.0, 196.67, 181.92, 175.80 
173.0, 196.11, 181.74, 177.30 
180.0, 195.57, 181.74, 177.90 
183.0, 195.02, 181.96, 178.90 
171.0, 194.31, 181.86, 178.60 
169.0, 193.56, 181.72, 177.40 
169.0, 192.81, 181.46, 176.50 
172.0, 192.09, 181.48, 175.70 
166.0, 191.32, 180.72, 173.80 
163.0, 190.52, 180.32, 171.70 
163.0, 189.71, 179.70, 170.90 
163.0, 188.88, 179.24, 169.90 
163.0, 188.05, 178.12, 168.20 
153.0, 188.00, 177.74, 165.20 
207.0, 188.11, 178.30, 168.80 
210.0, 188.18, 179.04, 172.90 
200.0, 188.26, 179.62, 176.00 
176.0, 188.02, 179.66, 176.40 
173.0, 187.67, 179.56, 177.10 
173.0, 187.20, 179.42, 178.10 
175.0, 186.59, 179.36, 179.30 
175.0, 186.20, 179.22, 180.50 
176.0, 185.76, 179.10, 181.80 
175.0, 185.41, 179.02, 184.00 
175.0, 184.88, 178.88, 180.80 
175.0, 184.35, 178.88, 177.30 
174.0, 183.90, 178.88, 174.70 
174.0, 183.54, 178.92, 174.50 
172.0, 183.12, 178.70, 174.40 
172.0, 182.67, 178.30, 174.30 
174.0, 182.10, 177.72, 174.20 
177.0, 181.59, 177.04, 174.40 
177.0, 181.07, 176.34, 174.50 
175.0, 180.65, 175.76, 174.50 
175.0, 180.23, 175.40, 174.50 
175.0, 179.81, 175.12, 174.50 
186.0, 179.50, 175.06, 175.70 
186.0, 179.31, 174.94, 176.90 
160.0, 179.17, 174.94, 175.70 
186.0, 179.15, 175.40, 177.10 
186.0, 178.89, 175.70, 178.30 
163.0, 178.53, 175.80, 176.90 
156.0, 178.11, 175.44, 174.80 
166.0, 178.03, 175.30, 173.90 
166.0, 177.97, 175.14, 173.00 
167.0, 177.95, 174.86, 172.20 
172.0, 177.97, 174.74, 170.80 
171.0, 177.98, 174.56, 169.30 
171.0, 178.00, 174.28, 170.40 
171.0, 178.08, 174.02, 168.90 
171.0, 177.97, 174.02, 167.40 
175.0, 177.90, 174.06, 168.60 
174.0, 177.84, 173.94, 170.40 
175.0, 177.87, 173.78, 171.30 
177.0, 177.88, 173.90, 172.40 
177.0, 177.89, 174.06, 173.40 
181.0, 177.88, 174.30, 174.30 
172.0, 177.89, 174.30, 174.40 
172.0, 177.57, 174.42, 174.50 
172.0, 177.46, 174.60, 174.60 
172.0, 177.24, 174.78, 174.70 
168.0, 177.06, 174.88, 174.00 
166.0, 176.53, 174.94, 173.20 
177.0, 176.58, 175.42, 173.40 
194.0, 176.73, 175.16, 175.10 
188.0, 176.88, 174.72, 176.20 
174.0, 176.91, 174.20, 175.50 
165.0, 176.82, 173.98, 174.80 
174.0, 176.78, 174.00, 175.00 
175.0, 176.73, 174.04, 175.30 
179.0, 176.74, 174.12, 176.00 
172.0, 176.64, 174.06, 176.40 
182.0, 176.64, 174.18, 178.00 
194.0, 176.79, 174.56, 179.70 
195.0, 176.92, 174.96, 179.80 
196.0, 177.13, 175.38, 180.60 
199.0, 177.38, 175.88, 183.10 
208.0, 177.74, 176.56, 187.40 
219.0, 178.10, 177.50, 191.90 
220.0, 178.38, 178.46, 196.40 
222.0, 178.57, 179.42, 200.70 
230.0, 178.76, 180.48, 206.50 
241.0, 179.05, 181.76, 212.40 
238.0, 179.39, 183.02, 216.80 
241.0, 179.87, 184.34, 221.40 
244.0, 180.42, 185.72, 226.20 
244.0, 180.97, 186.88, 230.70 
242.0, 181.47, 188.00, 234.10 
142.0, 181.29, 187.64, 226.40 
202.0, 181.68, 187.96, 224.60 
190.0, 181.87, 188.04, 221.40 
198.0, 182.27, 188.74, 218.20 
196.0, 182.49, 189.54, 213.70 
208.0, 182.84, 190.38, 210.70 
211.0, 183.21, 191.28, 207.70 
210.0, 183.50, 192.14, 204.30 
216.0, 183.88, 193.02, 201.50 
215.0, 184.23, 193.90, 198.80 
216.0, 184.54, 194.80, 206.20 
218.0, 184.88, 195.74, 207.80 
225.0, 185.42, 196.82, 211.30 
224.0, 185.93, 197.80, 213.90 
231.0, 186.44, 198.94, 217.40 
236.0, 186.97, 200.16, 220.20 
234.0, 187.60, 201.30, 222.50 
233.0, 188.24, 202.42, 224.80 
237.0, 188.92, 203.54, 226.90 
241.0, 189.61, 204.92, 229.50 
241.0, 190.36, 206.30, 232.00 
243.0, 191.16, 207.72, 234.50 
243.0, 191.96, 209.14, 236.30 
241.0, 192.74, 210.60, 238.00 
247.0, 193.58, 212.22, 239.60 
175.0, 193.80, 212.18, 233.50 
201.0, 193.74, 212.32, 230.20 
186.0, 193.50, 212.28, 225.50 
180.0, 193.30, 212.40, 219.80 
181.0, 193.35, 212.72, 213.80 
182.0, 193.44, 212.88, 207.90 
174.0, 193.45, 212.86, 201.00 
180.0, 193.50, 212.88, 194.70 
180.0, 193.55, 213.04, 188.60 
189.0, 193.68, 213.18, 182.80 
185.0, 193.78, 213.00, 183.80 
171.0, 193.74, 212.52, 180.80 
171.0, 193.70, 212.02, 179.30 
171.0, 193.67, 211.46, 178.40 
180.0, 193.73, 210.90, 178.30 
180.0, 193.81, 210.12, 178.10 
184.0, 193.93, 209.40, 179.10 
186.0, 194.05, 208.68, 179.70 
182.0, 194.10, 207.72, 179.90 
181.0, 194.14, 206.52, 179.10 
180.0, 194.19, 205.36, 178.60 
180.0, 194.24, 204.14, 179.50 
182.0, 194.31, 202.90, 180.60 
182.0, 194.27, 201.66, 181.70 
183.0, 194.24, 200.48, 182.00 
159.0, 194.23, 200.82, 179.90 
195.0, 194.32, 200.68, 181.00 
180.0, 194.26, 200.48, 180.40 
173.0, 194.36, 199.98, 179.50 
188.0, 194.68, 199.82, 180.20 
149.0, 194.51, 198.64, 177.10 
178.0, 194.63, 197.98, 176.90 
164.0, 194.60, 197.06, 175.10 
177.0, 194.65, 196.28, 174.60 
177.0, 194.71, 195.52, 174.00 
180.0, 194.80, 194.80, 176.10 
179.0, 194.88, 194.02, 174.50 
179.0, 194.96, 193.10, 174.40 
183.0, 195.04, 192.28, 175.40 
193.0, 195.23, 191.52, 175.90 
192.0, 195.40, 190.64, 180.20 
192.0, 195.55, 189.80, 181.60 
193.0, 195.71, 189.00, 184.50 
194.0, 195.84, 188.14, 186.20 
194.0, 196.06, 187.20, 187.90 
196.0, 196.30, 186.30, 189.50 
196.0, 196.54, 185.36, 191.20 
198.0, 196.80, 184.46, 193.10 
199.0, 197.11, 183.62, 194.70 
210.0, 197.55, 182.88, 196.40 
160.0, 197.38, 182.58, 193.20 
190.0, 197.34, 182.36, 193.00 
185.0, 197.31, 182.34, 192.20 
195.0, 197.52, 182.64, 192.30 
195.0, 197.82, 182.92, 192.40 
185.0, 197.93, 182.98, 191.30 
206.0, 198.24, 183.62, 192.30 
200.0, 198.45, 184.02, 192.50 
195.0, 198.68, 184.32, 192.10 
205.0, 198.91, 184.64, 191.60 
202.0, 198.99, 184.98, 195.80 
208.0, 199.12, 185.72, 197.60 
211.0, 199.27, 186.52, 200.20 
215.0, 199.43, 187.40, 202.20 
222.0, 199.57, 188.24, 204.90 
222.0, 199.60, 189.08, 208.60 
224.0, 199.64, 189.88, 210.40 
226.0, 199.68, 190.68, 213.00 
222.0, 199.60, 191.48, 215.70 
222.0, 199.41, 192.30, 217.40 
206.0, 199.09, 192.82, 217.80 
204.0, 198.72, 193.30, 217.40 
199.0, 198.27, 193.64, 216.20 
206.0, 197.89, 194.12, 215.30 
205.0, 197.52, 194.56, 213.60 
159.0, 197.69, 194.56, 207.30 
188.0, 197.55, 194.42, 203.70 
212.0, 197.77, 195.06, 202.30 
212.0, 197.91, 195.84, 201.30 
162.0, 197.57, 195.32, 195.30 
173.0, 197.22, 195.80, 192.00 
173.0, 196.84, 195.70, 188.90 
175.0, 196.49, 195.92, 186.50 
184.0, 196.17, 196.06, 184.30 
194.0, 195.96, 196.40, 183.20 
183.0, 195.63, 196.46, 185.60 
186.0, 195.31, 196.60, 185.40 
195.0, 195.01, 196.92, 183.70 
173.0, 194.50, 196.72, 179.80 
180.0, 193.99, 196.46, 181.60 
184.0, 193.47, 196.30, 182.70 
187.0, 193.00, 196.20, 184.10 
184.0, 192.51, 196.02, 185.00 
183.0, 191.97, 195.80, 184.90 
174.0, 191.30, 195.40, 182.90 
174.0, 190.63, 194.96, 182.00 
174.0, 189.94, 194.52, 180.80 
166.0, 189.17, 193.88, 177.90 
168.0, 188.44, 193.26, 177.40 
168.0, 187.65, 192.42, 176.20 
165.0, 187.55, 192.52, 174.30 
190.0, 187.44, 192.52, 174.60 
166.0, 187.24, 192.14, 172.80 
172.0, 187.16, 191.68, 171.70 
180.0, 187.15, 191.38, 172.30 
183.0, 187.16, 191.34, 173.20 
191.0, 187.33, 191.04, 174.90 
196.0, 187.49, 190.96, 177.90 
214.0, 187.83, 191.34, 182.50 
213.0, 188.07, 191.50, 187.00 
213.0, 188.35, 191.72, 191.80 
222.0, 188.86, 192.00, 195.00 
237.0, 189.52, 192.52, 202.10 
239.0, 190.20, 193.00, 208.80 
242.0, 190.82, 193.40, 215.00 
243.0, 191.45, 193.82, 221.00 
239.0, 192.00, 194.12, 225.80 
235.0, 192.49, 194.30, 229.70 
229.0, 192.96, 194.44, 231.20 
229.0, 193.44, 194.58, 232.80 
229.0, 193.93, 195.04, 234.40 
229.0, 194.42, 195.54, 235.10 
237.0, 194.97, 196.30, 235.10 
228.0, 195.43, 196.74, 234.00 
239.0, 195.99, 197.42, 233.70 
170.0, 196.10, 197.64, 226.40 
197.0, 196.12, 197.82, 222.20 
217.0, 196.49, 197.92, 220.40 
231.0, 197.07, 198.30, 220.60 
254.0, 197.73, 200.14, 223.10 
256.0, 198.80, 201.80, 225.80 
256.0, 199.58, 203.46, 228.50 
256.0, 200.50, 205.08, 230.40 
256.0, 201.29, 206.52, 233.20 
256.0, 202.08, 207.76, 234.90 
256.0, 202.84, 209.22, 243.50 
252.0, 203.57, 210.54, 249.00 
246.0, 204.24, 211.56, 251.90 
247.0, 204.88, 213.04, 253.50 
249.0, 205.44, 214.42, 253.00 
252.0, 206.04, 215.78, 252.60 
252.0, 206.64, 217.08, 252.20 
252.0, 207.23, 218.44, 251.80 
252.0, 207.81, 219.82, 251.40 
253.0, 208.40, 221.40, 251.10 
253.0, 208.97, 222.98, 250.80 
253.0, 209.54, 224.56, 250.90 
256.0, 210.12, 226.36, 251.90 
256.0, 210.69, 228.12, 252.80 
256.0, 211.15, 229.88, 253.50 
160.0, 211.15, 229.78, 244.30 
184.0, 211.09, 229.66, 237.50 
187.0, 211.11, 230.08, 231.00 
179.0, 210.95, 230.22, 223.70 
191.0, 210.91, 230.44, 217.50 
178.0, 210.84, 230.34, 210.00 
184.0, 210.62, 230.20, 203.10 
185.0, 210.47, 229.98, 196.00 
202.0, 210.54, 229.74, 190.60 
202.0, 210.51, 229.52, 185.20 
202.0, 210.51, 229.30, 189.40 
199.0, 210.42, 228.84, 190.90 
216.0, 210.47, 228.42, 193.80 
219.0, 210.51, 228.02, 197.80 
217.0, 210.46, 227.52, 200.40 
214.0, 210.38, 226.94, 204.00 
218.0, 210.32, 226.52, 207.40 
216.0, 210.22, 226.14, 210.50 
210.0, 210.10, 225.76, 211.30 
213.0, 210.01, 225.44, 212.40 
213.0, 210.08, 225.12, 213.50 
211.0, 210.15, 224.76, 214.70 
211.0, 210.27, 224.24, 214.20 
213.0, 210.34, 223.94, 213.60 
211.0, 210.40, 223.38, 213.00 
162.0, 210.43, 223.22, 207.80 
174.0, 210.29, 222.76, 203.40 
190.0, 210.07, 222.22, 200.80 
214.0, 210.09, 221.88, 201.20 
216.0, 210.63, 221.12, 201.50 
218.0, 211.08, 220.36, 202.00 
220.0, 211.55, 219.64, 202.90 
230.0, 212.10, 219.12, 204.80 
229.0, 212.55, 218.58, 206.40 
230.0, 212.91, 218.06, 208.30 
230.0, 213.38, 217.54, 215.10 
230.0, 213.82, 217.10, 220.70 
230.0, 214.17, 216.78, 224.70 
230.0, 214.74, 216.44, 226.30 
230.0, 215.24, 216.06, 227.70 
230.0, 215.70, 215.62, 228.90 
230.0, 216.13, 215.18, 229.90 
230.0, 216.59, 214.74, 229.90 
230.0, 217.06, 214.30, 230.00 
230.0, 217.62, 213.84, 230.00 
230.0, 218.18, 213.38, 230.00 
230.0, 218.74, 212.92, 230.00 
230.0, 219.38, 212.40, 230.00 
230.0, 220.00, 211.88, 230.00 
245.0, 220.77, 211.66, 231.50 
170.0, 220.82, 211.86, 225.50 
196.0, 220.88, 212.10, 222.10 
206.0, 221.28, 212.48, 219.70 
206.0, 221.62, 213.02, 217.30 
205.0, 221.87, 213.30, 214.80 
210.0, 222.14, 213.94, 212.80 
212.0, 222.35, 214.50, 211.00 
212.0, 222.51, 215.04, 209.20 
201.0, 222.38, 215.02, 206.30 
203.0, 222.28, 215.04, 202.10 
204.0, 222.19, 215.08, 205.50 
203.0, 222.00, 215.16, 206.20 
199.0, 221.62, 214.82, 205.50 
204.0, 221.27, 214.52, 205.30 
204.0, 220.89, 214.26, 205.20 
215.0, 220.61, 214.28, 205.70 
215.0, 220.37, 214.22, 206.00 
220.0, 220.22, 214.30, 206.80 
218.0, 220.11, 214.46, 208.50 
219.0, 220.01, 214.58, 210.10 
220.0, 219.92, 214.72, 211.70 
232.0, 219.95, 215.14, 214.60 
230.0, 219.88, 215.52, 217.70 
229.0, 219.89, 215.84, 220.20 
247.0, 219.97, 216.56, 224.50 
150.0, 219.77, 216.32, 218.00 
172.0, 219.52, 216.28, 213.70 
180.0, 219.15, 216.08, 209.70 
173.0, 218.57, 215.26, 205.20 
175.0, 217.78, 214.44, 200.80 
168.0, 216.90, 213.44, 195.60 
164.0, 215.98, 212.32, 188.80 
166.0, 215.08, 211.04, 182.40 
166.0, 214.18, 209.78, 176.10 
169.0, 213.31, 208.56, 168.30 
170.0, 212.45, 207.36, 170.30 
166.0, 211.59, 206.08, 169.70 
163.0, 210.76, 204.74, 168.00 
165.0, 209.94, 203.44, 167.20 
165.0, 209.10, 202.14, 166.20 
174.0, 208.32, 201.02, 166.80 
202.0, 207.82, 200.46, 170.60 
192.0, 207.22, 199.70, 173.20 
190.0, 206.60, 198.90, 175.60 
208.0, 206.15, 198.46, 179.50 
201.0, 205.63, 197.88, 182.60 
207.0, 205.17, 197.42, 186.70 
210.0, 204.71, 197.02, 191.40 
210.0, 204.25, 196.62, 195.90 
209.0, 203.78, 195.90, 200.30 
162.0, 203.80, 195.74, 199.10 
189.0, 203.85, 195.60, 197.80 
210.0, 204.08, 195.68, 199.60 
221.0, 204.50, 195.98, 202.70 
230.0, 204.89, 196.48, 204.90 
238.0, 205.49, 197.04, 208.60 
237.0, 206.02, 197.54, 211.60 
237.0, 206.54, 198.04, 214.30 
231.0, 206.83, 198.64, 216.40 
226.0, 207.07, 199.10, 218.10 
219.0, 207.24, 199.40, 223.80 
213.0, 207.38, 199.60, 226.20 
213.0, 207.35, 199.88, 226.50 
213.0, 207.29, 200.06, 225.70 
210.0, 207.22, 200.18, 223.70 
211.0, 207.19, 200.10, 221.00 
210.0, 207.11, 200.00, 218.30 
233.0, 207.28, 200.26, 217.90 
236.0, 207.54, 200.62, 218.40 
214.0, 207.55, 200.52, 217.20 
228.0, 207.70, 200.68, 218.10 
228.0, 207.87, 200.60, 219.60 
222.0, 207.98, 200.44, 220.50 
237.0, 208.22, 200.60, 222.90 
237.0, 208.48, 200.40, 225.60 
171.0, 208.57, 200.82, 221.60 
176.0, 208.59, 200.90, 218.20 
171.0, 208.40, 200.72, 212.00 
166.0, 207.92, 200.58, 205.00 
171.0, 207.47, 200.50, 200.70 
168.0, 206.97, 200.50, 194.70 
181.0, 206.58, 200.84, 190.00 
183.0, 206.11, 201.18, 186.10 
183.0, 205.65, 201.52, 180.70 
192.0, 205.27, 201.98, 176.20 
192.0, 204.89, 202.42, 178.30 
198.0, 204.57, 203.06, 180.50 
210.0, 204.37, 204.00, 184.40 
215.0, 204.22, 205.00, 189.30 
215.0, 204.07, 206.00, 193.70 
208.0, 203.85, 206.68, 197.70 
210.0, 203.65, 206.84, 200.60 
202.0, 203.37, 207.04, 202.50 
202.0, 203.09, 207.28, 204.40 
202.0, 202.81, 207.16, 205.40 
206.0, 202.57, 207.26, 206.80 
215.0, 202.42, 207.42, 208.50 
215.0, 202.27, 207.52, 209.00 
215.0, 202.12, 207.62, 209.00 
215.0, 201.82, 207.74, 209.00 
153.0, 201.65, 207.56, 203.50 
208.0, 201.77, 207.94, 203.30 
207.0, 201.78, 207.88, 203.80 
202.0, 201.74, 207.50, 203.80 
207.0, 201.76, 207.04, 204.30 
203.0, 201.69, 206.34, 204.00 
204.0, 201.61, 205.68, 202.90 
207.0, 201.56, 205.08, 202.10 
207.0, 201.62, 204.60, 201.30 
208.0, 201.67, 204.24, 200.60 
217.0, 201.80, 204.20, 207.00 
208.0, 201.85, 204.10, 207.00 
220.0, 202.06, 204.24, 208.30 
218.0, 202.20, 204.34, 209.90 
211.0, 202.27, 204.36, 210.30 
204.0, 202.16, 204.22, 210.40 
196.0, 201.97, 203.94, 209.60 
204.0, 201.81, 203.36, 209.30 
200.0, 201.63, 202.64, 208.60 
209.0, 201.53, 202.54, 208.70 
199.0, 201.32, 201.96, 206.90 
206.0, 201.06, 201.52, 206.70 
206.0, 200.82, 201.20, 205.30 
206.0, 200.59, 200.58, 204.10 
211.0, 200.23, 200.06, 204.10 
167.0, 200.40, 199.98, 200.40 
194.0, 200.62, 200.34, 200.20 
172.0, 200.54, 200.36, 197.00 
160.0, 200.41, 200.24, 193.00 
161.0, 200.27, 200.04, 188.20 
167.0, 200.26, 200.02, 185.00 
161.0, 200.23, 199.62, 180.50 
165.0, 200.22, 199.26, 176.40 
171.0, 200.27, 199.02, 172.90 
173.0, 200.31, 198.64, 169.10 
168.0, 200.29, 198.16, 169.20 
167.0, 200.30, 197.54, 166.50 
159.0, 200.26, 196.52, 165.20 
161.0, 200.22, 195.44, 165.30 
160.0, 200.17, 194.34, 165.20 
162.0, 200.05, 193.42, 164.70 
162.0, 199.65, 192.46, 164.80 
162.0, 199.35, 191.66, 164.50 
158.0, 199.03, 190.78, 163.20 
158.0, 198.53, 189.90, 161.70 
158.0, 198.10, 188.94, 160.70 
162.0, 197.65, 187.88, 160.20 
162.0, 197.17, 186.82, 160.50 
166.0, 196.73, 185.84, 161.00 
166.0, 196.30, 184.86, 161.60 
172.0, 196.40, 185.24, 162.60 
186.0, 196.37, 184.80, 165.00 
214.0, 196.41, 184.94, 170.20 
215.0, 196.35, 185.20, 175.90 
228.0, 196.33, 185.62, 182.90 
229.0, 196.24, 186.14, 190.00 
229.0, 196.16, 186.64, 196.70 
227.0, 196.06, 187.04, 203.20 
237.0, 196.12, 187.64, 210.30 
236.0, 196.22, 188.20, 217.30 
235.0, 196.38, 188.56, 223.60 
245.0, 196.70, 189.30, 229.50 
241.0, 196.98, 189.72, 232.20 
241.0, 197.26, 190.18, 234.80 
242.0, 197.58, 190.80, 236.20 
242.0, 197.89, 191.56, 237.50 
243.0, 198.22, 192.50, 238.90 
246.0, 198.35, 193.34, 240.80 
245.0, 198.44, 194.24, 241.60 
241.0, 198.71, 194.88, 242.10 
238.0, 198.81, 195.66, 242.40 
237.0, 198.90, 196.28, 241.60 
237.0, 199.05, 196.90, 241.20 
237.0, 199.05, 197.52, 240.80 
238.0, 199.06, 198.06, 240.40 
159.0, 198.94, 197.90, 232.10 
170.0, 198.88, 197.42, 224.80 
175.0, 198.92, 197.48, 217.70 
185.0, 199.11, 197.98, 211.70 
194.0, 199.34, 198.64, 207.00 
223.0, 199.89, 199.76, 205.50 
230.0, 200.38, 201.14, 204.80 
230.0, 200.85, 202.44, 204.10 
230.0, 201.32, 203.62, 203.40 
230.0, 201.70, 204.76, 202.60 
230.0, 202.08, 206.00, 209.70 
230.0, 202.40, 207.26, 215.70 
227.0, 202.57, 208.62, 220.90 
230.0, 202.72, 210.00, 225.40 
230.0, 202.87, 211.40, 229.00 
232.0, 203.11, 212.80, 229.90 
232.0, 203.33, 214.20, 230.10 
230.0, 203.61, 215.56, 230.10 
230.0, 203.89, 217.00, 230.10 
230.0, 204.17, 218.44, 230.10 
236.0, 204.47, 220.00, 230.70 
236.0, 204.68, 221.48, 231.30 
236.0, 204.89, 222.96, 232.20 
236.0, 205.10, 224.36, 232.80 
236.0, 205.31, 225.76, 233.40 
161.0, 205.39, 225.54, 226.30 
217.0, 205.48, 226.16, 224.80 
214.0, 205.55, 226.16, 223.20 
206.0, 205.59, 225.98, 220.80 
202.0, 205.54, 225.46, 218.00 
200.0, 205.51, 224.88, 214.40 
204.0, 205.51, 224.38, 211.20 
194.0, 205.38, 223.72, 207.00 
192.0, 205.23, 222.82, 202.60 
192.0, 205.07, 221.94, 198.20 
203.0, 204.93, 221.30, 202.40 
189.0, 204.74, 220.18, 199.60 
178.0, 204.32, 218.92, 196.00 
167.0, 203.81, 217.44, 192.10 
181.0, 203.51, 216.22, 190.00 
168.0, 203.15, 214.74, 186.80 
168.0, 202.87, 213.24, 183.20 
171.0, 202.54, 211.74, 180.90 
170.0, 202.24, 210.24, 178.70 
163.0, 201.78, 208.68, 175.80 
159.0, 201.38, 207.10, 171.40 
164.0, 200.96, 205.64, 168.90 
166.0, 200.56, 204.22, 167.70 
166.0, 200.16, 202.80, 167.60 
164.0, 199.69, 201.32, 165.90 
184.0, 199.86, 201.82, 167.50 
195.0, 199.87, 202.32, 170.20 
206.0, 200.21, 202.94, 173.70 
215.0, 200.76, 203.54, 178.20 
218.0, 201.33, 204.02, 183.70 
216.0, 201.82, 203.88, 189.40 
216.0, 202.37, 203.60, 194.60 
214.0, 202.86, 203.28, 199.40 
215.0, 203.30, 202.98, 204.30 
215.0, 203.72, 202.68, 209.40 
222.0, 204.26, 202.52, 213.20 
214.0, 204.73, 202.20, 215.10 
221.0, 205.35, 202.08, 216.60 
217.0, 205.91, 201.82, 216.80 
216.0, 206.47, 201.54, 216.60 
216.0, 207.01, 201.22, 216.60 
218.0, 207.57, 200.94, 216.80 
218.0, 208.13, 200.70, 217.20 
219.0, 208.74, 200.48, 217.60 
227.0, 209.43, 200.42, 218.80 
224.0, 210.09, 200.18, 219.00 
227.0, 210.74, 200.00, 220.30 
235.0, 211.47, 199.98, 221.70 
248.0, 212.29, 200.22, 224.80 
241.0, 213.04, 200.32, 227.30 
159.0, 212.91, 200.28, 221.60 
187.0, 212.92, 199.68, 218.50 
177.0, 212.55, 198.94, 214.40 
183.0, 212.23, 198.48, 210.80 
162.0, 211.57, 197.68, 204.30 
155.0, 210.83, 196.78, 197.40 
169.0, 210.23, 196.08, 191.60 
171.0, 209.67, 195.62, 185.20 
176.0, 209.06, 195.30, 178.00 
173.0, 208.43, 194.92, 171.20 
176.0, 207.84, 194.38, 172.90 
186.0, 207.25, 194.32, 172.80 
184.0, 206.68, 194.44, 173.50 
184.0, 206.11, 194.78, 173.60 
192.0, 205.61, 195.00, 176.60 
214.0, 205.33, 195.92, 182.50 
204.0, 204.94, 196.64, 186.00 
204.0, 204.52, 197.30, 189.30 
204.0, 204.11, 197.98, 192.10 
207.0, 203.77, 198.86, 195.50 
208.0, 203.47, 199.84, 198.70 
206.0, 203.16, 200.68, 200.70 
212.0, 202.91, 201.60, 203.50 
214.0, 202.68, 202.56, 206.50 
213.0, 202.43, 203.54, 208.60 
161.0, 202.45, 203.08, 203.30 
185.0, 202.60, 202.88, 201.40 
174.0, 202.59, 202.24, 198.40 
177.0, 202.51, 201.48, 195.70 
178.0, 202.35, 200.68, 192.80 
176.0, 201.88, 199.88, 189.60 
158.0, 201.16, 198.72, 184.80 
182.0, 200.68, 198.08, 181.80 
182.0, 200.20, 197.42, 178.60 
184.0, 199.74, 196.80, 175.70 
178.0, 199.22, 195.92, 177.40 
178.0, 198.70, 195.20, 176.70 
185.0, 198.28, 194.48, 177.80 
200.0, 197.98, 194.14, 180.10 
192.0, 197.60, 193.66, 181.50 
195.0, 197.23, 193.24, 183.40 
186.0, 196.77, 192.60, 186.20 
186.0, 196.33, 191.96, 186.60 
199.0, 196.02, 191.56, 188.30 
187.0, 195.59, 190.76, 188.60 
184.0, 195.07, 189.96, 189.20 
180.0, 194.51, 189.02, 189.40 
188.0, 194.03, 188.08, 189.70 
187.0, 193.54, 186.86, 188.40 
212.0, 193.30, 186.28, 190.40 
163.0, 193.32, 186.36, 187.20 
194.0, 193.09, 186.50, 188.00 
189.0, 192.84, 186.74, 188.30 
189.0, 192.67, 186.86, 187.30 
202.0, 192.67, 187.66, 188.80 
201.0, 192.68, 188.58, 190.50 
203.0, 192.67, 189.26, 192.80 
189.0, 192.62, 189.62, 192.90 
207.0, 192.77, 190.24, 194.90 
199.0, 192.84, 190.76, 193.60 
215.0, 192.96, 191.54, 198.80 
224.0, 193.31, 192.30, 201.80 
214.0, 193.67, 192.90, 204.30 
214.0, 194.14, 193.50, 206.80 
197.0, 194.30, 193.60, 206.30 
204.0, 194.66, 193.40, 206.60 
200.0, 194.98, 193.32, 206.30 
187.0, 195.14, 192.98, 206.10 
192.0, 195.36, 192.74, 204.60 
192.0, 195.65, 192.44, 203.90 
191.0, 195.97, 192.10, 201.50 
191.0, 196.24, 191.80, 198.20 
195.0, 196.53, 191.46, 196.30 
195.0, 196.82, 191.08, 194.40 
195.0, 197.13, 190.72, 194.20 
152.0, 196.81, 190.54, 189.00 
204.0, 196.90, 190.92, 189.40 
212.0, 196.96, 191.68, 191.90 
226.0, 197.07, 192.66, 195.30 
216.0, 197.05, 193.42, 197.70 
221.0, 197.10, 194.32, 200.70 
224.0, 197.18, 195.64, 204.00 
222.0, 197.26, 196.44, 206.70 
221.0, 197.32, 197.22, 209.30 
222.0, 197.39, 197.98, 212.00 
222.0, 197.39, 198.86, 219.00 
223.0, 197.48, 199.76, 220.90 
219.0, 197.46, 200.44, 221.60 
222.0, 197.51, 200.88, 221.20 
222.0, 197.57, 201.48, 221.80 
228.0, 197.69, 202.14, 222.50 
228.0, 197.79, 202.98, 222.90 
239.0, 198.00, 204.04, 224.60 
238.0, 198.19, 204.82, 226.30 
239.0, 198.31, 205.86, 228.00 
239.0, 198.46, 206.96, 229.70 
239.0, 198.58, 208.14, 231.30 
241.0, 198.64, 209.20, 233.50 
240.0, 198.56, 210.26, 235.30 
