69.0, 69.00, 69.00, 69.00 
2112.0, 1090.50, 1090.50, 1090.50 
2544.0, 1575.00, 1575.00, 1575.00 
364.0, 1272.25, 1272.25, 1272.25 
1902.0, 1398.20, 1398.20, 1398.20 
1691.0, 1447.00, 1447.00, 1447.00 
944.0, 1375.14, 1375.14, 1375.14 
624.0, 1281.25, 1281.25, 1281.25 
629.0, 1208.78, 1208.78, 1208.78 
772.0, 1165.10, 1165.10, 1165.10 
1337.0, 1180.73, 1180.73, 1291.90 
909.0, 1158.08, 1158.08, 1171.60 
1023.0, 1147.69, 1147.69, 1019.50 
385.0, 1093.21, 1093.21, 1021.60 
597.0, 1060.13, 1060.13, 891.10 
1147.0, 1065.56, 1065.56, 836.70 
578.0, 1036.88, 1036.88, 800.10 
503.0, 1007.22, 1007.22, 788.00 
619.0, 986.79, 986.79, 787.00 
735.0, 974.20, 974.20, 783.30 
741.0, 963.10, 963.10, 723.70 
609.0, 947.00, 947.00, 693.70 
489.0, 927.09, 927.09, 640.30 
2286.0, 983.71, 983.71, 830.40 
1092.0, 988.04, 988.04, 879.90 
577.0, 972.23, 972.23, 822.90 
991.0, 972.93, 972.93, 864.20 
799.0, 966.71, 966.71, 893.80 
670.0, 956.48, 956.48, 898.90 
2411.0, 1004.97, 1004.97, 1066.50 
929.0, 1002.52, 1002.52, 1085.30 
852.0, 997.81, 997.81, 1109.60 
1805.0, 1022.27, 1022.27, 1241.20 
2201.0, 1056.94, 1056.94, 1232.70 
2194.0, 1089.43, 1089.43, 1342.90 
580.0, 1075.28, 1075.28, 1343.20 
924.0, 1071.19, 1071.19, 1336.50 
856.0, 1065.53, 1065.53, 1342.20 
1447.0, 1075.31, 1075.31, 1419.90 
841.0, 1069.45, 1069.45, 1262.90 
775.0, 1062.27, 1062.27, 1247.50 
845.0, 1057.10, 1057.10, 1246.80 
148.0, 1035.95, 1035.95, 1081.10 
803.0, 1030.66, 1030.66, 941.30 
712.0, 1023.58, 1023.58, 793.10 
306.0, 1007.98, 1007.98, 765.70 
1047.0, 1008.81, 1008.81, 778.00 
597.0, 1000.23, 1000.23, 752.10 
727.0, 994.65, 994.65, 680.10 
955.0, 993.86, 993.86, 691.50 
69.0, 975.73, 993.86, 620.90 
910.0, 974.46, 969.82, 627.40 
460.0, 964.75, 928.14, 658.60 
1023.0, 965.83, 941.32, 680.60 
814.0, 963.07, 919.56, 690.80 
683.0, 958.07, 899.40, 728.50 
750.0, 954.42, 895.52, 698.80 
824.0, 952.17, 899.52, 721.50 
1466.0, 960.88, 916.26, 795.40 
941.0, 960.55, 919.64, 794.00 
510.0, 953.16, 903.10, 838.10 
1598.0, 963.56, 916.88, 906.90 
961.0, 963.52, 915.64, 957.00 
1818.0, 976.88, 944.30, 1036.50 
1680.0, 987.69, 965.96, 1123.10 
1569.0, 996.50, 974.40, 1211.70 
2010.0, 1011.63, 1003.04, 1337.70 
1654.0, 1021.07, 1026.06, 1420.70 
1439.0, 1027.13, 1042.46, 1418.00 
1639.0, 1035.87, 1060.54, 1487.80 
1640.0, 1044.38, 1078.52, 1600.80 
1972.0, 1057.26, 1105.78, 1638.20 
1659.0, 1065.51, 1129.18, 1708.00 
2677.0, 1087.28, 1137.00, 1793.90 
2542.0, 1106.68, 1166.00, 1880.10 
2688.0, 1127.49, 1208.22, 1992.00 
2999.0, 1151.79, 1248.38, 2090.90 
1736.0, 1159.28, 1267.12, 2099.10 
2187.0, 1172.29, 1297.46, 2173.90 
3217.0, 1197.85, 1313.58, 2331.70 
1921.0, 1206.78, 1333.42, 2359.80 
2302.0, 1220.13, 1362.42, 2392.80 
2684.0, 1237.77, 1380.00, 2495.30 
2513.0, 1252.95, 1386.24, 2478.90 
2267.0, 1264.88, 1387.70, 2451.40 
2684.0, 1281.38, 1429.78, 2451.00 
1662.0, 1285.76, 1444.54, 2317.30 
1587.0, 1289.18, 1459.16, 2302.40 
2022.0, 1297.42, 1470.66, 2285.90 
1875.0, 1303.83, 1491.34, 2151.70 
1752.0, 1308.76, 1510.88, 2134.80 
1633.0, 1312.28, 1526.64, 2067.90 
1970.0, 1319.35, 1563.08, 1996.50 
1584.0, 1322.17, 1578.70, 1903.60 
2007.0, 1329.38, 1604.60, 1877.60 
1769.0, 1333.96, 1633.86, 1786.10 
3118.0, 1352.35, 1675.28, 1931.70 
2127.0, 1360.26, 1705.88, 1985.70 
1981.0, 1366.53, 1730.96, 1981.60 
2478.0, 1377.64, 1761.42, 2041.90 
69.0, 1377.64, 1761.42, 1873.60 
2896.0, 1385.48, 1801.14, 1999.90 
1760.0, 1377.64, 1827.14, 1978.90 
2627.0, 1400.27, 1859.22, 2083.20 
2355.0, 1404.80, 1890.04, 2118.00 
2307.0, 1410.96, 1922.52, 2171.80 
2114.0, 1422.66, 1949.80, 2071.40 
1417.0, 1430.59, 1961.66, 2000.40 
2041.0, 1444.71, 1973.16, 2006.40 
2360.0, 1460.59, 2001.54, 1994.60 
2414.0, 1471.36, 2039.62, 2229.10 
2235.0, 1484.62, 2052.36, 2163.00 
1700.0, 1491.39, 2067.14, 2157.00 
1365.0, 1501.19, 2058.08, 2030.80 
1814.0, 1513.36, 2060.76, 1976.70 
2424.0, 1526.13, 2077.86, 1988.40 
1281.0, 1533.16, 2063.28, 1905.10 
1506.0, 1543.19, 2060.32, 1914.00 
1105.0, 1548.05, 2053.64, 1820.40 
1817.0, 1558.87, 2057.20, 1766.10 
2680.0, 1578.26, 2078.00, 1792.70 
1748.0, 1589.65, 2073.52, 1744.00 
2125.0, 1606.01, 2082.84, 1786.50 
2277.0, 1605.92, 2074.84, 1877.70 
2689.0, 1621.89, 2077.78, 1965.20 
2158.0, 1637.70, 2067.18, 1938.60 
2104.0, 1648.83, 2049.28, 2020.90 
1748.0, 1658.32, 2049.52, 2045.10 
2188.0, 1673.50, 2049.54, 2153.40 
2138.0, 1670.77, 2027.96, 2185.50 
1929.0, 1680.77, 2028.12, 2110.40 
1548.0, 1687.73, 2013.04, 2090.40 
2610.0, 1695.78, 2011.56, 2138.90 
2815.0, 1701.92, 2017.60, 2192.70 
2271.0, 1702.69, 2017.68, 2150.90 
2602.0, 1722.91, 2016.04, 2195.30 
2174.0, 1735.41, 2026.28, 2202.30 
1871.0, 1745.56, 2031.96, 2214.60 
2433.0, 1755.42, 2040.18, 2239.10 
2056.0, 1767.57, 2043.80, 2230.90 
1655.0, 1776.37, 2041.86, 2203.50 
2254.0, 1790.46, 2054.28, 2274.10 
1958.0, 1808.56, 2054.04, 2208.90 
2903.0, 1829.56, 2080.42, 2217.70 
2500.0, 1847.44, 2090.28, 2240.60 
1604.0, 1860.42, 2086.98, 2140.80 
1914.0, 1869.09, 2062.90, 2114.80 
1381.0, 1876.93, 2047.98, 2065.80 
1505.0, 1884.71, 2038.46, 1973.00 
1691.0, 1892.07, 2022.72, 1936.50 
69.0, 1892.07, 2022.72, 1777.90 
3053.0, 1913.50, 2025.86, 1857.80 
2222.0, 1931.12, 2035.10, 1884.20 
2331.0, 1944.20, 2029.18, 1827.00 
2352.0, 1959.58, 2029.12, 1812.20 
2138.0, 1974.13, 2025.74, 1865.60 
2209.0, 1988.72, 2027.64, 1895.10 
2566.0, 2006.14, 2050.62, 2013.60 
3068.0, 2022.16, 2071.16, 2169.90 
3017.0, 2042.92, 2084.30, 2302.50 
1778.0, 2055.60, 2071.58, 2473.40 
1880.0, 2058.42, 2064.48, 2356.10 
2387.0, 2072.68, 2078.22, 2372.60 
2296.0, 2077.46, 2096.84, 2369.10 
2265.0, 2083.31, 2105.86, 2360.40 
2360.0, 2091.22, 2104.58, 2382.60 
2442.0, 2095.54, 2127.80, 2405.90 
1881.0, 2097.81, 2135.30, 2337.40 
2475.0, 2108.17, 2162.70, 2278.10 
2255.0, 2114.33, 2171.46, 2201.90 
3109.0, 2129.02, 2180.04, 2335.00 
2086.0, 2130.16, 2186.80, 2355.60 
2701.0, 2140.58, 2198.32, 2387.00 
2045.0, 2134.26, 2193.68, 2361.90 
2501.0, 2133.85, 2189.92, 2385.50 
2024.0, 2127.21, 2187.24, 2351.90 
3285.0, 2130.07, 2210.86, 2436.20 
3122.0, 2143.93, 2238.34, 2560.30 
2923.0, 2151.29, 2253.04, 2605.10 
2685.0, 2145.97, 2263.98, 2648.10 
2815.0, 2154.91, 2281.70, 2618.70 
3347.0, 2165.36, 2317.68, 2744.80 
3143.0, 2169.95, 2328.34, 2789.00 
3046.0, 2175.28, 2332.96, 2889.10 
2488.0, 2177.49, 2337.30, 2887.80 
2309.0, 2173.74, 2331.44, 2916.30 
2753.0, 2184.65, 2343.02, 2863.10 
3160.0, 2200.38, 2368.80, 2866.90 
3224.0, 2212.40, 2384.62, 2897.00 
2753.0, 2221.18, 2398.56, 2903.80 
2828.0, 2231.94, 2422.02, 2905.10 
2866.0, 2244.27, 2434.26, 2857.00 
2971.0, 2254.28, 2454.52, 2839.80 
3052.0, 2268.96, 2457.50, 2840.40 
2915.0, 2278.04, 2465.80, 2883.10 
2235.0, 2282.70, 2478.42, 2875.70 
2625.0, 2277.77, 2492.64, 2862.90 
2672.0, 2283.22, 2518.46, 2814.10 
2582.0, 2289.23, 2540.00, 2749.90 
2372.0, 2288.17, 2553.62, 2711.80 
69.0, 2288.17, 2553.62, 2435.90 
2927.0, 2288.48, 2551.10, 2442.00 
2932.0, 2300.20, 2565.30, 2438.10 
3041.0, 2304.34, 2579.50, 2437.00 
2611.0, 2306.90, 2584.68, 2406.60 
3015.0, 2313.98, 2602.22, 2484.60 
2610.0, 2318.94, 2610.24, 2483.10 
3091.0, 2335.68, 2620.74, 2525.00 
2461.0, 2339.88, 2608.60, 2512.90 
2504.0, 2341.32, 2598.34, 2526.10 
3092.0, 2348.10, 2624.62, 2828.40 
3130.0, 2357.05, 2649.62, 2848.70 
1283.0, 2352.88, 2627.54, 2683.80 
3144.0, 2370.67, 2644.50, 2694.10 
2749.0, 2380.02, 2654.18, 2707.90 
2569.0, 2381.47, 2658.36, 2663.30 
3011.0, 2398.77, 2669.74, 2703.40 
2559.0, 2409.30, 2683.30, 2650.20 
3188.0, 2430.13, 2697.56, 2722.90 
2925.0, 2441.21, 2710.96, 2765.00 
2645.0, 2440.86, 2701.68, 2720.30 
2304.0, 2446.42, 2706.04, 2637.70 
3053.0, 2455.70, 2713.08, 2814.70 
2751.0, 2460.44, 2727.20, 2775.40 
2910.0, 2462.65, 2735.38, 2791.50 
2997.0, 2471.04, 2754.84, 2834.30 
3200.0, 2482.00, 2753.14, 2853.20 
2796.0, 2492.48, 2746.62, 2876.90 
2400.0, 2494.60, 2736.16, 2798.10 
2720.0, 2500.42, 2736.86, 2777.60 
2125.0, 2502.38, 2723.06, 2725.60 
2412.0, 2511.02, 2704.36, 2736.40 
3217.0, 2517.09, 2705.84, 2752.80 
2446.0, 2513.40, 2693.84, 2722.30 
2078.0, 2511.47, 2685.64, 2639.10 
2076.0, 2506.21, 2680.98, 2547.00 
2456.0, 2509.03, 2675.04, 2472.60 
2292.0, 2513.24, 2657.68, 2422.20 
3029.0, 2519.20, 2653.78, 2485.10 
2848.0, 2527.12, 2655.68, 2497.90 
2907.0, 2539.64, 2657.26, 2576.10 
2920.0, 2546.30, 2658.34, 2626.90 
2104.0, 2547.76, 2641.00, 2515.60 
2700.0, 2545.73, 2633.96, 2541.00 
2452.0, 2545.25, 2624.70, 2578.40 
2720.0, 2556.41, 2634.40, 2642.80 
3028.0, 2567.55, 2642.46, 2700.00 
2407.0, 2577.81, 2637.16, 2711.50 
3010.0, 2592.86, 2645.72, 2709.60 
3434.0, 2610.29, 2666.96, 2768.20 
69.0, 2610.29, 2666.96, 2484.40 
2457.0, 2604.33, 2657.56, 2438.10 
2496.0, 2607.07, 2648.84, 2477.30 
2928.0, 2613.04, 2646.58, 2500.10 
2953.0, 2619.05, 2653.42, 2550.20 
2796.0, 2625.63, 2649.04, 2557.80 
2698.0, 2630.52, 2650.80, 2524.80 
2759.0, 2632.45, 2644.16, 2560.00 
2968.0, 2631.45, 2654.30, 2555.80 
2476.0, 2626.04, 2653.74, 2460.00 
2894.0, 2637.20, 2649.78, 2742.50 
2637.0, 2644.77, 2639.92, 2760.50 
3074.0, 2651.64, 2675.74, 2818.30 
2441.0, 2653.09, 2661.68, 2769.60 
3127.0, 2661.71, 2669.24, 2787.00 
2305.0, 2661.16, 2663.96, 2737.90 
2747.0, 2664.21, 2658.68, 2742.80 
3284.0, 2678.24, 2673.18, 2795.30 
2747.0, 2680.96, 2664.36, 2773.20 
2711.0, 2685.52, 2660.08, 2796.70 
2300.0, 2677.43, 2653.18, 2737.30 
3094.0, 2687.51, 2668.98, 2783.00 
3232.0, 2692.82, 2672.56, 2798.80 
2543.0, 2697.80, 2668.40, 2809.00 
2821.0, 2701.00, 2666.62, 2778.40 
2456.0, 2705.32, 2655.80, 2793.50 
2186.0, 2694.33, 2635.52, 2737.40 
2493.0, 2688.04, 2629.46, 2658.30 
2453.0, 2683.34, 2630.52, 2628.90 
2810.0, 2684.59, 2632.32, 2638.80 
2244.0, 2678.88, 2634.70, 2633.20 
1927.0, 2664.68, 2625.00, 2516.50 
2780.0, 2661.05, 2616.26, 2471.30 
2416.0, 2654.75, 2615.66, 2458.60 
2676.0, 2656.63, 2627.62, 2444.10 
3002.0, 2663.56, 2646.14, 2498.70 
2932.0, 2665.35, 2655.66, 2573.30 
2275.0, 2656.50, 2655.32, 2551.50 
3333.0, 2657.59, 2661.40, 2639.50 
2891.0, 2658.97, 2662.26, 2647.60 
2227.0, 2652.96, 2648.66, 2645.90 
3140.0, 2655.70, 2653.06, 2767.20 
2978.0, 2655.77, 2670.54, 2787.00 
3651.0, 2661.76, 2689.56, 2910.50 
2223.0, 2654.84, 2684.98, 2865.20 
2823.0, 2660.72, 2687.04, 2847.30 
3025.0, 2664.72, 2686.98, 2856.60 
2306.0, 2661.06, 2684.96, 2859.70 
2640.0, 2661.64, 2677.56, 2790.40 
3000.0, 2667.92, 2668.88, 2801.30 
69.0, 2667.92, 2668.88, 2585.50 
2657.0, 2665.22, 2672.88, 2537.20 
2311.0, 2659.01, 2669.18, 2470.50 
3052.0, 2659.12, 2671.66, 2410.60 
2400.0, 2657.01, 2660.60, 2428.30 
2742.0, 2654.28, 2659.52, 2420.20 
2643.0, 2654.61, 2658.42, 2382.00 
2288.0, 2646.58, 2649.00, 2380.20 
2950.0, 2651.47, 2648.64, 2411.20 
2632.0, 2652.75, 2651.76, 2374.40 
2875.0, 2650.58, 2651.38, 2655.00 
3142.0, 2650.70, 2661.48, 2703.50 
2982.0, 2667.69, 2659.64, 2770.60 
3155.0, 2667.80, 2673.92, 2780.90 
2895.0, 2669.26, 2669.28, 2830.40 
1888.0, 2662.45, 2660.94, 2745.00 
3280.0, 2665.14, 2671.60, 2808.70 
2851.0, 2668.06, 2662.94, 2865.00 
1797.0, 2654.15, 2643.94, 2749.70 
3335.0, 2658.25, 2656.42, 2820.00 
3489.0, 2666.69, 2680.20, 2881.40 
2972.0, 2673.37, 2677.76, 2864.40 
3072.0, 2673.56, 2674.56, 2873.40 
3190.0, 2677.95, 2687.50, 2876.90 
2933.0, 2678.18, 2689.74, 2880.70 
3199.0, 2680.20, 2704.60, 3011.80 
2927.0, 2677.47, 2719.42, 2976.50 
3069.0, 2680.20, 2730.94, 2998.30 
2931.0, 2685.51, 2740.50, 3111.70 
2474.0, 2683.05, 2733.78, 3025.60 
3021.0, 2692.01, 2749.32, 2978.80 
2809.0, 2695.98, 2766.96, 2962.50 
2843.0, 2692.24, 2768.22, 2939.60 
2757.0, 2695.35, 2775.04, 2896.30 
2800.0, 2702.57, 2777.52, 2883.00 
3049.0, 2712.30, 2778.46, 2868.00 
2899.0, 2716.73, 2777.80, 2865.20 
2832.0, 2722.13, 2788.94, 2841.50 
2977.0, 2721.61, 2781.82, 2846.10 
3155.0, 2724.68, 2787.10, 2914.20 
2451.0, 2720.12, 2791.58, 2857.20 
3329.0, 2724.21, 2795.36, 2909.20 
3018.0, 2733.35, 2796.16, 2926.70 
2856.0, 2734.91, 2780.26, 2936.60 
2743.0, 2737.82, 2790.66, 2930.90 
2799.0, 2738.61, 2790.18, 2905.90 
2562.0, 2733.95, 2780.92, 2872.20 
2826.0, 2738.14, 2791.32, 2871.60 
3020.0, 2738.24, 2798.92, 2875.90 
2785.0, 2731.75, 2794.62, 2838.90 
69.0, 2731.75, 2794.62, 2600.70 
3260.0, 2739.78, 2806.68, 2593.80 
2967.0, 2744.49, 2819.80, 2588.70 
3267.0, 2747.88, 2824.10, 2629.80 
3087.0, 2749.22, 2837.84, 2664.20 
2837.0, 2749.63, 2839.74, 2668.00 
2998.0, 2752.63, 2846.84, 2711.60 
3153.0, 2756.57, 2864.14, 2744.30 
2261.0, 2749.50, 2850.36, 2668.40 
2472.0, 2749.46, 2847.16, 2637.10 
3386.0, 2754.38, 2857.38, 2968.80 
3127.0, 2759.28, 2857.08, 2955.50 
3118.0, 2759.72, 2859.80, 2970.60 
3041.0, 2765.72, 2857.52, 2948.00 
3330.0, 2767.75, 2866.22, 2972.30 
2507.0, 2769.77, 2878.60, 2939.30 
3107.0, 2773.37, 2875.14, 2950.20 
2927.0, 2769.80, 2876.66, 2927.60 
2888.0, 2771.21, 2898.48, 2990.30 
2596.0, 2770.06, 2883.70, 3002.70 
2745.0, 2774.51, 2868.82, 2938.60 
2540.0, 2768.97, 2860.18, 2879.90 
3307.0, 2769.72, 2864.88, 2898.80 
3089.0, 2775.18, 2862.86, 2903.60 
2745.0, 2774.42, 2859.10, 2845.10 
2951.0, 2779.37, 2854.14, 2889.50 
2785.0, 2785.36, 2851.30, 2857.30 
2920.0, 2789.63, 2848.32, 2856.60 
2892.0, 2794.02, 2847.54, 2857.00 
1975.0, 2785.67, 2837.56, 2794.90 
2919.0, 2792.42, 2835.52, 2812.30 
2938.0, 2802.53, 2838.10, 2852.10 
2417.0, 2798.90, 2829.58, 2763.10 
2462.0, 2799.36, 2823.68, 2700.40 
2938.0, 2801.98, 2826.44, 2719.70 
3078.0, 2802.74, 2827.02, 2732.40 
2786.0, 2801.28, 2824.76, 2732.50 
2115.0, 2799.68, 2810.42, 2652.00 
2491.0, 2791.26, 2800.70, 2611.90 
2468.0, 2787.03, 2786.96, 2661.20 
2453.0, 2789.29, 2787.00, 2614.60 
3322.0, 2791.11, 2786.86, 2653.00 
1926.0, 2780.59, 2765.02, 2603.90 
2750.0, 2771.58, 2762.90, 2632.70 
2338.0, 2772.73, 2754.80, 2572.70 
2961.0, 2774.11, 2758.04, 2561.00 
2471.0, 2768.57, 2756.22, 2529.50 
2750.0, 2773.01, 2754.70, 2593.00 
2449.0, 2771.10, 2743.28, 2588.80 
3029.0, 2771.39, 2748.16, 2644.90 
69.0, 2771.39, 2748.16, 2406.50 
2612.0, 2770.94, 2735.20, 2335.50 
3215.0, 2779.98, 2740.16, 2464.40 
3032.0, 2779.78, 2735.46, 2492.60 
2628.0, 2782.06, 2726.28, 2521.60 
3136.0, 2786.00, 2732.26, 2539.10 
3110.0, 2790.67, 2734.50, 2603.00 
3309.0, 2800.88, 2737.62, 2658.90 
3042.0, 2801.80, 2753.24, 2718.20 
2963.0, 2805.11, 2763.06, 2711.60 
2878.0, 2805.14, 2752.90, 2992.50 
2908.0, 2802.80, 2748.52, 3022.10 
3041.0, 2803.39, 2746.98, 3004.70 
2983.0, 2801.67, 2745.82, 2999.80 
2463.0, 2797.35, 2728.48, 2983.30 
2883.0, 2807.30, 2736.00, 2958.00 
2856.0, 2803.06, 2730.98, 2932.60 
2111.0, 2795.66, 2714.66, 2812.80 
2009.0, 2797.78, 2697.08, 2709.50 
1906.0, 2783.49, 2683.28, 2603.80 
2265.0, 2771.25, 2673.68, 2542.50 
2855.0, 2770.08, 2679.98, 2537.20 
2398.0, 2763.34, 2661.80, 2472.90 
2374.0, 2755.18, 2647.50, 2412.00 
2575.0, 2751.60, 2644.10, 2423.20 
2178.0, 2741.39, 2628.64, 2352.70 
1577.0, 2727.89, 2604.48, 2224.80 
2295.0, 2720.15, 2591.98, 2243.20 
2033.0, 2711.17, 2574.80, 2245.60 
2827.0, 2714.70, 2591.84, 2337.70 
2466.0, 2709.15, 2582.78, 2357.80 
1690.0, 2697.96, 2557.82, 2241.30 
3387.0, 2703.40, 2577.22, 2340.20 
2699.0, 2702.82, 2581.96, 2372.70 
2163.0, 2696.45, 2566.46, 2331.50 
1727.0, 2683.23, 2539.44, 2286.40 
2180.0, 2676.04, 2527.32, 2346.70 
3115.0, 2678.87, 2547.32, 2428.70 
2572.0, 2674.82, 2548.94, 2482.60 
2614.0, 2669.41, 2551.86, 2461.30 
2857.0, 2673.47, 2559.94, 2500.40 
2302.0, 2663.20, 2539.54, 2561.60 
1997.0, 2652.99, 2540.96, 2422.60 
2339.0, 2647.82, 2532.74, 2386.60 
1467.0, 2635.06, 2515.32, 2317.00 
2396.0, 2631.03, 2504.02, 2383.90 
2247.0, 2627.88, 2499.54, 2390.60 
2526.0, 2624.88, 2495.06, 2331.70 
2435.0, 2619.03, 2494.78, 2318.00 
2355.0, 2614.73, 2481.30, 2292.10 
69.0, 2614.73, 2481.30, 2013.30 
1589.0, 2598.02, 2460.84, 1942.00 
1515.0, 2583.50, 2426.84, 1893.80 
1391.0, 2564.74, 2394.02, 1799.00 
1411.0, 2547.98, 2369.68, 1793.40 
1787.0, 2537.48, 2342.70, 1732.50 
1583.0, 2523.33, 2312.16, 1666.10 
1395.0, 2505.75, 2273.88, 1553.00 
1798.0, 2501.12, 2249.00, 1489.30 
1497.0, 2491.37, 2219.68, 1403.50 
1377.0, 2471.28, 2189.66, 1534.30 
1587.0, 2455.88, 2163.24, 1534.10 
998.0, 2434.68, 2122.38, 1482.40 
1754.0, 2421.81, 2097.80, 1518.70 
1245.0, 2400.96, 2073.44, 1502.10 
1734.0, 2393.23, 2050.46, 1496.80 
1402.0, 2376.18, 2021.38, 1478.70 
1492.0, 2361.83, 2009.00, 1488.40 
1454.0, 2347.49, 1997.90, 1454.00 
1974.0, 2341.27, 1999.26, 1501.70 
1619.0, 2330.01, 1986.34, 1525.90 
1071.0, 2315.32, 1950.66, 1474.30 
1138.0, 2293.63, 1925.46, 1488.30 
1468.0, 2277.42, 1907.34, 1459.70 
1244.0, 2262.41, 1880.72, 1459.60 
1635.0, 2249.25, 1869.86, 1449.70 
2028.0, 2241.68, 1878.88, 1512.30 
1413.0, 2226.61, 1861.24, 1504.40 
1580.0, 2213.49, 1852.18, 1517.00 
1744.0, 2211.18, 1830.52, 1494.00 
1801.0, 2200.00, 1817.22, 1512.20 
1969.0, 2190.31, 1822.80, 1602.00 
1661.0, 2182.75, 1788.28, 1654.30 
1649.0, 2174.62, 1767.28, 1672.40 
1403.0, 2159.27, 1752.08, 1688.30 
1778.0, 2146.27, 1753.10, 1702.60 
1821.0, 2136.62, 1745.92, 1681.90 
1939.0, 2134.86, 1722.40, 1734.50 
1749.0, 2127.44, 1705.94, 1751.40 
1917.0, 2121.93, 1692.00, 1768.70 
1650.0, 2113.90, 1667.86, 1753.60 
1646.0, 2097.14, 1654.74, 1721.30 
1380.0, 2091.68, 1642.40, 1693.20 
1369.0, 2077.87, 1623.00, 1665.20 
875.0, 2063.24, 1611.16, 1612.40 
1247.0, 2046.10, 1588.18, 1559.30 
1070.0, 2032.09, 1564.64, 1484.20 
1134.0, 2015.93, 1536.80, 1403.70 
1454.0, 2005.98, 1517.18, 1374.20 
616.0, 1981.85, 1482.40, 1244.10 
69.0, 1981.85, 1482.40, 1086.00 
1413.0, 1969.86, 1478.88, 1062.70 
1266.0, 1950.37, 1473.90, 1051.30 
1322.0, 1933.27, 1472.52, 1046.60 
1398.0, 1920.97, 1472.26, 1098.90 
1319.0, 1902.80, 1462.90, 1106.10 
1658.0, 1888.28, 1464.40, 1164.90 
1504.0, 1870.23, 1466.58, 1201.90 
1173.0, 1851.54, 1454.08, 1173.80 
1469.0, 1836.60, 1453.52, 1259.10 
1341.0, 1821.23, 1452.80, 1386.30 
1095.0, 1803.10, 1442.96, 1354.50 
1102.0, 1783.71, 1445.04, 1338.10 
1416.0, 1768.04, 1438.28, 1347.50 
1308.0, 1756.49, 1439.54, 1338.50 
1040.0, 1738.06, 1425.66, 1310.60 
1391.0, 1723.41, 1425.44, 1283.90 
1093.0, 1713.23, 1417.46, 1242.80 
1078.0, 1703.92, 1409.94, 1233.30 
1604.0, 1700.90, 1402.54, 1246.80 
1367.0, 1691.92, 1397.50, 1249.40 
1337.0, 1676.74, 1402.82, 1273.60 
1485.0, 1667.61, 1409.76, 1311.90 
1417.0, 1658.04, 1408.74, 1312.00 
1116.0, 1643.45, 1406.18, 1292.80 
1016.0, 1631.83, 1393.80, 1290.40 
1210.0, 1628.16, 1377.44, 1272.30 
1172.0, 1616.93, 1372.62, 1280.20 
1519.0, 1611.79, 1371.40, 1324.30 
1224.0, 1595.76, 1361.00, 1286.30 
1527.0, 1586.37, 1355.52, 1302.30 
1554.0, 1585.01, 1347.22, 1324.00 
1763.0, 1568.77, 1349.26, 1351.80 
1596.0, 1557.74, 1348.20, 1369.70 
1356.0, 1549.67, 1347.26, 1393.70 
1209.0, 1544.49, 1335.88, 1413.00 
1579.0, 1538.48, 1331.04, 1449.90 
1078.0, 1518.11, 1313.82, 1440.50 
1078.0, 1503.17, 1300.40, 1396.40 
1810.0, 1495.13, 1298.26, 1455.00 
1625.0, 1482.81, 1297.76, 1464.80 
1497.0, 1474.76, 1294.78, 1459.10 
1843.0, 1473.22, 1304.04, 1467.10 
1386.0, 1463.69, 1304.38, 1446.10 
1293.0, 1461.95, 1312.74, 1439.80 
1241.0, 1450.40, 1312.62, 1443.00 
1303.0, 1440.96, 1317.28, 1415.40 
1255.0, 1428.25, 1319.70, 1433.10 
1305.0, 1416.95, 1316.72, 1455.80 
1572.0, 1409.12, 1335.84, 1432.00 
69.0, 1409.12, 1335.84, 1276.40 
2492.0, 1418.15, 1357.42, 1375.90 
2772.0, 1430.72, 1387.54, 1468.80 
3001.0, 1446.82, 1421.12, 1630.30 
2135.0, 1454.06, 1435.86, 1714.50 
2295.0, 1459.14, 1455.38, 1819.90 
2313.0, 1466.44, 1468.48, 1920.90 
761.0, 1460.10, 1453.62, 1871.50 
3063.0, 1472.75, 1491.42, 2047.30 
2624.0, 1484.02, 1514.52, 2152.50 
2114.0, 1491.39, 1529.98, 2357.00 
2319.0, 1498.71, 1554.46, 2339.70 
2603.0, 1514.76, 1584.48, 2322.80 
2430.0, 1521.52, 1604.76, 2265.70 
2168.0, 1530.75, 1621.96, 2269.00 
2386.0, 1537.27, 1648.88, 2278.10 
2967.0, 1552.92, 1680.40, 2343.50 
2932.0, 1567.32, 1717.18, 2560.60 
2159.0, 1574.37, 1738.80, 2470.20 
2709.0, 1581.72, 1760.90, 2478.70 
2776.0, 1593.29, 1789.08, 2544.90 
2742.0, 1610.00, 1817.18, 2587.20 
2704.0, 1625.66, 1841.56, 2597.30 
2790.0, 1638.88, 1869.02, 2633.30 
2415.0, 1650.59, 1895.00, 2658.00 
2496.0, 1659.20, 1924.60, 2669.00 
2502.0, 1663.94, 1950.44, 2622.50 
2387.0, 1673.68, 1974.74, 2568.00 
2458.0, 1682.46, 1993.52, 2597.90 
2615.0, 1691.17, 2021.34, 2588.50 
2743.0, 1700.59, 2045.66, 2585.20 
2545.0, 1706.35, 2065.48, 2565.50 
2999.0, 1719.73, 2090.20, 2595.00 
2261.0, 1725.85, 2103.50, 2542.10 
2129.0, 1733.11, 2118.96, 2513.50 
2531.0, 1740.64, 2145.40, 2517.00 
2623.0, 1748.66, 2166.28, 2529.10 
2484.0, 1754.11, 2194.40, 2538.80 
2615.0, 1762.77, 2225.14, 2554.50 
2866.0, 1772.26, 2246.26, 2579.60 
3230.0, 1788.06, 2278.36, 2628.30 
1396.0, 1785.56, 2276.34, 2513.40 
1960.0, 1791.36, 2278.68, 2409.50 
3052.0, 1808.19, 2312.00, 2488.60 
2372.0, 1823.16, 2333.58, 2512.90 
3102.0, 1841.71, 2370.80, 2570.00 
2720.0, 1858.21, 2399.14, 2579.70 
2594.0, 1872.81, 2425.92, 2590.70 
2738.0, 1885.65, 2454.58, 2603.00 
2040.0, 1899.89, 2463.94, 2520.40 
69.0, 1899.89, 2463.94, 2204.30 
2551.0, 1911.27, 2465.12, 2319.80 
2638.0, 1924.99, 2462.44, 2387.60 
3319.0, 1944.96, 2468.80, 2414.30 
2700.0, 1957.98, 2480.10, 2447.10 
3323.0, 1978.02, 2500.66, 2469.20 
2289.0, 1984.33, 2500.18, 2426.10 
1833.0, 1987.62, 2521.62, 2350.00 
2677.0, 2002.66, 2513.90, 2343.90 
2743.0, 2015.40, 2516.28, 2414.20 
3001.0, 2032.00, 2534.02, 2707.40 
2519.0, 2046.24, 2538.02, 2704.20 
2763.0, 2062.85, 2541.22, 2716.70 
2224.0, 2070.93, 2537.10, 2607.20 
2424.0, 2082.09, 2542.22, 2579.60 
2431.0, 2096.00, 2543.12, 2490.40 
2337.0, 2105.46, 2530.52, 2495.20 
2925.0, 2123.78, 2530.38, 2604.40 
2986.0, 2142.86, 2546.92, 2635.30 
2139.0, 2148.21, 2535.52, 2574.90 
2252.0, 2157.06, 2525.04, 2500.00 
3143.0, 2175.12, 2533.06, 2562.40 
2349.0, 2183.76, 2525.96, 2521.00 
2679.0, 2196.38, 2523.74, 2566.50 
2993.0, 2215.15, 2535.30, 2623.40 
2381.0, 2228.80, 2533.00, 2618.40 
2372.0, 2240.42, 2530.40, 2621.90 
2598.0, 2254.68, 2534.62, 2589.20 
2214.0, 2261.63, 2529.74, 2512.00 
1977.0, 2269.16, 2516.98, 2495.80 
2476.0, 2278.65, 2511.64, 2518.20 
2123.0, 2284.34, 2503.20, 2416.20 
1889.0, 2285.60, 2481.00, 2370.20 
2365.0, 2293.29, 2483.08, 2338.80 
2779.0, 2307.52, 2496.08, 2317.40 
2058.0, 2316.01, 2486.62, 2285.10 
2760.0, 2327.82, 2489.36, 2323.90 
1989.0, 2336.93, 2479.46, 2263.00 
3078.0, 2356.93, 2488.72, 2349.40 
2372.0, 2362.55, 2478.84, 2388.90 
2523.0, 2371.53, 2464.70, 2393.60 
2804.0, 2384.60, 2492.86, 2461.70 
1661.0, 2382.78, 2486.88, 2438.90 
2298.0, 2391.90, 2471.80, 2432.20 
2701.0, 2405.98, 2478.38, 2424.40 
2454.0, 2418.11, 2465.42, 2464.00 
1661.0, 2421.69, 2444.24, 2354.10 
1858.0, 2427.72, 2429.52, 2341.00 
2281.0, 2437.48, 2420.38, 2261.30 
1807.0, 2439.83, 2415.72, 2204.80 
69.0, 2439.83, 2415.72, 1959.40 
2266.0, 2437.57, 2410.02, 1905.60 
2452.0, 2434.37, 2406.30, 1984.70 
1498.0, 2419.34, 2369.88, 1904.70 
2465.0, 2422.64, 2365.18, 1881.10 
1629.0, 2415.98, 2331.30, 1798.60 
980.0, 2402.65, 2305.12, 1730.50 
1838.0, 2413.42, 2305.22, 1728.50 
2197.0, 2404.76, 2295.62, 1720.10 
2363.0, 2402.15, 2288.02, 1775.70 
2435.0, 2405.36, 2276.70, 2012.30 
2780.0, 2409.97, 2281.92, 2063.70 
2234.0, 2406.28, 2271.34, 2041.90 
2546.0, 2407.44, 2277.78, 2146.70 
2907.0, 2414.83, 2287.44, 2190.90 
2182.0, 2412.79, 2282.46, 2246.20 
3024.0, 2413.36, 2296.20, 2450.60 
2959.0, 2413.63, 2296.88, 2562.70 
2521.0, 2417.25, 2287.58, 2595.10 
2594.0, 2416.10, 2296.68, 2618.20 
2550.0, 2413.84, 2302.64, 2629.70 
2485.0, 2411.27, 2289.48, 2600.20 
2500.0, 2409.23, 2292.50, 2626.80 
2474.0, 2406.07, 2288.40, 2619.60 
2463.0, 2406.55, 2277.80, 2575.20 
2528.0, 2406.87, 2280.74, 2609.80 
2484.0, 2406.69, 2282.98, 2555.80 
2333.0, 2406.15, 2277.68, 2493.20 
2609.0, 2407.66, 2285.58, 2502.00 
2893.0, 2410.44, 2303.90, 2531.90 
2490.0, 2407.91, 2304.18, 2525.90 
1824.0, 2400.70, 2298.20, 2459.80 
2339.0, 2394.10, 2307.20, 2443.70 
3317.0, 2404.66, 2326.24, 2528.00 
2990.0, 2413.27, 2330.46, 2580.70 
3147.0, 2419.43, 2352.24, 2642.60 
1970.0, 2412.90, 2336.44, 2591.20 
2316.0, 2411.22, 2342.98, 2589.50 
2286.0, 2407.93, 2327.14, 2557.20 
3070.0, 2409.97, 2341.10, 2574.90 
2973.0, 2407.40, 2350.10, 2623.20 
2137.0, 2414.81, 2336.76, 2654.50 
2795.0, 2423.16, 2359.44, 2700.10 
1929.0, 2411.93, 2352.06, 2561.30 
3028.0, 2418.49, 2358.60, 2565.10 
2950.0, 2416.97, 2368.52, 2545.40 
2543.0, 2415.20, 2386.16, 2602.70 
2311.0, 2412.37, 2395.22, 2602.20 
3260.0, 2417.59, 2414.80, 2699.60 
2475.0, 2421.94, 2428.16, 2640.10 
69.0, 2421.94, 2428.16, 2349.70 
2381.0, 2420.24, 2430.46, 2374.10 
2795.0, 2421.81, 2437.32, 2374.10 
2623.0, 2414.85, 2459.82, 2443.50 
2809.0, 2415.94, 2466.70, 2421.60 
2801.0, 2410.72, 2490.14, 2406.70 
2231.0, 2410.14, 2515.16, 2375.50 
2910.0, 2420.91, 2536.60, 2435.40 
2758.0, 2421.72, 2547.82, 2385.20 
3124.0, 2425.53, 2563.04, 2450.10 
2117.0, 2416.69, 2556.68, 2654.90 
2342.0, 2414.92, 2547.92, 2651.00 
2465.0, 2411.94, 2552.54, 2618.00 
2247.0, 2412.17, 2546.56, 2580.40 
3090.0, 2418.83, 2550.22, 2608.50 
2201.0, 2416.53, 2550.60, 2548.50 
2914.0, 2422.30, 2548.40, 2616.80 
2551.0, 2418.56, 2540.24, 2580.90 
1797.0, 2406.67, 2525.76, 2484.80 
2799.0, 2413.27, 2529.86, 2452.30 
2412.0, 2414.87, 2527.10, 2481.80 
2587.0, 2409.31, 2529.14, 2506.30 
2746.0, 2413.28, 2534.06, 2534.40 
3249.0, 2418.98, 2549.56, 2634.60 
2612.0, 2415.17, 2552.54, 2586.80 
2233.0, 2413.69, 2546.64, 2590.00 
2869.0, 2418.66, 2554.34, 2585.50 
2359.0, 2416.27, 2554.86, 2566.30 
2170.0, 2415.83, 2546.08, 2603.60 
2054.0, 2416.60, 2529.30, 2529.10 
2691.0, 2418.75, 2533.32, 2557.00 
1775.0, 2415.27, 2532.34, 2475.80 
1448.0, 2410.86, 2514.52, 2346.00 
1935.0, 2406.56, 2486.88, 2214.60 
2610.0, 2404.87, 2479.28, 2214.40 
2886.0, 2413.15, 2474.06, 2279.70 
3413.0, 2419.68, 2502.92, 2334.10 
2526.0, 2425.05, 2507.12, 2350.80 
3437.0, 2428.64, 2530.14, 2477.50 
2445.0, 2429.37, 2517.64, 2516.60 
2322.0, 2427.36, 2504.62, 2479.70 
2540.0, 2424.72, 2512.68, 2556.20 
2234.0, 2430.45, 2501.46, 2634.80 
3170.0, 2439.17, 2526.28, 2758.30 
3193.0, 2444.09, 2529.58, 2816.60 
2885.0, 2448.40, 2528.28, 2816.50 
2876.0, 2460.55, 2534.94, 2762.80 
2733.0, 2469.30, 2543.38, 2783.50 
2900.0, 2475.49, 2536.18, 2729.80 
2750.0, 2484.92, 2541.68, 2760.30 
69.0, 2484.92, 2541.68, 2535.00 
3163.0, 2493.89, 2557.32, 2597.30 
2078.0, 2490.15, 2542.98, 2581.70 
2930.0, 2504.47, 2549.12, 2557.70 
1865.0, 2498.47, 2530.24, 2424.90 
2613.0, 2508.31, 2526.48, 2397.70 
2124.0, 2519.75, 2524.34, 2322.50 
2715.0, 2528.52, 2520.44, 2320.70 
2734.0, 2533.89, 2519.96, 2304.10 
2544.0, 2535.70, 2508.36, 2283.50 
3061.0, 2541.96, 2527.24, 2582.70 
1641.0, 2530.57, 2513.22, 2430.50 
2986.0, 2538.09, 2523.64, 2521.30 
2866.0, 2541.29, 2536.02, 2514.90 
2538.0, 2537.60, 2524.98, 2582.20 
2904.0, 2544.82, 2539.04, 2611.30 
2284.0, 2537.42, 2526.44, 2627.30 
2606.0, 2533.89, 2527.54, 2616.40 
2599.0, 2534.67, 2543.58, 2602.90 
2972.0, 2538.45, 2547.04, 2645.70 
2427.0, 2537.22, 2547.34, 2582.30 
2746.0, 2539.83, 2550.52, 2692.80 
3102.0, 2545.85, 2557.64, 2704.40 
2602.0, 2547.13, 2544.70, 2678.00 
2466.0, 2547.16, 2541.78, 2670.80 
2767.0, 2549.55, 2552.46, 2657.10 
3184.0, 2556.55, 2558.76, 2747.10 
2546.0, 2558.68, 2562.50, 2741.10 
2216.0, 2554.75, 2563.42, 2702.80 
2173.0, 2547.55, 2565.80, 2622.90 
2467.0, 2547.32, 2561.32, 2626.90 
2285.0, 2551.93, 2571.52, 2580.80 
1716.0, 2545.70, 2576.88, 2442.20 
2320.0, 2535.73, 2584.58, 2414.00 
2773.0, 2533.56, 2587.84, 2444.70 
2988.0, 2531.97, 2589.88, 2466.80 
3234.0, 2544.61, 2586.30, 2471.80 
3085.0, 2552.30, 2597.48, 2525.70 
2953.0, 2558.97, 2587.80, 2599.40 
2528.0, 2553.55, 2589.46, 2634.90 
2879.0, 2552.61, 2600.60, 2676.10 
2909.0, 2560.33, 2607.98, 2738.50 
3155.0, 2563.93, 2626.40, 2882.40 
2831.0, 2572.95, 2619.62, 2933.50 
2753.0, 2570.20, 2610.82, 2931.50 
2029.0, 2560.99, 2593.70, 2835.60 
2796.0, 2563.52, 2592.10, 2791.80 
3106.0, 2571.47, 2599.56, 2793.90 
3061.0, 2569.48, 2602.78, 2804.70 
2160.0, 2566.33, 2590.98, 2767.90 
69.0, 2566.33, 2590.98, 2486.90 
3020.0, 2572.72, 2588.12, 2498.00 
2727.0, 2572.04, 2601.10, 2455.20 
2954.0, 2575.35, 2601.58, 2467.50 
2748.0, 2574.74, 2619.24, 2467.00 
2916.0, 2575.89, 2625.30, 2555.70 
3030.0, 2583.88, 2643.42, 2579.10 
3035.0, 2585.13, 2649.82, 2572.00 
3531.0, 2592.86, 2665.76, 2619.00 
2754.0, 2589.16, 2669.96, 2678.40 
2915.0, 2597.14, 2667.04, 2963.00 
2341.0, 2597.13, 2681.04, 2895.10 
2329.0, 2595.77, 2667.90, 2855.30 
2357.0, 2596.87, 2657.72, 2795.60 
2121.0, 2587.18, 2649.38, 2732.90 
3254.0, 2597.71, 2656.38, 2766.70 
2201.0, 2590.58, 2654.72, 2683.80 
2839.0, 2593.46, 2659.38, 2664.20 
2454.0, 2600.03, 2656.48, 2556.50 
3326.0, 2605.30, 2663.56, 2613.70 
2298.0, 2604.16, 2660.98, 2552.00 
2523.0, 2603.52, 2656.52, 2570.20 
3163.0, 2607.69, 2657.74, 2653.60 
2769.0, 2602.89, 2661.08, 2694.80 
2534.0, 2602.11, 2662.44, 2736.10 
3001.0, 2609.79, 2667.12, 2710.80 
2514.0, 2606.24, 2653.72, 2742.10 
2273.0, 2605.38, 2648.26, 2685.50 
2424.0, 2607.92, 2652.42, 2682.50 
2729.0, 2614.67, 2663.54, 2622.80 
3092.0, 2618.68, 2676.04, 2702.20 
2727.0, 2628.20, 2684.88, 2722.60 
2075.0, 2634.47, 2692.06, 2613.80 
2863.0, 2643.75, 2702.92, 2623.20 
3063.0, 2648.28, 2708.72, 2676.10 
2579.0, 2645.21, 2700.54, 2633.90 
3277.0, 2643.85, 2701.40, 2710.20 
1990.0, 2638.49, 2679.50, 2681.90 
3278.0, 2636.90, 2686.00, 2767.30 
2691.0, 2639.36, 2689.26, 2763.50 
2806.0, 2644.20, 2687.80, 2734.90 
1886.0, 2637.66, 2667.34, 2650.80 
2209.0, 2637.41, 2648.42, 2664.20 
2549.0, 2631.20, 2642.78, 2632.80 
2856.0, 2627.83, 2644.84, 2612.10 
2786.0, 2626.84, 2659.98, 2632.80 
3248.0, 2630.56, 2669.02, 2629.90 
2934.0, 2632.57, 2665.58, 2724.30 
2778.0, 2631.35, 2659.92, 2674.30 
2783.0, 2631.68, 2672.38, 2683.50 
69.0, 2631.68, 2672.38, 2409.80 
1450.0, 2614.55, 2640.98, 2366.20 
1442.0, 2608.19, 2615.28, 2289.50 
1613.0, 2595.02, 2588.46, 2195.90 
1654.0, 2592.91, 2566.58, 2075.70 
1645.0, 2583.23, 2541.16, 1961.60 
1391.0, 2575.90, 2508.38, 1775.90 
1865.0, 2567.40, 2484.98, 1669.00 
1717.0, 2557.23, 2448.70, 1562.90 
1527.0, 2547.06, 2424.16, 1437.30 
1702.0, 2533.47, 2399.90, 1600.60 
1807.0, 2535.13, 2389.22, 1636.30 
1368.0, 2518.95, 2370.00, 1628.90 
1326.0, 2503.55, 2349.38, 1600.20 
1679.0, 2494.96, 2340.54, 1602.70 
1016.0, 2476.08, 2295.78, 1539.80 
1347.0, 2466.71, 2278.70, 1535.40 
1671.0, 2457.36, 2255.34, 1516.00 
1853.0, 2449.90, 2243.32, 1529.60 
1637.0, 2436.55, 2209.54, 1540.60 
1586.0, 2428.14, 2195.30, 1529.00 
1330.0, 2413.98, 2171.44, 1481.30 
1114.0, 2394.10, 2130.46, 1455.90 
1478.0, 2382.86, 2104.64, 1471.10 
1428.0, 2372.48, 2082.52, 1446.00 
1100.0, 2355.81, 2044.50, 1454.40 
1912.0, 2343.09, 2032.46, 1510.90 
1252.0, 2330.15, 2012.04, 1469.00 
1303.0, 2321.02, 1989.62, 1414.00 
1377.0, 2313.06, 1962.58, 1388.00 
2008.0, 2308.47, 1940.90, 1430.20 
1089.0, 2296.51, 1908.14, 1406.10 
1628.0, 2295.63, 1899.20, 1457.50 
1455.0, 2286.98, 1871.04, 1455.20 
1571.0, 2274.96, 1841.20, 1469.50 
1617.0, 2261.25, 1821.96, 1521.20 
1553.0, 2244.44, 1787.48, 1485.30 
1708.0, 2230.67, 1781.84, 1530.90 
1511.0, 2216.25, 1746.50, 1551.70 
1270.0, 2203.67, 1718.08, 1541.00 
1131.0, 2186.19, 1684.58, 1453.30 
1425.0, 2171.35, 1675.36, 1486.90 
2091.0, 2160.71, 1673.00, 1533.20 
1768.0, 2150.08, 1657.38, 1564.50 
1424.0, 2136.79, 1628.74, 1549.80 
1699.0, 2133.49, 1607.00, 1558.00 
1705.0, 2122.58, 1576.14, 1573.20 
1734.0, 2108.86, 1552.14, 1575.80 
1439.0, 2092.64, 1525.36, 1568.60 
1306.0, 2084.10, 1495.82, 1572.20 
69.0, 2084.10, 1495.82, 1466.00 
1109.0, 2064.99, 1489.00, 1434.40 
1334.0, 2051.06, 1486.84, 1358.70 
1039.0, 2031.91, 1475.36, 1285.80 
1043.0, 2014.86, 1463.14, 1247.70 
1113.0, 1996.83, 1452.50, 1189.10 
1137.0, 1977.90, 1447.42, 1132.30 
1951.0, 1967.06, 1449.14, 1154.00 
985.0, 1941.60, 1434.50, 1108.60 
1050.0, 1924.56, 1424.96, 1083.00 
1200.0, 1907.41, 1414.92, 1196.10 
1434.0, 1898.34, 1407.46, 1228.60 
1540.0, 1890.45, 1410.90, 1249.20 
1025.0, 1877.13, 1404.88, 1247.80 
1167.0, 1867.59, 1394.64, 1260.20 
1501.0, 1850.06, 1404.34, 1299.00 
1182.0, 1839.87, 1401.04, 1303.50 
1495.0, 1826.43, 1397.52, 1257.90 
1609.0, 1817.98, 1392.64, 1320.30 
1099.0, 1795.71, 1381.88, 1325.20 
1580.0, 1788.53, 1381.76, 1363.20 
1215.0, 1775.45, 1379.46, 1341.30 
1429.0, 1758.11, 1385.76, 1330.20 
955.0, 1739.97, 1375.30, 1323.20 
1535.0, 1729.98, 1377.44, 1360.00 
1447.0, 1714.44, 1384.38, 1354.60 
1140.0, 1700.70, 1368.94, 1350.40 
1377.0, 1691.74, 1371.44, 1338.60 
1170.0, 1679.20, 1368.78, 1294.70 
1181.0, 1663.72, 1364.86, 1302.90 
901.0, 1641.81, 1342.72, 1235.00 
1777.0, 1632.31, 1356.48, 1291.20 
1492.0, 1626.48, 1353.76, 1297.50 
1308.0, 1610.93, 1350.82, 1332.80 
1368.0, 1593.98, 1346.76, 1316.10 
1464.0, 1582.83, 1343.70, 1317.80 
1389.0, 1563.95, 1340.42, 1342.70 
1321.0, 1557.26, 1332.68, 1337.10 
1190.0, 1536.38, 1326.26, 1339.10 
1479.0, 1524.26, 1330.44, 1368.90 
1269.0, 1508.89, 1333.20, 1405.70 
1313.0, 1503.16, 1330.96, 1359.30 
1505.0, 1496.12, 1319.24, 1360.60 
1260.0, 1483.23, 1309.08, 1355.80 
1452.0, 1469.19, 1309.64, 1364.20 
1551.0, 1456.84, 1306.68, 1372.90 
1237.0, 1436.73, 1297.32, 1357.70 
1782.0, 1425.21, 1298.28, 1403.80 
1545.0, 1412.88, 1300.40, 1439.30 
1262.0, 1397.67, 1299.52, 1417.60 
69.0, 1397.67, 1299.52, 1297.60 
2807.0, 1411.24, 1333.48, 1447.00 
2822.0, 1425.04, 1363.24, 1578.70 
3112.0, 1440.03, 1404.70, 1763.90 
2802.0, 1451.51, 1439.88, 1898.90 
1775.0, 1452.81, 1453.12, 1921.30 
1784.0, 1456.74, 1466.06, 1976.00 
2672.0, 1464.81, 1480.48, 2065.00 
3139.0, 1479.03, 1523.56, 2224.40 
1568.0, 1479.44, 1533.92, 2255.00 
2278.0, 1485.20, 1555.48, 2475.90 
2649.0, 1493.62, 1579.78, 2460.10 
2170.0, 1501.64, 1592.38, 2394.90 
2209.0, 1510.47, 1616.06, 2304.60 
2545.0, 1519.13, 1643.62, 2278.90 
2728.0, 1536.25, 1668.16, 2374.20 
1732.0, 1540.10, 1679.16, 2369.00 
2236.0, 1545.75, 1693.98, 2325.40 
2586.0, 1553.08, 1713.52, 2270.10 
2240.0, 1559.11, 1736.34, 2337.30 
1944.0, 1562.69, 1743.62, 2303.90 
1845.0, 1567.84, 1756.22, 2223.50 
1997.0, 1576.67, 1767.58, 2206.20 
2351.0, 1585.40, 1795.50, 2220.40 
1284.0, 1583.96, 1790.48, 2094.30 
2466.0, 1597.62, 1810.86, 2068.10 
1841.0, 1596.91, 1824.88, 2079.00 
2259.0, 1606.98, 1842.52, 2081.30 
3109.0, 1625.04, 1881.30, 2133.60 
2707.0, 1638.34, 1911.82, 2180.30 
2127.0, 1639.53, 1936.34, 2198.60 
2149.0, 1650.13, 1943.78, 2229.00 
2132.0, 1655.17, 1956.58, 2242.50 
3102.0, 1671.64, 1992.46, 2317.60 
2014.0, 1676.07, 2005.38, 2390.60 
1904.0, 1678.94, 2014.18, 2334.40 
1992.0, 1683.33, 2026.24, 2349.50 
2418.0, 1690.43, 2048.18, 2365.40 
1570.0, 1691.02, 2055.78, 2211.50 
2081.0, 1699.13, 2067.82, 2148.90 
745.0, 1695.27, 2057.34, 2010.70 
2789.0, 1708.91, 2086.86, 2074.70 
1990.0, 1707.90, 2096.56, 2060.50 
1774.0, 1707.96, 2106.84, 1927.70 
2030.0, 1714.02, 2118.40, 1929.30 
1630.0, 1713.33, 2119.98, 1901.90 
3109.0, 1727.37, 2157.42, 2013.60 
1402.0, 1724.05, 2149.82, 1912.00 
1241.0, 1722.07, 2143.74, 1879.10 
2789.0, 1736.90, 2174.28, 1949.90 
69.0, 1736.90, 2174.28, 1882.30 
2369.0, 1749.50, 2165.52, 1840.30 
2681.0, 1762.97, 2162.70, 1909.40 
3048.0, 1783.06, 2161.42, 2036.80 
2585.0, 1798.48, 2157.08, 2092.30 
2901.0, 1816.36, 2179.60, 2219.40 
1743.0, 1822.42, 2178.78, 2082.80 
2252.0, 1825.43, 2170.38, 2167.80 
3099.0, 1846.57, 2169.58, 2353.60 
3145.0, 1867.52, 2201.12, 2389.20 
3197.0, 1887.49, 2219.50, 2702.00 
3074.0, 1903.89, 2228.00, 2772.50 
2325.0, 1911.74, 2231.10, 2736.90 
3298.0, 1934.47, 2252.88, 2761.90 
2803.0, 1950.83, 2258.04, 2783.70 
2526.0, 1961.08, 2254.00, 2746.20 
2797.0, 1977.23, 2275.30, 2851.60 
2018.0, 1982.46, 2270.94, 2828.20 
2908.0, 1995.45, 2277.38, 2809.10 
2593.0, 2010.39, 2284.44, 2753.90 
2560.0, 2020.19, 2296.76, 2690.20 
3472.0, 2042.76, 2329.30, 2730.00 
2411.0, 2052.58, 2337.58, 2738.60 
3397.0, 2077.00, 2358.50, 2748.50 
3181.0, 2093.46, 2396.44, 2786.30 
3069.0, 2109.68, 2408.50, 2840.60 
2976.0, 2128.04, 2431.20, 2858.50 
2863.0, 2142.90, 2443.28, 2943.00 
3076.0, 2161.96, 2442.62, 2959.80 
2009.0, 2170.24, 2428.66, 2901.40 
3035.0, 2191.58, 2446.82, 2948.90 
3464.0, 2208.45, 2473.12, 2948.10 
3024.0, 2223.77, 2490.96, 3009.40 
2542.0, 2236.11, 2479.76, 2923.90 
3361.0, 2256.04, 2506.70, 2941.90 
3256.0, 2273.96, 2533.74, 2960.60 
3014.0, 2290.21, 2554.18, 2964.40 
3674.0, 2313.74, 2579.30, 3045.50 
3015.0, 2331.99, 2608.20, 3039.40 
2836.0, 2345.56, 2623.30, 3122.10 
3128.0, 2364.15, 2670.96, 3131.40 
3150.0, 2382.52, 2678.18, 3100.00 
3263.0, 2400.10, 2703.64, 3123.90 
2757.0, 2415.07, 2723.30, 3145.40 
3168.0, 2432.23, 2746.06, 3126.10 
2737.0, 2444.09, 2768.20, 3074.20 
2009.0, 2451.81, 2746.20, 2973.70 
2876.0, 2462.75, 2775.68, 2893.90 
3187.0, 2479.17, 2814.60, 2911.10 
3403.0, 2500.58, 2826.88, 2967.80 
69.0, 2500.58, 2826.88, 2661.90 
3521.0, 2507.72, 2849.92, 2699.00 
3214.0, 2511.64, 2860.58, 2694.10 
3509.0, 2515.61, 2869.80, 2769.30 
3136.0, 2518.95, 2880.82, 2766.10 
2768.0, 2528.88, 2878.16, 2769.20 
3078.0, 2541.82, 2904.86, 2876.10 
3500.0, 2550.10, 2929.82, 2938.50 
2644.0, 2545.15, 2920.72, 2884.20 
3106.0, 2560.53, 2919.94, 2854.50 
2507.0, 2562.82, 2906.14, 3098.30 
2129.0, 2557.62, 2887.24, 2959.10 
2846.0, 2564.38, 2897.66, 2922.30 
2948.0, 2571.77, 2890.66, 2866.20 
3149.0, 2577.81, 2897.58, 2867.50 
2724.0, 2577.77, 2901.54, 2863.10 
2869.0, 2589.14, 2902.98, 2842.20 
3147.0, 2598.25, 2925.56, 2806.90 
2076.0, 2593.15, 2908.92, 2750.10 
2591.0, 2596.66, 2908.88, 2698.60 
3075.0, 2607.97, 2919.18, 2755.40 
2303.0, 2612.55, 2895.80, 2772.80 
2886.0, 2621.44, 2905.30, 2776.80 
2946.0, 2627.39, 2896.28, 2776.60 
2297.0, 2637.52, 2878.60, 2691.40 
3072.0, 2643.58, 2878.66, 2726.20 
3466.0, 2659.83, 2888.46, 2785.90 
1744.0, 2654.68, 2866.08, 2645.60 
2701.0, 2650.60, 2858.58, 2708.10 
2669.0, 2650.22, 2871.78, 2715.90 
2682.0, 2655.77, 2864.72, 2676.60 
2643.0, 2660.71, 2848.30, 2710.60 
2455.0, 2663.94, 2836.92, 2667.50 
2763.0, 2660.55, 2841.34, 2649.20 
3277.0, 2673.18, 2839.66, 2747.20 
2195.0, 2676.09, 2818.44, 2659.50 
1645.0, 2672.62, 2791.06, 2477.40 
2899.0, 2677.43, 2775.56, 2592.90 
1075.0, 2672.48, 2736.76, 2430.30 
3101.0, 2682.68, 2742.06, 2473.50 
2719.0, 2702.42, 2733.88, 2477.20 
2906.0, 2703.59, 2729.00, 2503.50 
2421.0, 2707.90, 2712.16, 2500.10 
2061.0, 2710.77, 2698.24, 2429.90 
2587.0, 2716.34, 2686.62, 2360.90 
2095.0, 2720.99, 2673.78, 2350.90 
2405.0, 2713.95, 2681.70, 2426.90 
2920.0, 2729.13, 2682.58, 2429.00 
2347.0, 2740.19, 2665.78, 2556.20 
2375.0, 2736.05, 2645.22, 2483.60 
69.0, 2736.05, 2645.22, 2218.60 
1970.0, 2732.06, 2614.20, 2125.00 
3247.0, 2737.72, 2614.86, 2207.60 
2685.0, 2734.09, 2598.38, 2270.00 
2853.0, 2736.77, 2592.72, 2296.60 
2805.0, 2735.81, 2593.46, 2367.60 
2780.0, 2746.18, 2587.50, 2405.10 
2538.0, 2749.04, 2568.26, 2366.90 
3016.0, 2748.21, 2575.70, 2433.80 
1884.0, 2735.60, 2551.26, 2384.70 
2772.0, 2731.35, 2556.56, 2655.00 
2953.0, 2730.14, 2573.04, 2753.30 
3015.0, 2737.04, 2576.42, 2730.10 
2260.0, 2726.66, 2562.66, 2687.60 
3006.0, 2728.69, 2559.80, 2702.90 
2947.0, 2732.90, 2564.26, 2717.10 
2781.0, 2732.74, 2562.50, 2717.20 
3011.0, 2742.67, 2559.78, 2764.50 
2862.0, 2742.21, 2575.50, 2749.10 
2947.0, 2745.75, 2582.62, 2855.40 
2043.0, 2740.58, 2561.98, 2782.50 
2141.0, 2727.27, 2558.74, 2701.30 
2470.0, 2727.86, 2550.42, 2646.80 
2719.0, 2721.08, 2545.88, 2692.70 
2247.0, 2711.74, 2544.88, 2616.80 
2380.0, 2704.85, 2531.04, 2560.10 
2483.0, 2699.92, 2511.38, 2530.30 
2875.0, 2700.04, 2534.00, 2516.70 
3193.0, 2701.21, 2543.84, 2549.80 
2645.0, 2707.57, 2543.36, 2519.60 
3009.0, 2707.31, 2549.90, 2616.20 
3088.0, 2703.55, 2558.80, 2710.90 
3172.0, 2705.03, 2573.14, 2781.10 
2578.0, 2705.39, 2569.44, 2767.00 
3030.0, 2702.08, 2564.50, 2845.30 
3183.0, 2701.35, 2584.26, 2925.60 
3202.0, 2703.23, 2615.40, 2997.50 
2952.0, 2696.01, 2616.46, 3005.20 
2767.0, 2693.53, 2650.30, 2962.60 
2363.0, 2688.80, 2635.54, 2934.40 
2551.0, 2683.03, 2632.18, 2888.60 
2146.0, 2672.99, 2616.98, 2794.40 
2424.0, 2664.60, 2617.04, 2719.60 
2529.0, 2662.32, 2626.40, 2714.70 
3019.0, 2660.83, 2635.04, 2713.60 
2308.0, 2656.54, 2639.30, 2626.10 
2647.0, 2662.92, 2644.14, 2570.60 
3243.0, 2666.59, 2650.60, 2599.70 
2366.0, 2658.38, 2650.98, 2559.60 
2669.0, 2651.04, 2656.86, 2590.20 
69.0, 2651.04, 2656.86, 2342.00 
2838.0, 2644.21, 2674.22, 2411.20 
2698.0, 2639.05, 2663.24, 2438.60 
3411.0, 2638.07, 2677.76, 2526.80 
2062.0, 2627.33, 2661.94, 2431.10 
2622.0, 2625.87, 2658.28, 2462.50 
3196.0, 2627.05, 2666.60, 2517.40 
3135.0, 2623.40, 2678.54, 2506.60 
2134.0, 2618.30, 2660.90, 2483.40 
2826.0, 2615.50, 2679.74, 2499.10 
2704.0, 2617.47, 2678.38, 2762.60 
1813.0, 2614.31, 2655.58, 2660.10 
2198.0, 2607.83, 2639.24, 2610.10 
2706.0, 2605.41, 2648.16, 2539.60 
2088.0, 2594.80, 2629.80, 2542.20 
3261.0, 2600.17, 2636.08, 2606.10 
2367.0, 2595.15, 2627.80, 2523.20 
2780.0, 2591.48, 2623.18, 2487.70 
1653.0, 2587.25, 2599.00, 2439.60 
2916.0, 2590.50, 2598.38, 2448.60 
2390.0, 2583.65, 2605.32, 2417.20 
2298.0, 2583.60, 2608.46, 2465.70 
2103.0, 2575.77, 2601.12, 2456.20 
2759.0, 2573.90, 2601.92, 2461.50 
2907.0, 2580.00, 2615.12, 2543.40 
2223.0, 2571.51, 2611.98, 2439.60 
2294.0, 2559.79, 2608.20, 2432.30 
2063.0, 2562.98, 2591.96, 2360.60 
1641.0, 2552.38, 2560.92, 2359.40 
2973.0, 2555.42, 2567.48, 2365.10 
2516.0, 2553.76, 2557.62, 2377.70 
3310.0, 2560.43, 2562.06, 2478.90 
2888.0, 2564.76, 2556.38, 2557.40 
2586.0, 2562.99, 2556.54, 2540.10 
2089.0, 2551.11, 2537.72, 2458.30 
2049.0, 2549.65, 2515.04, 2440.90 
2111.0, 2554.31, 2493.22, 2422.60 
2699.0, 2552.31, 2488.16, 2486.20 
2768.0, 2569.24, 2488.18, 2598.90 
2530.0, 2563.53, 2491.52, 2554.60 
3069.0, 2567.03, 2501.88, 2609.90 
3165.0, 2569.62, 2522.26, 2595.40 
2796.0, 2573.37, 2529.70, 2586.20 
3114.0, 2583.90, 2541.40, 2639.00 
3141.0, 2589.44, 2543.84, 2744.20 
1884.0, 2587.33, 2535.36, 2727.70 
3048.0, 2593.76, 2543.38, 2821.40 
3067.0, 2595.23, 2539.86, 2858.20 
3298.0, 2604.74, 2558.50, 2911.20 
2883.0, 2609.82, 2562.78, 2946.50 
69.0, 2609.82, 2562.78, 2646.50 
2370.0, 2613.82, 2553.42, 2567.00 
2302.0, 2604.37, 2545.50, 2517.60 
3058.0, 2608.10, 2538.44, 2512.00 
1881.0, 2598.38, 2534.82, 2386.00 
3314.0, 2603.47, 2548.66, 2529.00 
2974.0, 2605.41, 2544.22, 2521.60 
2893.0, 2608.96, 2539.38, 2504.20 
3147.0, 2610.27, 2559.64, 2489.10 
2894.0, 2620.37, 2561.00, 2490.20 
3019.0, 2622.84, 2567.30, 2785.20 
2794.0, 2621.25, 2586.92, 2827.60 
3001.0, 2621.11, 2602.98, 2897.50 
2854.0, 2627.05, 2605.94, 2877.10 
2844.0, 2625.43, 2621.06, 2973.40 
2734.0, 2623.30, 2610.52, 2915.40 
2847.0, 2623.96, 2620.12, 2902.70 
2337.0, 2617.22, 2611.26, 2847.10 
2654.0, 2615.14, 2631.28, 2797.80 
2777.0, 2613.44, 2628.50, 2786.10 
3259.0, 2625.60, 2645.88, 2810.10 
3358.0, 2637.77, 2667.08, 2866.50 
2713.0, 2640.20, 2679.28, 2837.70 
2214.0, 2635.15, 2668.38, 2773.70 
3159.0, 2644.27, 2673.42, 2805.20 
2981.0, 2650.28, 2688.58, 2829.90 
2654.0, 2651.99, 2695.78, 2810.60 
2882.0, 2652.06, 2712.16, 2865.10 
2308.0, 2643.21, 2725.50, 2830.50 
2658.0, 2643.34, 2719.20, 2818.60 
3176.0, 2645.01, 2732.40, 2810.30 
2462.0, 2638.75, 2715.44, 2720.70 
2308.0, 2630.11, 2703.84, 2680.20 
2373.0, 2628.06, 2699.58, 2696.10 
3057.0, 2628.33, 2718.94, 2685.90 
734.0, 2603.84, 2692.64, 2461.20 
2867.0, 2600.49, 2707.76, 2482.50 
2237.0, 2593.34, 2698.52, 2418.00 
2777.0, 2593.44, 2698.70, 2464.90 
2765.0, 2597.46, 2703.40, 2475.60 
2721.0, 2599.16, 2696.44, 2430.10 
2909.0, 2606.79, 2691.32, 2474.80 
2749.0, 2610.04, 2690.38, 2518.90 
2175.0, 2606.50, 2671.60, 2499.10 
1885.0, 2595.16, 2646.48, 2381.90 
1523.0, 2587.31, 2639.26, 2460.80 
1864.0, 2579.48, 2615.58, 2360.50 
2752.0, 2574.57, 2609.28, 2412.00 
1774.0, 2568.65, 2578.80, 2311.70 
1820.0, 2560.16, 2557.54, 2217.20 
69.0, 2560.16, 2557.54, 1952.00 
2540.0, 2557.18, 2560.94, 1915.10 
3186.0, 2562.06, 2578.62, 1958.80 
2795.0, 2555.90, 2573.36, 2020.80 
2806.0, 2563.34, 2591.86, 2112.90 
2371.0, 2560.83, 2573.00, 2197.70 
2931.0, 2558.18, 2572.14, 2304.40 
1015.0, 2536.98, 2534.58, 2130.70 
1964.0, 2535.28, 2510.92, 2149.70 
1424.0, 2521.26, 2481.52, 2110.10 
2240.0, 2516.62, 2465.94, 2327.20 
1843.0, 2516.92, 2446.92, 2257.50 
2051.0, 2515.45, 2427.92, 2144.00 
2226.0, 2510.65, 2415.36, 2087.10 
1468.0, 2504.45, 2387.84, 1953.30 
1819.0, 2490.03, 2369.54, 1898.10 
1674.0, 2483.10, 2346.08, 1772.40 
879.0, 2464.09, 2316.92, 1758.80 
1612.0, 2463.68, 2296.08, 1723.60 
1839.0, 2452.91, 2277.32, 1765.10 
1689.0, 2445.90, 2245.92, 1710.00 
2207.0, 2444.99, 2222.90, 1746.40 
2147.0, 2445.43, 2211.58, 1756.00 
2236.0, 2440.20, 2212.02, 1757.00 
2512.0, 2436.25, 2199.08, 1861.40 
1923.0, 2433.25, 2177.92, 1871.80 
2145.0, 2431.76, 2167.74, 1918.90 
1834.0, 2429.47, 2146.78, 2014.40 
2466.0, 2437.72, 2149.94, 2099.80 
2024.0, 2428.23, 2137.26, 2118.30 
1889.0, 2421.96, 2111.52, 2138.30 
2520.0, 2414.06, 2112.68, 2169.60 
1798.0, 2403.16, 2102.48, 2134.70 
2260.0, 2399.90, 2100.22, 2137.10 
1915.0, 2398.16, 2077.38, 2077.40 
2291.0, 2400.58, 2108.52, 2114.20 
2406.0, 2403.53, 2099.30, 2140.30 
2259.0, 2399.13, 2099.74, 2182.80 
2177.0, 2393.22, 2087.74, 2153.90 
1966.0, 2387.58, 2071.76, 2148.10 
1927.0, 2376.16, 2055.88, 2151.90 
2703.0, 2371.54, 2051.76, 2170.20 
1937.0, 2362.95, 2035.52, 2184.10 
2452.0, 2356.33, 2041.06, 2203.30 
2499.0, 2349.91, 2053.34, 2261.70 
2674.0, 2357.81, 2076.36, 2300.00 
1868.0, 2346.01, 2076.44, 2246.20 
2494.0, 2340.28, 2071.28, 2269.70 
2484.0, 2332.14, 2085.48, 2300.40 
1690.0, 2320.21, 2082.88, 2272.80 
69.0, 2320.21, 2082.88, 2087.00 
2420.0, 2320.71, 2080.48, 2058.70 
2564.0, 2323.33, 2068.04, 2121.40 
2026.0, 2313.01, 2052.66, 2078.80 
1724.0, 2311.44, 2031.02, 2001.30 
1736.0, 2295.66, 2018.32, 1907.50 
1686.0, 2282.78, 1993.42, 1889.30 
1611.0, 2269.96, 2005.34, 1801.00 
1162.0, 2250.11, 1989.30, 1668.80 
1731.0, 2238.48, 1995.44, 1672.90 
1420.0, 2222.49, 1979.04, 1808.00 
1506.0, 2209.61, 1972.30, 1716.60 
2990.0, 2209.50, 1991.08, 1759.20 
2295.0, 2203.91, 1992.46, 1786.10 
2300.0, 2198.47, 2009.10, 1843.70 
1834.0, 2189.47, 2009.40, 1853.50 
2104.0, 2182.04, 2018.00, 1895.30 
1479.0, 2173.46, 2030.00, 1882.10 
2007.0, 2166.99, 2037.90, 1966.60 
1590.0, 2155.12, 2032.92, 1952.50 
2802.0, 2150.55, 2055.18, 2090.70 
2590.0, 2142.87, 2062.84, 2199.10 
2349.0, 2139.23, 2066.88, 2135.00 
1553.0, 2132.62, 2053.22, 2060.80 
1572.0, 2116.75, 2034.42, 1988.00 
2280.0, 2109.74, 2041.56, 2032.60 
2193.0, 2105.13, 2042.52, 2041.50 
2234.0, 2098.65, 2050.52, 2117.00 
2656.0, 2102.13, 2054.32, 2181.90 
2213.0, 2097.68, 2058.10, 2244.20 
2338.0, 2089.30, 2067.08, 2197.80 
2939.0, 2094.07, 2075.46, 2232.70 
2493.0, 2095.92, 2089.36, 2247.10 
1745.0, 2089.64, 2079.06, 2266.30 
1978.0, 2078.85, 2080.32, 2306.90 
1365.0, 2085.16, 2061.80, 2215.40 
2072.0, 2077.21, 2055.12, 2203.30 
2158.0, 2076.42, 2053.10, 2195.70 
2017.0, 2068.82, 2049.90, 2131.80 
1680.0, 2057.97, 2044.18, 2078.50 
1557.0, 2046.33, 2036.78, 2000.40 
1387.0, 2031.11, 2010.46, 1845.20 
2402.0, 2027.64, 2019.76, 1836.10 
1009.0, 2015.98, 1990.90, 1762.50 
2125.0, 2018.38, 1983.42, 1777.20 
2137.0, 2024.52, 1972.68, 1854.40 
2327.0, 2029.15, 1981.86, 1879.90 
2220.0, 2023.83, 1976.38, 1886.10 
2302.0, 2029.11, 1972.74, 1914.60 
2866.0, 2039.57, 1996.26, 2033.20 
69.0, 2039.57, 1996.26, 1884.40 
2803.0, 2042.20, 2003.92, 2026.00 
3427.0, 2044.61, 2021.18, 2128.50 
2473.0, 2041.39, 2030.12, 2274.90 
2465.0, 2037.98, 2044.94, 2308.90 
1974.0, 2034.01, 2049.70, 2292.60 
2426.0, 2028.96, 2064.50, 2302.50 
2274.0, 2041.55, 2077.76, 2307.90 
2183.0, 2043.74, 2098.18, 2296.00 
2436.0, 2053.86, 2112.28, 2253.00 
2494.0, 2056.40, 2133.76, 2495.50 
2528.0, 2063.25, 2154.20, 2468.00 
1907.0, 2061.81, 2132.54, 2316.00 
1594.0, 2055.49, 2118.52, 2228.10 
1111.0, 2051.92, 2094.74, 2092.70 
934.0, 2043.07, 2076.74, 1988.70 
937.0, 2035.70, 2053.40, 1839.80 
1376.0, 2040.67, 2051.34, 1750.00 
1566.0, 2040.21, 2042.52, 1688.30 
1227.0, 2034.09, 2035.26, 1567.40 
1072.0, 2027.92, 2000.66, 1425.20 
424.0, 2010.09, 1957.34, 1214.80 
1222.0, 2000.84, 1934.80, 1146.30 
2358.0, 2002.06, 1950.90, 1222.70 
2288.0, 1999.82, 1965.22, 1340.40 
2056.0, 2001.15, 1960.74, 1452.60 
2517.0, 2004.87, 1967.22, 1610.60 
2491.0, 2011.44, 1972.36, 1722.10 
1157.0, 1998.35, 1942.38, 1681.20 
1527.0, 1993.38, 1928.66, 1711.20 
2320.0, 1997.69, 1928.30, 1836.00 
1822.0, 1990.71, 1905.96, 1975.80 
1574.0, 1988.47, 1887.58, 2011.00 
1444.0, 1980.31, 1881.56, 1919.60 
2675.0, 1987.91, 1895.50, 1958.30 
1388.0, 1978.88, 1895.96, 1891.50 
1659.0, 1971.41, 1887.70, 1805.70 
353.0, 1952.35, 1851.60, 1591.90 
1177.0, 1942.35, 1834.80, 1593.90 
2009.0, 1942.78, 1841.38, 1642.10 
2911.0, 1952.62, 1868.46, 1701.20 
2306.0, 1948.65, 1886.84, 1749.60 
2575.0, 1955.03, 1890.30, 1849.70 
2059.0, 1951.10, 1911.30, 1911.20 
1397.0, 1940.08, 1896.74, 1783.40 
1101.0, 1924.35, 1876.02, 1754.70 
1124.0, 1916.91, 1851.96, 1701.20 
1841.0, 1910.38, 1844.38, 1850.00 
1723.0, 1902.77, 1832.80, 1904.60 
460.0, 1890.47, 1784.68, 1749.70 
69.0, 1890.47, 1784.68, 1465.50 
1247.0, 1878.74, 1753.56, 1359.60 
1572.0, 1868.82, 1716.46, 1259.30 
1679.0, 1865.35, 1700.58, 1221.30 
2275.0, 1870.86, 1696.78, 1309.10 
3078.0, 1884.28, 1718.86, 1506.80 
2853.0, 1895.95, 1727.40, 1679.70 
1574.0, 1895.58, 1713.40, 1653.00 
1500.0, 1898.96, 1699.74, 1630.70 
1099.0, 1892.64, 1673.00, 1694.60 
2146.0, 1899.90, 1666.04, 1902.30 
1774.0, 1902.58, 1650.96, 1955.00 
584.0, 1878.52, 1624.50, 1856.20 
3107.0, 1886.64, 1654.76, 1999.00 
1200.0, 1875.64, 1656.54, 1891.50 
2431.0, 1881.61, 1686.48, 1826.80 
1325.0, 1873.82, 1694.24, 1674.00 
1866.0, 1877.69, 1704.04, 1703.20 
1756.0, 1875.18, 1707.84, 1728.80 
955.0, 1868.83, 1702.40, 1714.40 
2153.0, 1862.34, 1724.02, 1715.10 
1998.0, 1856.42, 1755.50, 1737.50 
1285.0, 1845.78, 1756.76, 1807.60 
1045.0, 1840.70, 1730.50, 1601.40 
2167.0, 1846.65, 1728.08, 1698.10 
2679.0, 1850.64, 1740.54, 1722.90 
1751.0, 1846.22, 1725.22, 1765.50 
737.0, 1831.25, 1690.14, 1652.60 
1719.0, 1821.88, 1701.38, 1648.90 
1490.0, 1814.65, 1700.64, 1702.40 
1684.0, 1808.11, 1687.92, 1655.50 
1486.0, 1793.58, 1681.20, 1604.30 
2638.0, 1795.03, 1702.48, 1739.60 
2043.0, 1798.01, 1714.46, 1839.40 
1379.0, 1792.02, 1688.54, 1760.60 
1494.0, 1793.31, 1690.66, 1642.10 
2210.0, 1794.69, 1701.68, 1688.00 
362.0, 1776.73, 1701.86, 1650.50 
696.0, 1763.52, 1692.24, 1548.20 
231.0, 1749.03, 1656.68, 1422.30 
596.0, 1739.42, 1610.38, 1313.50 
1427.0, 1739.82, 1592.80, 1307.60 
1554.0, 1731.34, 1572.38, 1199.20 
1205.0, 1733.30, 1555.30, 1115.40 
884.0, 1720.89, 1545.04, 1065.90 
1732.0, 1716.84, 1557.66, 1089.70 
2268.0, 1716.25, 1580.54, 1095.50 
2424.0, 1718.29, 1592.20, 1301.70 
1426.0, 1709.53, 1586.26, 1374.70 
1862.0, 1699.49, 1614.30, 1537.80 
69.0, 1699.49, 1614.30, 1485.10 
888.0, 1680.34, 1607.12, 1431.20 
1915.0, 1665.22, 1613.98, 1467.30 
648.0, 1646.97, 1593.36, 1411.60 
1163.0, 1633.95, 1571.12, 1439.50 
1031.0, 1624.52, 1530.18, 1369.40 
1253.0, 1612.79, 1498.18, 1267.90 
1881.0, 1608.86, 1504.32, 1213.60 
3268.0, 1619.71, 1539.68, 1397.80 
2165.0, 1617.00, 1561.00, 1428.10 
2601.0, 1618.07, 1570.10, 1681.30 
2151.0, 1614.30, 1577.64, 1807.60 
2217.0, 1617.40, 1610.30, 1837.80 
2248.0, 1623.94, 1593.12, 1997.80 
2175.0, 1634.58, 1612.62, 2099.00 
758.0, 1632.82, 1579.16, 2071.70 
1640.0, 1639.85, 1585.46, 2110.40 
1905.0, 1645.14, 1586.24, 2112.80 
1298.0, 1642.46, 1577.08, 1915.80 
774.0, 1637.93, 1573.46, 1776.70 
808.0, 1635.29, 1546.56, 1597.40 
2659.0, 1657.64, 1559.78, 1648.20 
2412.0, 1669.54, 1582.32, 1667.70 
2859.0, 1674.55, 1618.60, 1728.80 
2284.0, 1674.51, 1620.94, 1739.70 
3005.0, 1684.00, 1627.46, 1964.40 
2785.0, 1686.68, 1648.14, 2078.90 
2921.0, 1690.98, 1691.82, 2180.50 
1747.0, 1696.88, 1692.38, 2225.40 
2517.0, 1706.78, 1712.92, 2399.70 
3121.0, 1714.79, 1741.66, 2631.00 
2590.0, 1722.47, 1763.74, 2624.10 
2220.0, 1728.93, 1755.38, 2604.90 
1633.0, 1730.82, 1747.18, 2482.30 
537.0, 1709.44, 1730.34, 2307.60 
1553.0, 1711.09, 1731.52, 2162.40 
1581.0, 1710.31, 1718.94, 2042.00 
937.0, 1716.15, 1730.44, 1843.60 
1830.0, 1722.68, 1753.12, 1851.90 
1466.0, 1717.25, 1777.82, 1746.80 
2455.0, 1712.69, 1815.00, 1680.20 
589.0, 1695.52, 1798.24, 1480.10 
728.0, 1677.05, 1781.72, 1330.90 
1891.0, 1675.37, 1795.44, 1356.70 
2130.0, 1682.70, 1820.36, 1516.00 
1543.0, 1687.12, 1816.58, 1515.00 
2447.0, 1700.35, 1820.16, 1601.60 
1687.0, 1698.81, 1805.42, 1676.60 
1561.0, 1697.19, 1808.12, 1649.70 
1530.0, 1707.89, 1801.48, 1656.10 
69.0, 1707.89, 1801.48, 1417.50 
1872.0, 1714.14, 1821.16, 1545.80 
2042.0, 1718.84, 1823.70, 1677.20 
418.0, 1706.23, 1819.10, 1529.90 
2401.0, 1707.49, 1843.86, 1557.00 
1523.0, 1691.94, 1853.70, 1555.00 
2165.0, 1685.06, 1871.94, 1526.80 
2528.0, 1694.60, 1884.88, 1610.90 
1636.0, 1695.96, 1852.24, 1618.40 
2457.0, 1709.54, 1858.08, 1711.10 
2547.0, 1713.55, 1857.00, 1958.90 
2339.0, 1719.20, 1860.76, 2005.60 
1860.0, 1731.96, 1853.62, 1987.40 
1524.0, 1716.13, 1839.14, 2098.00 
1675.0, 1720.88, 1829.14, 2025.40 
1987.0, 1716.44, 1853.72, 2071.80 
2061.0, 1723.80, 1862.14, 2061.40 
1322.0, 1718.36, 1850.48, 1940.80 
194.0, 1702.74, 1828.40, 1796.60 
1879.0, 1711.98, 1850.50, 1738.80 
354.0, 1693.99, 1841.42, 1519.50 
1483.0, 1688.84, 1817.90, 1433.90 
1468.0, 1690.67, 1799.02, 1394.70 
2198.0, 1702.20, 1785.80, 1462.10 
1323.0, 1693.76, 1766.58, 1426.90 
1130.0, 1678.27, 1729.08, 1341.20 
2173.0, 1682.49, 1716.84, 1352.40 
1786.0, 1692.98, 1694.14, 1398.80 
1284.0, 1688.63, 1684.88, 1507.80 
1117.0, 1684.90, 1656.88, 1431.60 
928.0, 1677.34, 1613.02, 1489.00 
599.0, 1668.47, 1573.20, 1400.60 
2758.0, 1669.67, 1583.96, 1529.60 
233.0, 1651.57, 1555.96, 1333.10 
1488.0, 1652.66, 1574.98, 1349.60 
1990.0, 1657.62, 1583.72, 1435.60 
1102.0, 1646.54, 1574.14, 1328.50 
1269.0, 1655.61, 1580.78, 1276.80 
1719.0, 1665.84, 1578.56, 1320.30 
1427.0, 1677.80, 1577.78, 1351.30 
2098.0, 1692.82, 1570.64, 1468.30 
2456.0, 1703.11, 1607.98, 1654.00 
2111.0, 1708.68, 1635.64, 1589.30 
1630.0, 1712.93, 1630.42, 1729.00 
2057.0, 1724.66, 1628.96, 1785.90 
1323.0, 1720.57, 1624.56, 1719.20 
2299.0, 1720.88, 1621.60, 1838.90 
1778.0, 1714.42, 1623.42, 1889.80 
1992.0, 1720.08, 1632.04, 1917.10 
2174.0, 1723.20, 1644.92, 1991.80 
69.0, 1723.20, 1644.92, 1788.90 
1359.0, 1727.91, 1634.66, 1679.20 
1351.0, 1722.27, 1620.84, 1603.20 
1972.0, 1735.51, 1651.92, 1637.40 
2331.0, 1747.19, 1650.52, 1664.80 
2076.0, 1757.64, 1661.58, 1740.10 
2029.0, 1765.40, 1658.86, 1713.10 
2212.0, 1768.71, 1652.54, 1756.50 
2374.0, 1759.77, 1667.30, 1794.70 
1620.0, 1754.32, 1650.56, 1739.30 
1413.0, 1742.44, 1627.88, 1873.70 
1608.0, 1737.01, 1613.26, 1898.60 
2241.0, 1737.25, 1620.88, 1987.60 
1858.0, 1733.35, 1627.56, 1976.20 
1951.0, 1731.11, 1633.08, 1938.20 
1258.0, 1736.11, 1618.50, 1856.40 
1497.0, 1734.68, 1607.22, 1803.20 
1619.0, 1731.82, 1613.16, 1743.90 
1514.0, 1733.98, 1639.56, 1657.90 
961.0, 1735.85, 1621.20, 1592.00 
2653.0, 1754.30, 1667.18, 1716.00 
2361.0, 1751.32, 1684.74, 1791.30 
1813.0, 1745.33, 1691.64, 1748.50 
2151.0, 1738.25, 1690.70, 1777.80 
1453.0, 1729.94, 1693.30, 1728.00 
1925.0, 1719.14, 1709.20, 1794.70 
2336.0, 1714.65, 1712.46, 1878.60 
2411.0, 1709.55, 1724.96, 1957.80 
2266.0, 1714.74, 1744.60, 2033.00 
914.0, 1698.71, 1740.54, 2028.30 
1619.0, 1683.69, 1754.36, 1924.90 
1932.0, 1677.11, 1781.02, 1882.00 
2488.0, 1679.79, 1775.62, 1949.50 
1113.0, 1674.59, 1793.22, 1845.70 
1591.0, 1685.13, 1795.28, 1859.50 
1079.0, 1680.39, 1777.06, 1774.90 
1869.0, 1683.27, 1792.40, 1728.20 
1746.0, 1691.36, 1801.94, 1661.70 
966.0, 1682.72, 1786.88, 1531.70 
1528.0, 1683.34, 1788.90, 1593.10 
1365.0, 1672.44, 1774.24, 1567.70 
2027.0, 1686.82, 1765.66, 1577.20 
1962.0, 1699.16, 1762.68, 1524.60 
954.0, 1689.79, 1749.16, 1508.70 
2468.0, 1693.17, 1757.38, 1596.40 
2536.0, 1703.10, 1781.64, 1742.10 
1486.0, 1693.49, 1765.38, 1703.80 
928.0, 1685.90, 1748.38, 1622.00 
739.0, 1677.68, 1723.32, 1599.30 
410.0, 1666.48, 1688.04, 1487.50 
69.0, 1666.48, 1688.04, 1357.90 
685.0, 1654.61, 1674.56, 1223.70 
2155.0, 1655.74, 1690.64, 1243.00 
2080.0, 1672.36, 1692.80, 1355.60 
1435.0, 1662.70, 1674.88, 1252.30 
1360.0, 1661.07, 1660.56, 1134.70 
1454.0, 1653.96, 1649.06, 1131.50 
1273.0, 1641.41, 1630.28, 1166.00 
1866.0, 1643.71, 1620.12, 1278.70 
1815.0, 1637.29, 1624.02, 1419.20 
1654.0, 1628.36, 1628.84, 1577.70 
1761.0, 1622.58, 1631.90, 1685.30 
914.0, 1613.12, 1605.36, 1561.20 
1766.0, 1615.54, 1603.52, 1529.80 
1218.0, 1610.97, 1588.86, 1508.10 
1960.0, 1610.70, 1602.90, 1568.10 
973.0, 1599.82, 1592.42, 1520.00 
2135.0, 1607.95, 1602.74, 1606.20 
1844.0, 1624.45, 1609.34, 1604.00 
1546.0, 1621.12, 1621.04, 1577.10 
1406.0, 1631.64, 1596.10, 1552.30 
1839.0, 1635.20, 1585.66, 1560.10 
2024.0, 1640.76, 1589.88, 1671.10 
1721.0, 1635.99, 1581.28, 1666.60 
1205.0, 1634.81, 1576.32, 1665.30 
1589.0, 1639.40, 1569.60, 1628.20 
1689.0, 1634.56, 1556.66, 1699.80 
1774.0, 1634.44, 1543.92, 1663.70 
1570.0, 1637.30, 1530.00, 1636.30 
2608.0, 1652.21, 1563.88, 1742.50 
645.0, 1649.38, 1544.40, 1666.40 
476.0, 1648.15, 1515.28, 1530.10 
1540.0, 1635.97, 1496.32, 1481.70 
936.0, 1643.00, 1492.78, 1403.20 
1750.0, 1645.62, 1495.96, 1457.70 
2020.0, 1645.92, 1514.78, 1500.80 
2467.0, 1659.57, 1526.74, 1578.60 
2558.0, 1672.46, 1542.98, 1657.00 
2678.0, 1682.05, 1577.22, 1767.80 
2389.0, 1691.67, 1594.44, 1745.90 
2009.0, 1690.78, 1607.32, 1882.30 
1726.0, 1683.48, 1601.30, 2007.30 
2072.0, 1683.09, 1603.50, 2060.50 
2029.0, 1687.08, 1625.00, 2169.80 
1736.0, 1683.87, 1610.36, 2168.40 
2667.0, 1697.31, 1612.98, 2233.10 
1261.0, 1686.93, 1608.48, 2112.50 
1089.0, 1680.04, 1611.70, 1965.60 
1458.0, 1674.70, 1626.08, 1843.60 
1550.0, 1668.46, 1648.88, 1759.70 
69.0, 1668.46, 1648.88, 1565.70 
882.0, 1663.69, 1652.82, 1481.30 
390.0, 1654.08, 1617.52, 1313.10 
760.0, 1641.96, 1591.12, 1186.20 
897.0, 1627.62, 1580.36, 1102.30 
1074.0, 1617.60, 1574.64, 943.00 
591.0, 1603.22, 1557.38, 876.00 
302.0, 1584.12, 1537.96, 797.30 
558.0, 1565.96, 1511.80, 707.30 
603.0, 1555.79, 1487.56, 612.60 
1293.0, 1554.59, 1480.34, 735.00 
1237.0, 1550.88, 1469.86, 770.50 
783.0, 1536.30, 1467.24, 809.80 
469.0, 1522.41, 1441.30, 780.70 
617.0, 1509.07, 1429.28, 752.70 
1010.0, 1506.59, 1410.28, 746.30 
328.0, 1494.90, 1397.38, 720.00 
1030.0, 1489.01, 1375.28, 792.80 
1228.0, 1486.15, 1362.96, 859.80 
1186.0, 1488.40, 1355.76, 918.10 
1618.0, 1478.05, 1360.00, 950.60 
775.0, 1462.19, 1338.72, 904.40 
1439.0, 1458.45, 1327.02, 970.00 
780.0, 1444.74, 1308.20, 1001.10 
994.0, 1440.15, 1303.98, 1038.80 
1088.0, 1431.78, 1293.96, 1046.60 
1073.0, 1419.15, 1281.64, 1121.10 
902.0, 1404.06, 1264.20, 1108.30 
1280.0, 1394.20, 1258.40, 1113.50 
1287.0, 1397.93, 1231.98, 1123.60 
979.0, 1391.53, 1238.66, 1059.70 
1087.0, 1383.08, 1250.88, 1090.90 
1030.0, 1368.50, 1240.68, 1050.00 
1245.0, 1369.82, 1246.86, 1096.50 
1085.0, 1364.76, 1233.56, 1105.60 
1358.0, 1367.55, 1220.32, 1132.60 
1373.0, 1362.59, 1198.44, 1162.60 
872.0, 1353.85, 1164.72, 1159.60 
1087.0, 1355.06, 1132.90, 1140.30 
1118.0, 1350.96, 1107.48, 1123.40 
1266.0, 1349.97, 1092.62, 1152.10 
836.0, 1338.06, 1074.82, 1127.00 
782.0, 1326.26, 1049.02, 1102.20 
593.0, 1322.65, 1020.30, 1037.00 
713.0, 1305.10, 999.84, 999.80 
635.0, 1286.09, 959.20, 927.50 
545.0, 1276.68, 944.88, 844.70 
712.0, 1274.52, 937.34, 828.70 
1157.0, 1278.70, 931.32, 835.70 
1144.0, 1286.04, 923.20, 838.30 
69.0, 1286.04, 923.20, 718.60 
1171.0, 1290.90, 928.98, 752.10 
1649.0, 1285.84, 954.16, 838.80 
1070.0, 1275.74, 960.36, 886.50 
1482.0, 1276.21, 972.06, 963.40 
801.0, 1270.62, 966.60, 980.00 
464.0, 1260.72, 964.06, 971.90 
737.0, 1255.36, 972.76, 974.40 
186.0, 1238.56, 965.32, 877.30 
905.0, 1229.46, 971.36, 853.40 
1389.0, 1226.81, 973.28, 985.40 
918.0, 1218.38, 966.90, 960.10 
741.0, 1216.65, 966.06, 869.30 
882.0, 1207.81, 974.32, 850.50 
1327.0, 1208.90, 988.52, 835.00 
1121.0, 1200.51, 990.74, 867.00 
771.0, 1198.49, 999.60, 897.70 
648.0, 1183.62, 991.96, 888.80 
675.0, 1171.93, 980.90, 937.70 
724.0, 1163.71, 971.66, 919.60 
433.0, 1153.98, 947.96, 824.00 
778.0, 1143.37, 948.02, 810.00 
1227.0, 1135.40, 943.78, 858.60 
1433.0, 1132.52, 956.84, 913.70 
803.0, 1128.50, 953.02, 861.30 
934.0, 1121.95, 949.94, 842.60 
479.0, 1109.85, 938.06, 813.40 
540.0, 1097.51, 930.82, 802.60 
832.0, 1090.13, 921.86, 818.30 
1149.0, 1075.54, 919.10, 860.80 
901.0, 1078.10, 917.54, 907.60 
1222.0, 1085.56, 920.24, 952.00 
669.0, 1076.85, 913.02, 896.20 
1362.0, 1081.11, 915.36, 889.10 
1010.0, 1073.71, 913.86, 909.80 
1367.0, 1067.18, 914.04, 953.10 
740.0, 1049.91, 901.38, 979.20 
1161.0, 1035.94, 907.16, 1041.30 
1666.0, 1025.82, 918.74, 1124.70 
1115.0, 1013.08, 918.68, 1121.30 
1351.0, 1006.50, 920.38, 1166.30 
1391.0, 1003.15, 931.48, 1183.20 
1280.0, 995.23, 941.44, 1244.30 
1355.0, 988.49, 956.68, 1243.60 
1615.0, 987.28, 974.72, 1304.10 
851.0, 969.12, 979.04, 1252.50 
1145.0, 967.96, 991.04, 1293.00 
1237.0, 969.44, 1001.54, 1300.60 
785.0, 962.71, 994.10, 1212.50 
743.0, 954.64, 986.08, 1175.30 
69.0, 954.64, 986.08, 1047.10 
2217.0, 967.99, 1007.00, 1129.70 
2065.0, 984.74, 1015.32, 1208.20 
1933.0, 996.47, 1032.58, 1266.00 
614.0, 993.64, 1015.22, 1165.90 
1710.0, 1000.00, 1033.40, 1251.80 
80.0, 994.89, 1025.72, 1145.30 
902.0, 1000.89, 1029.02, 1111.80 
1533.0, 1010.64, 1055.96, 1186.60 
277.0, 1007.38, 1043.40, 1140.00 
704.0, 1001.49, 1029.70, 1203.50 
1126.0, 1000.38, 1033.86, 1094.40 
1024.0, 1002.79, 1039.52, 990.30 
485.0, 1002.95, 1031.58, 845.50 
1041.0, 1007.19, 1025.86, 888.20 
1831.0, 1015.40, 1040.06, 900.30 
1718.0, 1029.30, 1059.00, 1064.10 
152.0, 1020.52, 1049.08, 989.10 
663.0, 1014.87, 1048.84, 902.10 
1062.0, 1013.63, 1055.60, 980.60 
1202.0, 1009.47, 1070.98, 1030.40 
1228.0, 1014.00, 1079.98, 1040.60 
1291.0, 1012.52, 1081.26, 1067.30 
1770.0, 1022.42, 1088.00, 1195.80 
2232.0, 1034.80, 1116.58, 1314.90 
2636.0, 1050.28, 1150.62, 1395.40 
1841.0, 1057.96, 1177.86, 1407.70 
1951.0, 1068.45, 1206.08, 1587.60 
1796.0, 1073.61, 1225.36, 1700.90 
2063.0, 1081.37, 1243.64, 1801.00 
1055.0, 1082.13, 1246.72, 1786.30 
1408.0, 1085.34, 1250.44, 1804.30 
2058.0, 1095.62, 1278.22, 1881.00 
2016.0, 1103.33, 1291.30, 1905.60 
2533.0, 1117.81, 1321.76, 1935.70 
2551.0, 1129.74, 1345.44, 1927.20 
2274.0, 1138.75, 1376.12, 1970.50 
1976.0, 1149.79, 1392.42, 1973.00 
2040.0, 1159.32, 1399.90, 1997.40 
1724.0, 1165.38, 1412.08, 1963.50 
1599.0, 1168.71, 1417.04, 2017.90 
2192.0, 1182.27, 1433.06, 2096.30 
1539.0, 1189.84, 1438.24, 2044.40 
2119.0, 1205.10, 1453.52, 2054.70 
1503.0, 1213.00, 1451.28, 1951.70 
1287.0, 1219.52, 1460.00, 1825.30 
650.0, 1220.57, 1450.10, 1662.90 
2083.0, 1234.28, 1467.02, 1673.60 
1117.0, 1233.88, 1473.66, 1581.30 
140.0, 1223.84, 1461.60, 1422.90 
69.0, 1223.84, 1461.60, 1269.90 
1747.0, 1229.60, 1452.20, 1225.40 
1944.0, 1232.55, 1449.78, 1265.90 
2241.0, 1244.26, 1455.94, 1278.10 
3097.0, 1260.41, 1505.60, 1437.50 
2700.0, 1279.40, 1525.40, 1578.80 
2431.0, 1299.07, 1572.42, 1756.90 
2528.0, 1316.98, 1604.94, 1801.40 
1024.0, 1325.36, 1594.76, 1792.10 
1981.0, 1336.12, 1628.84, 1976.20 
1450.0, 1336.73, 1643.76, 2114.30 
1924.0, 1346.79, 1659.72, 2132.00 
1650.0, 1355.88, 1672.24, 2102.60 
2512.0, 1372.18, 1712.78, 2129.70 
2010.0, 1379.01, 1732.16, 2021.00 
2133.0, 1389.13, 1738.20, 1964.30 
748.0, 1388.90, 1718.80, 1796.00 
599.0, 1388.41, 1727.74, 1603.10 
1674.0, 1398.40, 1747.96, 1668.10 
2380.0, 1414.96, 1774.32, 1708.00 
329.0, 1413.92, 1756.86, 1595.90 
1168.0, 1417.82, 1755.66, 1520.30 
1029.0, 1415.84, 1750.42, 1458.20 
447.0, 1405.98, 1723.96, 1251.70 
2308.0, 1421.03, 1725.48, 1281.50 
963.0, 1421.32, 1692.02, 1164.50 
1841.0, 1434.94, 1692.02, 1273.80 
2007.0, 1449.61, 1693.14, 1414.60 
2667.0, 1467.96, 1710.56, 1513.90 
2686.0, 1483.33, 1723.02, 1544.50 
2244.0, 1496.76, 1746.80, 1736.00 
2123.0, 1505.77, 1761.10, 1831.50 
2278.0, 1521.86, 1765.50, 1956.40 
2253.0, 1530.77, 1770.24, 2137.00 
2031.0, 1540.98, 1760.20, 2109.30 
1523.0, 1542.54, 1739.64, 2165.30 
831.0, 1543.45, 1710.78, 2064.30 
1343.0, 1545.27, 1698.12, 1997.90 
1315.0, 1541.76, 1683.62, 1862.70 
424.0, 1534.85, 1657.62, 1636.50 
276.0, 1524.10, 1631.16, 1439.70 
1675.0, 1526.94, 1620.82, 1394.90 
1292.0, 1527.06, 1615.88, 1296.30 
2328.0, 1536.79, 1620.06, 1303.80 
1233.0, 1532.97, 1614.66, 1224.00 
1571.0, 1540.17, 1620.34, 1228.80 
1900.0, 1547.72, 1645.34, 1335.70 
2552.0, 1560.87, 1654.72, 1456.60 
798.0, 1561.00, 1648.34, 1404.90 
1884.0, 1572.41, 1683.22, 1550.90 
69.0, 1572.41, 1683.22, 1530.20 
822.0, 1558.46, 1664.72, 1444.90 
1741.0, 1555.22, 1660.66, 1489.80 
2803.0, 1563.92, 1671.90, 1537.30 
1143.0, 1569.21, 1632.82, 1528.30 
712.0, 1559.23, 1593.06, 1442.40 
1264.0, 1571.07, 1569.72, 1378.80 
1184.0, 1573.89, 1542.84, 1242.00 
1281.0, 1571.37, 1547.98, 1290.30 
997.0, 1578.57, 1528.30, 1201.60 
1582.0, 1587.35, 1530.94, 1352.90 
1294.0, 1589.03, 1518.34, 1400.10 
1423.0, 1593.02, 1513.80, 1368.30 
2159.0, 1609.76, 1506.74, 1303.90 
1168.0, 1611.03, 1489.90, 1306.40 
2107.0, 1613.79, 1489.38, 1445.90 
2324.0, 1619.85, 1520.90, 1551.90 
1793.0, 1636.26, 1544.78, 1612.80 
1786.0, 1647.49, 1547.02, 1663.30 
2384.0, 1660.71, 1547.10, 1802.00 
2478.0, 1673.47, 1590.08, 1891.60 
1769.0, 1678.88, 1602.10, 1939.10 
2135.0, 1687.32, 1624.22, 2010.30 
1729.0, 1686.91, 1649.86, 1967.30 
1723.0, 1681.82, 1638.16, 2022.80 
1960.0, 1675.06, 1658.10, 2008.10 
1368.0, 1670.33, 1648.64, 1912.50 
285.0, 1653.67, 1614.20, 1761.70 
1485.0, 1650.56, 1590.56, 1731.60 
2165.0, 1651.58, 1580.14, 1709.70 
1107.0, 1652.10, 1557.40, 1572.60 
1976.0, 1657.78, 1554.46, 1593.30 
1846.0, 1655.66, 1545.82, 1564.40 
2079.0, 1656.29, 1542.34, 1599.40 
2055.0, 1651.51, 1542.82, 1632.60 
1881.0, 1644.81, 1549.98, 1624.70 
1673.0, 1638.80, 1566.82, 1655.20 
798.0, 1627.02, 1555.92, 1706.50 
690.0, 1613.52, 1543.42, 1627.00 
579.0, 1602.07, 1546.52, 1468.40 
1832.0, 1604.40, 1577.64, 1540.90 
205.0, 1584.53, 1548.24, 1363.80 
1273.0, 1581.87, 1547.86, 1306.50 
2067.0, 1581.35, 1542.64, 1305.30 
1816.0, 1584.48, 1554.30, 1281.40 
1565.0, 1587.26, 1554.18, 1249.80 
2359.0, 1604.35, 1563.36, 1318.40 
1143.0, 1594.95, 1535.18, 1352.90 
1466.0, 1598.44, 1548.54, 1430.50 
1763.0, 1614.67, 1546.12, 1548.90 
69.0, 1614.67, 1546.12, 1372.60 
856.0, 1605.76, 1546.80, 1437.70 
