44.0, 58.14, .57, .59, .56, .36
77.0, 60.95, .61, .62, .50, .37
75.0, 56.02, .64, .59, .42, .35
89.0, 79.31, .65, .65, .52, .52
54.0, 62.14, .66, .63, .60, .36
62.0, 55.92, .65, .63, .57, .29
47.0, 53.82, .68, .64, .59, .32
60.0, 54.53, .69, .64, .57, .31
48.0, 63.15, .67, .65, .61, .36
47.0, 56.83, .67, .67, .60, .30
84.0, 53.98, .69, .66, .60, .27
55.0, 75.94, .71, .64, .61, .40
76.0, 63.28, .68, .65, .59, .33
47.0, 54.29, .75, .66, .58, .28
55.0, 50.38, .74, .64, .55, .28
46.0, 50.85, .74, .63, .59, .27
44.0, 50.94, .71, .66, .57, .28
92.0, 71.83, .77, .65, .57, .40
79.0, 83.77, .75, .65, .57, .49
68.0, 74.76, .74, .63, .56, .45
57.0, 60.89, .70, .65, .60, .29
47.0, 59.56, .74, .66, .60, .28
76.0, 59.95, .69, .64, .58, .31
59.0, 60.81, .74, .63, .58, .33
62.0, 63.07, .77, .69, .61, .29
59.0, 61.32, .72, .66, .59, .32
56.0, 60.19, .76, .65, .56, .27
59.0, 61.24, .73, .67, .61, .28
61.0, 64.34, .75, .64, .59, .29
83.0, 65.20, .75, .65, .58, .28
63.0, 62.54, .78, .66, .61, .26
91.0, 66.75, .78, .66, .60, .29
89.0, 76.19, .76, .65, .61, .38
89.0, 93.32, .78, .67, .60, .53
96.0, 93.68, .74, .67, .60, .51
62.0, 92.87, .78, .65, .62, .47
58.0, 64.31, .76, .66, .59, .30
62.0, 68.42, .76, .66, .59, .31
62.0, 65.76, .80, .69, .65, .29
63.0, 69.39, .80, .67, .59, .33
64.0, 67.84, .77, .66, .61, .31
87.0, 73.44, .74, .66, .64, .40
57.0, 67.96, .79, .70, .64, .38
59.0, 59.54, .81, .67, .63, .29
61.0, 58.53, .80, .68, .59, .26
61.0, 61.27, .78, .67, .58, .28
58.0, 58.69, .71, .63, .58, .31
59.0, 60.08, .77, .65, .60, .29
64.0, 65.27, .79, .68, .63, .30
52.0, 65.02, .81, .70, .69, .27
47.0, 54.90, .77, .66, .62, .29
124.0, 93.01, .74, .66, .66, .62
122.0, 114.64, .78, .71, .70, .76
134.0, 119.18, .77, .67, .72, .79
127.0, 132.63, .80, .68, .71, .99
140.0, 134.45, .80, .72, .72, .96
122.0, 136.38, .79, .71, .72, .99
134.0, 130.86, .75, .66, .71, .99
126.0, 126.17, .80, .70, .73, .88
110.0, 119.84, .81, .71, .69, .78
130.0, 129.06, .80, .68, .73, .95
142.0, 127.09, .78, .68, .71, .88
106.0, 127.22, .78, .67, .71, .87
134.0, 122.43, .72, .68, .69, .85
142.0, 134.66, .80, .70, .70, .99
140.0, 133.96, .81, .70, .68, .99
130.0, 132.21, .82, .70, .69, .98
138.0, 131.31, .79, .70, .70, .94
114.0, 124.91, .81, .70, .70, .94
137.0, 111.45, .80, .72, .71, .76
126.0, 129.82, .79, .72, .68, .98
131.0, 132.70, .83, .72, .71, .98
138.0, 136.29, .78, .69, .73, .98
138.0, 132.35, .79, .71, .71, .94
140.0, 137.02, .81, .70, .72, .99
136.0, 140.99, .81, .72, .74, 1.00
129.0, 132.72, .84, .72, .69, .99
125.0, 122.81, .73, .70, .65, .93
147.0, 121.68, .78, .72, .63, .91
150.0, 125.72, .80, .68, .72, .91
118.0, 135.82, .76, .70, .76, .96
125.0, 138.71, .74, .67, .79, .97
139.0, 142.12, .80, .71, .78, .98
145.0, 140.70, .81, .71, .79, 1.00
136.0, 139.67, .78, .67, .75, .96
138.0, 146.03, .80, .74, .76, 1.00
139.0, 139.11, .78, .73, .72, .99
126.0, 141.44, .79, .72, .74, .99
125.0, 139.55, .82, .75, .74, .98
140.0, 142.97, .81, .75, .74, .98
123.0, 139.10, .73, .72, .76, .87
128.0, 143.64, .78, .72, .75, .93
156.0, 146.21, .80, .74, .76, .99
154.0, 144.88, .78, .72, .74, .95
110.0, 145.91, .78, .73, .76, .98
150.0, 137.62, .82, .72, .73, .97
154.0, 143.60, .79, .73, .76, .95
131.0, 148.16, .80, .72, .75, .98
160.0, 146.87, .83, .74, .76, .97
146.0, 143.63, .81, .71, .77, .96
117.0, 136.71, .83, .72, .74, .90
155.0, 144.34, .83, .72, .76, .95
143.0, 145.66, .82, .72, .76, .96
147.0, 150.34, .79, .75, .80, 1.00
148.0, 143.23, .81, .69, .78, .96
141.0, 142.85, .78, .68, .78, .94
152.0, 140.17, .76, .70, .76, .98
119.0, 148.94, .76, .69, .77, .98
158.0, 148.67, .78, .70, .77, .99
152.0, 139.55, .82, .69, .75, .99
145.0, 143.82, .79, .69, .78, .98
161.0, 145.19, .80, .69, .78, .97
155.0, 141.75, .81, .69, .77, .97
137.0, 148.92, .83, .71, .78, 1.00
146.0, 143.54, .80, .70, .77, .98
154.0, 147.30, .81, .71, .78, .99
126.0, 137.16, .81, .69, .74, .88
144.0, 141.82, .78, .68, .76, .95
153.0, 143.91, .80, .68, .76, .99
152.0, 140.71, .78, .70, .74, .90
149.0, 142.03, .83, .69, .76, .93
159.0, 142.70, .75, .66, .73, .95
145.0, 143.79, .84, .69, .74, .96
149.0, 139.23, .84, .70, .74, .92
149.0, 142.26, .86, .70, .76, .94
147.0, 144.97, .81, .72, .73, .99
149.0, 144.88, .77, .71, .75, .97
162.0, 148.87, .84, .73, .77, .99
152.0, 145.38, .84, .72, .76, .96
147.0, 153.08, .82, .75, .77, .99
156.0, 156.14, .81, .75, .80, .99
141.0, 151.47, .85, .76, .73, .99
158.0, 151.71, .84, .73, .76, .98
165.0, 152.40, .78, .72, .75, .95
141.0, 152.51, .83, .74, .76, .99
157.0, 148.61, .84, .75, .74, 1.00
131.0, 150.95, .79, .73, .74, .97
134.0, 150.02, .83, .71, .78, .96
149.0, 143.15, .80, .71, .74, .96
141.0, 148.77, .81, .75, .76, .99
150.0, 156.19, .78, .77, .77, .99
156.0, 156.17, .85, .78, .75, 1.00
128.0, 151.64, .80, .79, .72, .94
144.0, 156.19, .82, .81, .74, .99
147.0, 152.53, .82, .77, .73, .98
141.0, 159.79, .83, .78, .78, 1.00
159.0, 154.24, .85, .80, .75, .99
142.0, 148.53, .84, .77, .71, .96
173.0, 154.77, .86, .81, .76, .97
168.0, 154.43, .84, .76, .74, .98
170.0, 155.52, .82, .79, .75, .98
166.0, 156.17, .83, .79, .75, .98
155.0, 153.52, .85, .74, .74, .97
152.0, 156.36, .84, .77, .76, .96
159.0, 152.29, .78, .77, .75, .96
154.0, 156.17, .80, .78, .76, 1.00
171.0, 155.80, .84, .79, .75, 1.00
164.0, 153.69, .81, .76, .77, .88
169.0, 157.32, .88, .78, .76, .99
154.0, 157.64, .81, .77, .77, .97
169.0, 157.14, .84, .76, .76, .96
135.0, 158.91, .85, .78, .75, .98
146.0, 153.95, .77, .76, .75, .96
167.0, 156.33, .83, .75, .76, .94
167.0, 159.62, .86, .78, .79, .99
166.0, 159.37, .83, .78, .77, .99
170.0, 155.08, .85, .78, .75, .98
143.0, 152.90, .84, .76, .74, .96
153.0, 155.02, .76, .74, .75, .98
164.0, 160.09, .83, .78, .76, .98
146.0, 158.42, .83, .78, .77, .99
153.0, 154.02, .85, .80, .76, .97
159.0, 153.98, .79, .77, .76, .93
158.0, 153.90, .82, .77, .75, .98
130.0, 154.37, .84, .80, .72, .99
122.0, 149.09, .82, .76, .73, .95
154.0, 145.71, .82, .77, .76, .88
159.0, 159.64, .83, .78, .78, .99
158.0, 151.74, .80, .76, .77, .93
174.0, 154.68, .83, .77, .76, .95
151.0, 161.44, .85, .79, .78, 1.00
153.0, 156.34, .77, .77, .75, .96
162.0, 156.81, .84, .80, .75, .99
144.0, 156.17, .84, .76, .77, .98
155.0, 160.85, .82, .79, .77, .98
150.0, 160.25, .84, .79, .78, 1.00
154.0, 159.93, .82, .79, .78, .97
145.0, 152.25, .79, .78, .74, .95
165.0, 158.75, .84, .79, .76, .97
144.0, 157.56, .77, .79, .76, .97
133.0, 142.69, .78, .79, .78, .83
160.0, 154.12, .80, .80, .76, .98
150.0, 159.75, .82, .75, .76, .97
144.0, 158.69, .81, .79, .77, .99
156.0, 156.16, .85, .80, .75, .97
153.0, 162.67, .82, .79, .77, .99
144.0, 156.62, .84, .77, .76, .98
162.0, 160.00, .80, .79, .78, .99
144.0, 159.94, .85, .79, .77, .97
168.0, 160.94, .85, .81, .75, .97
170.0, 160.47, .86, .79, .76, .99
164.0, 153.40, .81, .76, .76, .92
158.0, 158.29, .83, .78, .77, .95
173.0, 157.90, .88, .80, .76, .99
171.0, 159.25, .85, .81, .75, .97
160.0, 157.97, .83, .79, .76, .98
159.0, 158.91, .83, .78, .77, .98
169.0, 160.66, .86, .80, .76, .98
162.0, 164.01, .81, .81, .77, .99
156.0, 161.48, .85, .80, .77, .98
158.0, 158.90, .84, .80, .77, 1.00
168.0, 164.78, .86, .82, .77, .99
163.0, 164.20, .86, .81, .77, .98
173.0, 163.91, .87, .82, .78, .99
160.0, 162.55, .88, .80, .76, .97
131.0, 162.89, .85, .81, .77, .97
170.0, 166.30, .85, .82, .79, 1.00
163.0, 161.27, .78, .78, .76, .96
175.0, 164.32, .88, .82, .78, 1.00
151.0, 162.23, .79, .78, .76, .99
146.0, 158.14, .78, .77, .76, .93
166.0, 161.33, .82, .79, .76, .97
158.0, 167.44, .87, .82, .78, .99
175.0, 164.56, .87, .80, .79, .98
164.0, 165.97, .88, .80, .80, .99
164.0, 161.27, .81, .79, .79, .98
164.0, 163.36, .86, .81, .78, .99
159.0, 158.81, .85, .81, .74, .99
170.0, 157.64, .78, .76, .75, .97
159.0, 161.29, .83, .80, .78, .94
169.0, 163.00, .86, .80, .76, .97
171.0, 160.10, .86, .79, .75, .99
170.0, 164.86, .89, .82, .79, .99
161.0, 167.20, .87, .81, .79, .99
154.0, 166.03, .86, .81, .77, .99
173.0, 163.24, .86, .80, .76, .99
160.0, 162.72, .84, .80, .77, .98
151.0, 160.03, .85, .79, .77, .94
130.0, 165.00, .81, .80, .78, .99
154.0, 160.66, .84, .81, .77, .94
178.0, 159.93, .87, .78, .77, .94
165.0, 160.64, .80, .80, .76, .96
164.0, 163.36, .87, .81, .76, .98
164.0, 163.84, .85, .80, .78, .94
183.0, 168.17, .81, .83, .78, .99
166.0, 170.28, .87, .83, .77, 1.00
130.0, 167.89, .78, .77, .77, .98
174.0, 162.25, .89, .78, .76, .95
171.0, 160.19, .84, .79, .78, .94
178.0, 170.61, .89, .81, .78, .97
157.0, 160.24, .83, .79, .75, .96
102.0, 166.71, .80, .80, .79, .97
170.0, 166.92, .88, .82, .79, .98
163.0, 164.24, .80, .77, .77, .98
156.0, 172.90, .84, .83, .81, .99
169.0, 163.40, .85, .77, .77, .96
158.0, 168.60, .82, .78, .78, .98
162.0, 167.19, .82, .78, .77, .97
172.0, 167.11, .88, .82, .80, .97
188.0, 164.22, .82, .80, .77, .98
170.0, 166.56, .89, .80, .78, .99
173.0, 167.47, .87, .81, .80, .98
166.0, 163.45, .83, .81, .78, .98
146.0, 169.96, .85, .82, .79, .97
167.0, 160.77, .83, .80, .75, .92
158.0, 166.66, .84, .80, .79, 1.00
170.0, 163.93, .81, .78, .79, .98
178.0, 168.08, .84, .80, .77, .98
157.0, 168.81, .86, .78, .78, .97
180.0, 163.29, .85, .79, .79, .96
177.0, 162.70, .88, .81, .78, .95
161.0, 157.65, .85, .78, .76, .93
134.0, 162.73, .81, .78, .80, .96
169.0, 167.75, .89, .79, .79, .99
169.0, 162.19, .87, .78, .77, .99
169.0, 164.20, .86, .79, .80, .99
158.0, 166.08, .85, .79, .79, 1.00
149.0, 166.21, .86, .81, .78, .98
160.0, 163.01, .89, .78, .79, .98
162.0, 164.13, .86, .80, .78, .97
186.0, 160.50, .82, .78, .78, .93
156.0, 161.80, .80, .79, .78, .97
159.0, 167.45, .87, .80, .80, .99
159.0, 164.97, .86, .79, .79, 1.00
165.0, 150.38, .85, .80, .70, .95
136.0, 164.89, .83, .80, .78, .97
162.0, 167.13, .84, .82, .78, 1.00
141.0, 162.14, .82, .77, .79, .93
166.0, 159.73, .81, .79, .78, .95
173.0, 163.26, .85, .80, .77, .96
159.0, 165.56, .86, .80, .77, .96
175.0, 164.33, .84, .81, .78, .95
177.0, 165.03, .86, .78, .79, .97
175.0, 165.75, .85, .80, .81, .96
162.0, 163.41, .88, .78, .79, .96
170.0, 166.91, .89, .79, .80, .98
136.0, 163.08, .84, .79, .76, .96
150.0, 165.60, .82, .78, .79, .97
170.0, 163.37, .84, .78, .78, .98
166.0, 161.85, .77, .77, .77, .96
132.0, 167.97, .82, .79, .81, .96
162.0, 166.61, .87, .82, .78, .98
170.0, 169.92, .81, .78, .81, .99
172.0, 172.27, .87, .81, .82, 1.00
166.0, 172.19, .87, .78, .82, 1.00
193.0, 170.15, .80, .79, .82, .97
164.0, 163.57, .81, .77, .80, .94
165.0, 164.63, .80, .76, .80, .96
189.0, 170.82, .86, .79, .82, .99
177.0, 166.80, .87, .78, .81, .94
177.0, 171.63, .86, .79, .81, .99
177.0, 167.34, .87, .81, .81, .94
177.0, 174.69, .85, .80, .83, 1.00
170.0, 162.68, .85, .81, .80, .95
179.0, 161.91, .83, .77, .81, .95
160.0, 166.53, .86, .81, .80, .97
185.0, 166.19, .86, .80, .81, .97
173.0, 167.31, .83, .78, .78, .98
202.0, 177.37, .88, .80, .84, .99
173.0, 169.52, .85, .77, .81, .97
164.0, 173.32, .81, .80, .83, .97
145.0, 169.46, .87, .80, .81, .99
180.0, 175.53, .86, .82, .84, .98
172.0, 171.81, .84, .79, .83, .99
181.0, 170.68, .88, .79, .82, .96
168.0, 175.47, .83, .81, .85, 1.00
180.0, 172.56, .85, .79, .83, .99
168.0, 170.01, .82, .79, .81, .97
159.0, 163.28, .89, .76, .82, .97
162.0, 165.74, .81, .77, .79, .97
170.0, 160.49, .87, .80, .76, .94
158.0, 169.79, .88, .81, .82, .99
176.0, 166.53, .85, .80, .82, .99
184.0, 173.53, .88, .82, .83, .98
169.0, 173.32, .89, .84, .84, .98
147.0, 169.19, .86, .79, .82, .94
183.0, 165.84, .87, .82, .79, .96
173.0, 176.39, .87, .80, .83, .97
143.0, 168.27, .86, .79, .82, .94
160.0, 161.50, .89, .81, .81, .96
184.0, 169.88, .89, .80, .83, .97
133.0, 164.88, .84, .78, .81, .93
182.0, 171.81, .86, .80, .83, .99
178.0, 172.58, .88, .78, .83, 1.00
167.0, 169.60, .87, .81, .83, .98
165.0, 166.98, .87, .78, .82, .96
172.0, 173.97, .88, .83, .82, .98
171.0, 170.35, .89, .81, .81, 1.00
164.0, 173.19, .87, .80, .81, .99
191.0, 171.51, .79, .78, .83, .97
163.0, 172.14, .84, .81, .83, .98
169.0, 172.26, .85, .82, .83, .98
179.0, 172.84, .87, .81, .84, .99
153.0, 170.98, .81, .81, .85, .95
199.0, 177.60, .86, .82, .86, .97
176.0, 173.04, .88, .80, .84, .96
150.0, 179.60, .87, .82, .86, .99
188.0, 163.64, .84, .78, .82, .92
161.0, 172.99, .87, .80, .86, .98
182.0, 175.06, .88, .79, .86, .98
182.0, 173.12, .86, .78, .86, .99
179.0, 172.77, .86, .80, .84, .94
143.0, 169.68, .83, .78, .83, .93
186.0, 169.37, .85, .78, .85, .95
183.0, 171.59, .89, .79, .85, .98
187.0, 170.34, .84, .81, .84, 1.00
183.0, 176.47, .87, .79, .86, .98
155.0, 170.53, .84, .79, .83, .96
170.0, 166.71, .83, .76, .83, .91
181.0, 175.64, .85, .78, .85, .99
165.0, 162.99, .84, .75, .80, .91
163.0, 176.85, .79, .80, .84, .99
175.0, 175.64, .82, .81, .84, .98
191.0, 174.13, .85, .80, .85, .97
159.0, 172.18, .85, .82, .82, .97
183.0, 168.71, .86, .82, .80, .96
147.0, 167.90, .83, .77, .82, .97
167.0, 175.53, .88, .81, .86, 1.00
187.0, 167.80, .87, .79, .83, 1.00
166.0, 179.96, .88, .83, .86, 1.00
162.0, 171.34, .85, .81, .83, .99
165.0, 172.81, .85, .80, .84, .97
171.0, 175.09, .88, .80, .84, .97
187.0, 175.06, .79, .81, .84, .97
171.0, 170.79, .85, .78, .81, .96
176.0, 170.96, .88, .80, .84, .96
180.0, 171.67, .88, .80, .83, .98
170.0, 176.20, .82, .79, .84, .99
177.0, 171.16, .85, .79, .86, .99
173.0, 179.13, .88, .83, .86, .99
181.0, 175.97, .86, .80, .86, 1.00
166.0, 170.54, .82, .79, .84, .94
187.0, 174.18, .85, .81, .86, .99
165.0, 168.05, .83, .76, .82, .95
175.0, 176.36, .85, .81, .84, 1.00
176.0, 169.94, .86, .79, .82, .98
163.0, 174.31, .87, .82, .85, .94
185.0, 173.63, .91, .82, .82, .95
180.0, 171.67, .88, .82, .84, .95
174.0, 173.70, .87, .80, .83, .97
168.0, 170.36, .90, .80, .80, .96
181.0, 167.78, .80, .79, .82, .98
171.0, 178.09, .83, .79, .85, .98
188.0, 171.91, .82, .80, .83, .94
182.0, 183.94, .85, .83, .87, .99
174.0, 177.45, .82, .82, .85, .98
188.0, 176.79, .90, .82, .85, .97
154.0, 180.05, .88, .81, .85, .99
186.0, 175.81, .82, .80, .84, .98
189.0, 175.75, .86, .82, .84, .93
191.0, 180.24, .88, .84, .85, .97
191.0, 171.30, .84, .81, .84, .95
175.0, 178.31, .87, .81, .86, .99
180.0, 171.62, .86, .80, .81, .99
174.0, 171.45, .85, .81, .83, .93
189.0, 179.27, .84, .83, .85, .99
184.0, 177.09, .85, .80, .86, .99
182.0, 175.59, .87, .80, .85, 1.00
170.0, 169.36, .86, .80, .84, .93
179.0, 173.23, .85, .82, .84, 1.00
170.0, 171.82, .82, .81, .84, 1.00
186.0, 180.21, .85, .82, .85, .99
198.0, 179.54, .86, .84, .83, .99
153.0, 181.32, .85, .82, .84, .96
155.0, 183.32, .84, .81, .85, .99
164.0, 169.19, .87, .79, .80, .93
139.0, 171.97, .86, .78, .83, .96
189.0, 174.70, .85, .82, .82, .94
168.0, 172.35, .87, .83, .83, .95
166.0, 176.19, .84, .81, .83, .98
196.0, 177.84, .89, .81, .85, .97
180.0, 183.22, .85, .78, .86, .98
185.0, 175.44, .90, .83, .82, .99
187.0, 171.73, .86, .79, .84, .99
179.0, 174.75, .84, .79, .83, .97
156.0, 171.19, .80, .81, .83, .95
185.0, 185.72, .89, .85, .86, 1.00
184.0, 181.41, .89, .81, .84, .97
168.0, 177.56, .86, .81, .84, .99
182.0, 179.42, .85, .83, .85, .99
183.0, 170.57, .81, .78, .82, .93
179.0, 175.20, .84, .81, .82, .99
182.0, 175.69, .82, .79, .83, .98
184.0, 180.47, .86, .80, .84, .99
163.0, 172.41, .85, .80, .85, .98
181.0, 179.81, .86, .81, .85, .98
168.0, 179.45, .85, .82, .86, .99
200.0, 181.48, .84, .81, .85, .99
201.0, 164.08, .81, .77, .84, .89
189.0, 178.58, .90, .81, .84, .97
184.0, 182.06, .88, .85, .84, .99
184.0, 176.35, .84, .78, .84, .98
183.0, 178.52, .88, .81, .85, .99
168.0, 178.77, .79, .81, .85, .99
181.0, 180.03, .85, .84, .85, 1.00
185.0, 177.66, .80, .81, .83, .99
192.0, 176.73, .86, .80, .83, .96
182.0, 180.41, .88, .84, .84, .99
190.0, 180.91, .91, .80, .85, .99
177.0, 177.40, .90, .84, .82, .98
166.0, 179.99, .86, .84, .84, 1.00
182.0, 176.68, .87, .82, .86, .97
184.0, 168.64, .86, .81, .83, .91
184.0, 180.80, .84, .82, .85, .99
156.0, 178.44, .86, .81, .85, .99
167.0, 173.97, .89, .80, .83, .97
166.0, 179.41, .87, .81, .85, .98
184.0, 176.02, .83, .82, .82, .98
184.0, 180.86, .86, .82, .84, .98
175.0, 177.58, .83, .80, .82, .97
190.0, 174.86, .85, .81, .84, .96
177.0, 176.20, .80, .81, .83, .99
190.0, 176.39, .82, .81, .82, .97
179.0, 177.98, .88, .85, .83, .95
165.0, 176.70, .84, .81, .83, .97
189.0, 173.53, .87, .80, .84, .97
175.0, 174.86, .90, .80, .84, .94
179.0, 176.21, .85, .79, .83, .96
179.0, 176.13, .88, .81, .84, .95
192.0, 175.48, .88, .81, .84, .95
204.0, 180.98, .86, .83, .85, .99
177.0, 177.62, .84, .83, .84, .96
188.0, 176.53, .87, .82, .84, .98
180.0, 183.07, .89, .82, .86, .99
182.0, 178.08, .89, .82, .86, .99
185.0, 180.13, .84, .84, .85, .99
148.0, 178.54, .84, .79, .83, .97
192.0, 185.38, .91, .83, .85, .99
164.0, 180.60, .85, .82, .84, .99
181.0, 178.19, .82, .82, .84, .98
187.0, 182.73, .87, .84, .85, .99
173.0, 175.78, .78, .82, .83, .96
175.0, 175.74, .83, .81, .85, .99
177.0, 173.26, .82, .79, .84, .97
184.0, 172.98, .90, .79, .84, .98
172.0, 176.35, .83, .79, .84, .99
142.0, 170.79, .83, .79, .82, .97
150.0, 170.45, .85, .77, .83, .97
182.0, 169.97, .89, .80, .83, .99
170.0, 170.56, .86, .76, .85, .97
177.0, 179.19, .88, .81, .85, .99
160.0, 179.88, .85, .83, .85, .98
181.0, 180.88, .85, .78, .89, .96
175.0, 180.59, .83, .80, .90, .98
180.0, 174.97, .83, .79, .86, .95
193.0, 188.41, .86, .82, .92, .99
181.0, 181.53, .82, .80, .87, .97
201.0, 175.67, .89, .78, .86, .97
189.0, 181.65, .88, .79, .89, .96
184.0, 181.01, .81, .76, .90, .97
198.0, 185.56, .91, .81, .90, .97
190.0, 179.34, .87, .77, .89, .94
189.0, 181.53, .85, .80, .89, .96
189.0, 175.51, .88, .79, .88, .94
184.0, 169.05, .85, .77, .88, .91
185.0, 177.74, .89, .79, .88, .97
168.0, 183.47, .85, .79, .90, .99
186.0, 176.09, .90, .79, .89, .95
194.0, 184.00, .89, .81, .90, 1.00
189.0, 176.93, .85, .78, .85, .96
176.0, 169.48, .87, .78, .84, .98
199.0, 183.16, .90, .81, .92, .99
195.0, 178.97, .90, .78, .90, .96
185.0, 186.05, .89, .83, .89, .97
165.0, 167.97, .88, .80, .83, .94
176.0, 176.14, .89, .80, .84, .97
154.0, 182.55, .83, .79, .88, .99
183.0, 178.29, .87, .79, .87, .96
172.0, 173.05, .82, .78, .86, .93
169.0, 177.97, .86, .78, .87, .94
192.0, 178.77, .91, .82, .85, 1.00
183.0, 184.71, .89, .80, .91, 1.00
186.0, 179.14, .89, .79, .87, 1.00
141.0, 176.64, .85, .77, .88, .95
169.0, 178.61, .88, .78, .91, .99
187.0, 168.91, .88, .76, .87, .97
170.0, 180.11, .88, .79, .91, .99
179.0, 170.80, .87, .76, .87, .95
180.0, 178.01, .90, .76, .90, .98
185.0, 176.55, .87, .76, .90, .99
183.0, 169.16, .87, .74, .88, .97
154.0, 169.56, .86, .79, .85, .99
186.0, 173.69, .89, .74, .87, .98
188.0, 181.73, .91, .83, .86, .99
201.0, 188.74, .84, .84, .84, .98
205.0, 182.86, .85, .83, .86, .92
197.0, 196.04, .88, .86, .91, .99
202.0, 193.34, .90, .85, .88, .99
193.0, 194.42, .90, .85, .90, .99
197.0, 191.77, .87, .84, .87, .97
166.0, 189.02, .82, .80, .88, .96
202.0, 187.80, .92, .83, .87, .98
163.0, 191.44, .86, .84, .87, .97
188.0, 193.11, .90, .84, .89, .94
207.0, 196.59, .89, .84, .89, .96
188.0, 181.91, .82, .83, .83, .95
174.0, 178.25, .88, .83, .84, .96
205.0, 191.90, .87, .84, .89, .96
191.0, 192.81, .83, .82, .89, .98
199.0, 187.88, .82, .82, .86, .97
183.0, 191.89, .89, .83, .87, .99
180.0, 184.45, .85, .83, .84, .99
198.0, 196.29, .87, .86, .88, .99
203.0, 194.76, .89, .84, .87, .99
196.0, 189.51, .90, .82, .87, .97
182.0, 189.98, .88, .83, .89, .96
203.0, 188.11, .92, .85, .90, .97
200.0, 192.97, .87, .85, .89, .98
201.0, 194.64, .85, .82, .89, .98
203.0, 198.06, .88, .82, .90, .99
183.0, 192.35, .90, .85, .92, .97
200.0, 192.36, .81, .80, .91, .98
196.0, 197.31, .91, .85, .91, .99
185.0, 194.82, .88, .84, .89, 1.00
198.0, 195.69, .88, .84, .91, .99
202.0, 194.68, .86, .83, .90, .98
190.0, 191.90, .87, .82, .89, .96
198.0, 190.33, .91, .84, .89, .95
192.0, 184.75, .87, .83, .85, .98
178.0, 180.99, .87, .86, .86, .94
195.0, 188.25, .92, .84, .88, .98
218.0, 193.03, .83, .84, .89, .96
214.0, 197.97, .89, .86, .90, .98
196.0, 190.50, .89, .84, .88, .94
166.0, 198.53, .87, .85, .92, .99
174.0, 194.73, .84, .85, .89, .97
197.0, 199.57, .90, .84, .91, .99
146.0, 194.84, .88, .86, .87, .98
207.0, 195.13, .87, .86, .88, .99
195.0, 188.23, .89, .83, .90, .92
200.0, 187.38, .89, .84, .89, .93
195.0, 186.92, .88, .87, .86, .99
198.0, 194.49, .86, .88, .88, .98
204.0, 188.05, .89, .81, .88, .94
186.0, 190.55, .85, .86, .88, .95
206.0, 188.92, .90, .85, .88, .95
179.0, 192.26, .86, .83, .89, .97
153.0, 190.97, .87, .84, .87, .99
198.0, 196.17, .88, .88, .90, .98
192.0, 194.63, .89, .85, .90, .99
196.0, 188.44, .84, .83, .86, .96
202.0, 194.51, .91, .86, .88, .98
199.0, 194.75, .86, .86, .89, .98
204.0, 188.61, .84, .83, .87, .92
208.0, 195.60, .90, .87, .89, .97
178.0, 194.47, .88, .84, .87, .98
210.0, 182.70, .84, .83, .86, .91
162.0, 193.08, .88, .84, .89, .96
206.0, 195.11, .88, .85, .90, .98
211.0, 194.11, .86, .86, .89, .94
155.0, 195.47, .87, .85, .89, .99
206.0, 188.34, .88, .85, .86, .95
214.0, 197.35, .90, .86, .89, .99
209.0, 193.47, .89, .82, .90, .96
199.0, 196.25, .87, .85, .90, .98
198.0, 198.62, .86, .85, .90, .99
186.0, 191.81, .87, .86, .88, .97
210.0, 181.77, .90, .82, .86, .92
206.0, 197.95, .89, .85, .90, .97
166.0, 194.99, .83, .85, .88, .98
209.0, 194.75, .83, .84, .88, .96
201.0, 195.82, .85, .85, .89, .96
188.0, 187.93, .84, .85, .89, .92
210.0, 192.89, .87, .84, .89, .97
179.0, 186.15, .80, .79, .86, .93
178.0, 185.09, .84, .84, .83, .97
158.0, 188.64, .84, .83, .88, .98
193.0, 185.99, .92, .85, .84, 1.00
189.0, 190.26, .85, .80, .89, .97
189.0, 197.02, .87, .86, .90, .97
207.0, 190.11, .90, .85, .88, .96
178.0, 190.34, .83, .82, .87, .97
164.0, 194.86, .89, .84, .90, .98
153.0, 192.39, .87, .85, .89, .95
191.0, 194.44, .87, .85, .89, .99
192.0, 192.89, .86, .81, .89, .98
208.0, 205.81, .86, .87, .93, .99
196.0, 194.37, .85, .83, .88, .98
174.0, 196.08, .83, .82, .89, .98
206.0, 191.75, .88, .84, .88, .99
202.0, 197.18, .88, .85, .90, .98
194.0, 183.47, .90, .84, .87, .93
189.0, 197.85, .86, .86, .90, .99
201.0, 195.11, .90, .84, .89, .97
170.0, 192.60, .86, .82, .89, .96
199.0, 194.01, .88, .85, .90, .99
191.0, 193.62, .89, .86, .90, .94
208.0, 193.98, .91, .87, .88, .99
197.0, 200.85, .90, .86, .91, .98
196.0, 199.97, .94, .87, .91, .99
205.0, 191.56, .89, .86, .89, .99
200.0, 187.22, .89, .86, .86, .94
195.0, 193.86, .87, .87, .90, .97
216.0, 193.83, .92, .86, .89, .99
210.0, 196.33, .82, .84, .89, .97
221.0, 197.87, .93, .87, .89, .97
195.0, 195.71, .81, .85, .90, .96
209.0, 198.45, .83, .85, .90, .99
208.0, 198.63, .92, .85, .91, .98
204.0, 196.33, .89, .84, .89, .97
212.0, 201.08, .81, .86, .90, .97
203.0, 200.36, .91, .86, .91, .99
210.0, 194.24, .92, .86, .90, .98
199.0, 194.11, .87, .85, .89, .97
194.0, 196.08, .87, .84, .89, .97
208.0, 196.65, .92, .85, .90, .99
187.0, 203.69, .86, .86, .92, .99
201.0, 196.43, .86, .85, .90, .98
198.0, 195.65, .90, .84, .90, .97
198.0, 194.03, .88, .84, .89, .98
201.0, 189.43, .91, .85, .86, .96
202.0, 197.52, .89, .85, .89, .97
199.0, 196.59, .91, .86, .91, .99
212.0, 198.01, .87, .87, .90, .97
208.0, 196.69, .92, .84, .88, .98
158.0, 201.05, .86, .86, .90, .97
204.0, 200.19, .92, .86, .90, .99
180.0, 191.16, .88, .85, .87, .96
208.0, 193.14, .88, .84, .89, .96
193.0, 200.38, .91, .84, .90, .98
192.0, 190.56, .91, .87, .89, .94
197.0, 202.29, .91, .88, .91, 1.00
198.0, 190.15, .93, .86, .88, .94
210.0, 199.85, .91, .86, .88, .99
212.0, 200.08, .86, .84, .90, 1.00
194.0, 199.02, .93, .87, .90, .99
165.0, 193.47, .88, .84, .89, .95
179.0, 198.64, .86, .85, .88, .98
156.0, 193.08, .87, .84, .87, .95
209.0, 195.89, .88, .86, .89, .97
169.0, 201.11, .87, .86, .90, .97
202.0, 201.99, .89, .85, .92, .99
201.0, 200.41, .90, .86, .90, .99
204.0, 203.85, .92, .88, .91, 1.00
204.0, 197.28, .82, .84, .90, .97
166.0, 197.25, .90, .85, .89, .96
201.0, 194.44, .88, .85, .89, .97
210.0, 195.90, .90, .84, .88, .98
207.0, 199.34, .88, .85, .90, .98
194.0, 201.54, .90, .86, .91, .99
197.0, 201.32, .86, .86, .89, .98
176.0, 194.17, .90, .83, .89, .97
211.0, 197.41, .86, .83, .89, .97
169.0, 200.61, .88, .85, .92, .99
208.0, 193.88, .87, .86, .90, .95
190.0, 198.51, .84, .85, .90, .98
214.0, 201.68, .91, .87, .90, .98
173.0, 189.29, .89, .84, .88, .94
207.0, 190.29, .93, .84, .88, .94
203.0, 200.14, .94, .86, .88, .99
208.0, 199.86, .90, .88, .89, .96
208.0, 193.61, .88, .85, .88, .95
188.0, 192.92, .88, .82, .90, .98
214.0, 193.69, .89, .86, .90, .95
189.0, 198.27, .86, .86, .90, .99
208.0, 193.39, .88, .84, .87, .98
209.0, 202.31, .86, .85, .90, .99
186.0, 195.92, .92, .86, .89, .96
162.0, 194.28, .83, .82, .88, .96
194.0, 189.01, .84, .83, .86, .92
188.0, 197.41, .92, .85, .89, .99
201.0, 197.56, .87, .86, .90, .98
212.0, 201.58, .94, .88, .90, .97
167.0, 196.98, .92, .85, .89, .98
203.0, 197.13, .93, .85, .89, .95
205.0, 193.76, .92, .86, .87, .93
209.0, 198.97, .88, .83, .88, .99
216.0, 197.81, .90, .86, .89, .95
189.0, 196.30, .87, .84, .89, .95
212.0, 190.27, .90, .85, .84, .97
187.0, 201.03, .87, .85, .91, .99
201.0, 194.59, .94, .88, .88, .97
199.0, 189.45, .93, .84, .84, .95
213.0, 195.49, .92, .83, .88, .97
206.0, 193.92, .86, .83, .88, .97
191.0, 198.75, .86, .87, .89, 1.00
199.0, 198.68, .86, .85, .89, .99
196.0, 203.76, .87, .86, .91, .98
216.0, 194.14, .93, .85, .90, .92
220.0, 202.64, .87, .86, .91, .99
158.0, 203.46, .86, .89, .92, .97
206.0, 199.03, .91, .86, .90, .98
194.0, 199.38, .88, .84, .89, .97
203.0, 192.31, .90, .83, .88, .97
208.0, 204.05, .91, .87, .92, .99
212.0, 201.61, .93, .87, .90, .99
149.0, 203.84, .84, .86, .92, .99
204.0, 204.19, .91, .88, .90, 1.00
208.0, 196.57, .89, .85, .88, .97
153.0, 200.36, .89, .88, .91, 1.00
192.0, 192.60, .88, .85, .87, .95
210.0, 195.84, .89, .85, .89, .98
205.0, 193.42, .87, .83, .87, .98
219.0, 193.59, .93, .84, .88, .93
198.0, 198.87, .90, .87, .88, .99
196.0, 199.83, .93, .85, .91, .98
207.0, 193.10, .89, .83, .89, .97
210.0, 203.51, .94, .87, .91, .99
158.0, 196.63, .84, .84, .88, .96
210.0, 193.29, .90, .83, .87, .97
174.0, 195.87, .87, .82, .90, .97
203.0, 199.63, .91, .85, .89, .97
209.0, 194.21, .90, .86, .89, .97
201.0, 195.61, .89, .84, .88, .97
210.0, 196.61, .86, .83, .88, .97
215.0, 196.79, .86, .83, .90, .95
200.0, 202.20, .90, .88, .90, .99
191.0, 189.99, .87, .83, .86, .94
202.0, 198.29, .88, .84, .90, .98
210.0, 191.36, .88, .85, .88, .96
201.0, 189.74, .83, .82, .89, .96
169.0, 201.20, .89, .87, .90, .99
188.0, 196.05, .83, .83, .88, .95
179.0, 192.98, .90, .84, .87, .99
195.0, 199.29, .89, .87, .89, .98
195.0, 199.11, .89, .84, .90, 1.00
212.0, 200.54, .91, .87, .90, 1.00
210.0, 203.88, .93, .88, .92, .98
170.0, 199.77, .88, .85, .89, .97
161.0, 193.68, .86, .85, .89, .96
195.0, 200.51, .89, .87, .91, .97
207.0, 204.59, .92, .89, .91, 1.00
201.0, 193.47, .84, .84, .88, .94
211.0, 189.51, .86, .83, .87, .92
203.0, 200.56, .92, .88, .91, .99
167.0, 197.40, .84, .84, .89, .96
191.0, 200.78, .87, .86, .90, .99
176.0, 196.83, .86, .85, .88, .99
177.0, 199.79, .85, .84, .90, .99
213.0, 189.04, .93, .87, .88, .92
203.0, 196.56, .93, .83, .88, .98
202.0, 202.31, .88, .87, .90, .99
219.0, 202.19, .90, .88, .90, .96
191.0, 195.66, .91, .84, .90, .99
211.0, 200.39, .90, .85, .89, .99
209.0, 202.58, .91, .89, .90, .99
206.0, 197.11, .90, .86, .89, .96
208.0, 191.52, .89, .87, .90, .91
210.0, 198.12, .92, .85, .86, .99
206.0, 192.31, .90, .85, .88, .94
193.0, 197.14, .91, .86, .90, .99
200.0, 204.98, .90, .86, .92, .99
175.0, 200.80, .89, .87, .89, .97
219.0, 204.59, .90, .88, .90, .99
199.0, 207.23, .93, .87, .93, 1.00
209.0, 190.14, .83, .83, .88, .93
205.0, 195.08, .91, .83, .88, .98
203.0, 198.97, .91, .87, .87, .98
200.0, 201.75, .83, .84, .90, .97
210.0, 201.19, .92, .87, .90, .97
201.0, 199.39, .90, .86, .89, .97
221.0, 205.42, .93, .84, .92, .99
206.0, 191.89, .90, .87, .87, .97
211.0, 200.38, .94, .89, .90, .99
157.0, 193.73, .85, .81, .89, .92
195.0, 203.71, .90, .85, .90, .96
159.0, 199.59, .84, .85, .90, .97
193.0, 193.27, .91, .85, .89, .96
202.0, 202.02, .89, .88, .90, .99
191.0, 193.86, .93, .81, .89, .99
198.0, 196.35, .88, .85, .92, .98
206.0, 186.43, .85, .81, .87, .93
194.0, 191.89, .91, .85, .90, .96
194.0, 187.03, .92, .81, .87, .96
197.0, 186.01, .90, .83, .88, .95
197.0, 191.03, .78, .81, .90, .96
203.0, 197.45, .94, .86, .89, .99
165.0, 186.85, .87, .84, .89, .94
194.0, 196.75, .93, .85, .91, .99
199.0, 188.54, .87, .81, .88, .98
164.0, 193.69, .87, .83, .90, .98
213.0, 190.72, .91, .84, .89, .95
181.0, 195.14, .88, .82, .89, .98
205.0, 188.39, .89, .84, .91, .91
201.0, 189.53, .89, .84, .91, .94
205.0, 191.85, .94, .84, .89, .98
200.0, 191.86, .89, .83, .91, .98
177.0, 178.96, .91, .77, .87, .92
208.0, 189.87, .87, .84, .87, .98
209.0, 196.25, .90, .84, .90, .98
202.0, 192.20, .86, .82, .88, .96
214.0, 192.80, .88, .82, .89, .97
207.0, 194.50, .94, .86, .88, .96
182.0, 196.02, .91, .84, .90, .98
202.0, 194.77, .88, .83, .90, .99
206.0, 195.88, .92, .84, .91, .98
182.0, 195.86, .85, .82, .89, .98
201.0, 191.57, .88, .82, .88, .96
193.0, 186.25, .87, .82, .88, .90
206.0, 188.52, .84, .81, .89, .95
192.0, 190.09, .92, .82, .87, .98
206.0, 190.02, .91, .84, .89, .99
159.0, 191.06, .89, .82, .89, .95
197.0, 191.38, .88, .84, .89, .98
188.0, 194.25, .94, .84, .90, .96
216.0, 188.62, .90, .79, .89, .96
198.0, 194.22, .85, .81, .89, .97
223.0, 194.69, .91, .83, .91, .95
182.0, 176.83, .90, .84, .84, .92
196.0, 191.56, .85, .82, .89, .97
212.0, 192.46, .90, .82, .88, .98
166.0, 193.26, .89, .83, .91, .98
189.0, 192.29, .89, .82, .91, .98
208.0, 197.99, .90, .86, .92, 1.00
181.0, 183.28, .85, .80, .83, .93
210.0, 187.81, .92, .81, .88, .96
183.0, 196.89, .88, .83, .90, .99
203.0, 192.19, .88, .84, .89, .96
164.0, 197.95, .92, .83, .91, .99
201.0, 192.39, .87, .84, .90, .94
215.0, 196.91, .92, .85, .90, .99
172.0, 196.41, .87, .85, .93, .99
199.0, 199.59, .94, .85, .93, 1.00
199.0, 196.84, .93, .83, .90, .99
210.0, 186.06, .86, .81, .86, .95
221.0, 196.50, .93, .83, .92, .99
206.0, 187.76, .87, .83, .89, .95
190.0, 189.29, .86, .78, .87, .95
205.0, 192.91, .89, .85, .89, .99
197.0, 197.56, .90, .84, .90, .99
160.0, 197.27, .89, .82, .86, .97
183.0, 191.62, .88, .82, .89, .97
193.0, 197.51, .89, .84, .90, .99
204.0, 196.47, .93, .83, .90, .99
184.0, 195.25, .85, .83, .90, .97
199.0, 189.58, .93, .81, .88, .98
205.0, 193.69, .92, .82, .89, .98
200.0, 196.60, .89, .85, .91, .98
172.0, 193.65, .90, .82, .88, .97
197.0, 185.09, .91, .84, .87, .97
200.0, 189.36, .86, .82, .88, .96
215.0, 196.22, .89, .85, .90, 1.00
172.0, 187.79, .85, .82, .90, .96
156.0, 189.39, .90, .84, .90, .98
192.0, 187.43, .82, .80, .87, .96
160.0, 188.51, .88, .84, .88, .97
198.0, 196.50, .87, .86, .91, .99
171.0, 192.37, .86, .82, .89, .96
204.0, 198.74, .90, .85, .92, .98
202.0, 197.85, .87, .85, .88, .96
205.0, 198.50, .87, .84, .91, .99
211.0, 198.41, .92, .84, .90, .97
188.0, 198.77, .84, .83, .90, .99
192.0, 189.74, .86, .82, .87, .98
208.0, 197.65, .91, .86, .90, .98
159.0, 194.83, .83, .84, .87, .97
208.0, 194.73, .89, .84, .90, .98
202.0, 189.86, .87, .82, .87, .93
208.0, 200.69, .92, .85, .90, .99
181.0, 200.04, .85, .82, .88, .99
197.0, 199.68, .87, .88, .90, .96
192.0, 203.20, .90, .85, .89, .99
208.0, 198.66, .93, .86, .90, .97
208.0, 209.20, .91, .89, .92, 1.00
204.0, 199.87, .89, .88, .87, .96
211.0, 195.03, .88, .83, .88, .94
197.0, 196.71, .89, .85, .88, .97
202.0, 204.86, .93, .89, .89, .98
201.0, 196.93, .91, .84, .88, .95
202.0, 209.14, .86, .87, .92, .99
195.0, 199.13, .91, .86, .89, .98
211.0, 199.76, .90, .84, .91, .98
174.0, 198.94, .90, .87, .88, .99
205.0, 206.76, .90, .90, .91, .98
219.0, 201.40, .91, .88, .90, .99
156.0, 196.14, .88, .83, .88, .94
216.0, 204.67, .89, .87, .92, .99
208.0, 204.47, .92, .89, .89, .98
173.0, 199.66, .90, .87, .87, .97
206.0, 200.89, .87, .88, .87, .96
200.0, 198.65, .92, .86, .91, .94
174.0, 203.92, .90, .90, .89, .97
217.0, 205.79, .94, .90, .90, .99
210.0, 206.11, .91, .89, .90, .98
171.0, 203.16, .90, .89, .89, .97
217.0, 207.34, .91, .90, .91, .98
215.0, 202.54, .92, .88, .89, .95
216.0, 198.29, .93, .88, .88, .92
212.0, 202.04, .92, .85, .90, .97
173.0, 209.54, .85, .90, .91, .99
154.0, 204.32, .86, .89, .87, .98
225.0, 199.73, .90, .86, .90, .97
204.0, 201.44, .82, .83, .87, .96
212.0, 197.78, .92, .90, .89, .95
199.0, 200.71, .80, .85, .90, .95
188.0, 199.43, .91, .86, .89, .98
210.0, 205.31, .91, .91, .89, .99
185.0, 208.05, .89, .89, .91, .98
203.0, 199.19, .88, .90, .87, .98
159.0, 205.18, .86, .88, .90, .99
208.0, 199.07, .91, .89, .87, .96
200.0, 209.41, .90, .89, .91, .99
213.0, 199.87, .90, .86, .89, .96
215.0, 207.31, .90, .89, .90, .99
163.0, 198.38, .86, .86, .88, .96
215.0, 206.71, .89, .89, .91, .98
220.0, 207.89, .86, .86, .89, .99
204.0, 210.10, .93, .91, .91, 1.00
201.0, 204.32, .87, .89, .89, 1.00
214.0, 199.92, .90, .88, .87, .99
209.0, 207.03, .91, .86, .90, .97
209.0, 199.39, .91, .90, .88, .95
200.0, 198.36, .89, .87, .89, .97
200.0, 199.16, .83, .87, .88, .94
205.0, 206.83, .86, .88, .89, .99
206.0, 201.36, .89, .89, .90, .94
198.0, 208.74, .92, .88, .91, .99
215.0, 209.32, .91, .90, .91, .99
220.0, 198.74, .94, .90, .88, .94
204.0, 209.51, .89, .88, .91, .99
199.0, 207.42, .91, .89, .90, .99
202.0, 199.69, .83, .86, .90, .95
216.0, 201.36, .87, .87, .89, .96
219.0, 197.49, .87, .85, .87, .95
219.0, 208.56, .92, .90, .91, .99
213.0, 206.68, .90, .90, .89, .96
206.0, 210.46, .87, .87, .92, .99
215.0, 212.23, .91, .89, .93, .99
203.0, 205.08, .90, .89, .91, .96
206.0, 197.92, .83, .85, .88, .94
214.0, 207.55, .85, .86, .90, .97
186.0, 206.45, .91, .90, .90, .99
213.0, 204.30, .90, .88, .89, .97
187.0, 189.77, .86, .87, .89, .91
219.0, 205.64, .94, .90, .90, .95
213.0, 207.01, .92, .89, .90, .97
173.0, 207.83, .84, .88, .90, .99
190.0, 196.72, .89, .91, .89, .94
211.0, 208.08, .91, .88, .89, .99
214.0, 204.97, .91, .87, .88, .99
207.0, 196.64, .91, .87, .84, .98
208.0, 203.10, .81, .85, .90, .97
201.0, 203.75, .91, .90, .88, .99
210.0, 201.92, .90, .88, .90, .97
209.0, 195.54, .87, .86, .87, .92
220.0, 202.19, .88, .86, .89, .94
225.0, 206.97, .91, .87, .90, .98
199.0, 196.56, .93, .86, .88, .96
224.0, 207.51, .88, .87, .91, 1.00
203.0, 200.65, .91, .90, .89, .95
203.0, 203.18, .90, .90, .90, .97
214.0, 207.29, .90, .89, .88, .98
210.0, 207.21, .86, .89, .90, .99
147.0, 200.87, .89, .86, .87, .98
209.0, 204.75, .89, .88, .89, .96
157.0, 201.94, .83, .88, .88, .96
182.0, 200.54, .89, .86, .89, .96
210.0, 206.11, .90, .88, .91, .97
208.0, 212.20, .92, .90, .91, 1.00
201.0, 203.90, .91, .87, .90, .97
185.0, 200.97, .89, .89, .89, .96
197.0, 199.33, .92, .85, .88, .97
210.0, 206.47, .91, .89, .92, .99
216.0, 207.24, .92, .90, .91, .98
197.0, 206.29, .93, .89, .91, .96
190.0, 197.20, .89, .83, .88, .97
171.0, 201.73, .79, .84, .89, .96
155.0, 206.59, .92, .91, .90, .97
212.0, 195.89, .88, .86, .89, .94
208.0, 201.78, .88, .88, .90, .93
212.0, 207.02, .92, .88, .89, .98
220.0, 210.92, .92, .89, .90, .98
215.0, 206.31, .90, .89, .90, .98
207.0, 206.13, .89, .89, .90, .97
204.0, 202.08, .91, .87, .90, .95
216.0, 203.85, .93, .88, .90, .97
206.0, 206.31, .88, .90, .89, .99
205.0, 206.22, .92, .89, .89, .99
224.0, 206.93, .91, .89, .89, .97
170.0, 195.86, .83, .89, .88, .93
203.0, 201.41, .88, .88, .89, .94
215.0, 197.64, .90, .88, .89, .94
161.0, 193.13, .86, .88, .87, .94
207.0, 200.73, .84, .88, .89, .97
211.0, 203.61, .90, .88, .90, 1.00
218.0, 203.28, .92, .88, .90, .96
221.0, 200.40, .93, .87, .87, .95
176.0, 204.55, .85, .87, .89, .97
221.0, 207.75, .92, .88, .88, .99
217.0, 203.62, .91, .88, .89, .94
212.0, 203.50, .87, .88, .88, .99
217.0, 206.19, .89, .89, .91, 1.00
212.0, 209.20, .89, .90, .91, 1.00
202.0, 199.80, .89, .88, .89, .96
211.0, 208.50, .90, .88, .92, 1.00
173.0, 201.11, .88, .87, .89, .95
212.0, 200.41, .89, .87, .87, .97
178.0, 202.43, .88, .89, .90, .96
195.0, 200.87, .91, .88, .89, .93
215.0, 196.68, .88, .86, .89, .92
216.0, 195.43, .88, .90, .89, .92
164.0, 206.59, .89, .87, .90, .99
200.0, 202.82, .92, .89, .89, .98
222.0, 207.85, .90, .90, .92, .99
221.0, 207.60, .87, .89, .90, .97
157.0, 201.98, .86, .89, .89, .95
222.0, 206.55, .88, .88, .90, .98
209.0, 193.51, .88, .88, .88, .94
194.0, 194.01, .91, .85, .86, .92
217.0, 208.62, .93, .91, .90, .98
177.0, 207.03, .87, .90, .90, .97
180.0, 202.04, .87, .88, .90, .95
208.0, 205.53, .91, .89, .90, .97
201.0, 203.97, .90, .87, .90, .96
216.0, 206.49, .93, .87, .90, .99
215.0, 199.47, .90, .85, .87, .95
214.0, 204.70, .92, .87, .90, .97
206.0, 204.13, .84, .86, .88, .94
234.0, 202.62, .91, .88, .89, .95
216.0, 201.63, .92, .88, .88, .96
165.0, 205.62, .86, .90, .89, .99
227.0, 201.97, .93, .88, .89, .94
211.0, 212.52, .87, .90, .91, .99
212.0, 208.43, .91, .88, .91, 1.00
218.0, 207.43, .93, .89, .91, .99
198.0, 193.75, .83, .85, .87, .93
197.0, 200.16, .89, .87, .89, .96
206.0, 202.85, .93, .88, .90, .99
190.0, 201.86, .92, .88, .90, .99
209.0, 205.38, .85, .85, .91, 1.00
213.0, 202.49, .85, .85, .89, .97
190.0, 209.08, .89, .89, .90, .99
219.0, 205.41, .91, .89, .89, .97
196.0, 206.49, .87, .88, .91, .97
202.0, 206.31, .91, .88, .90, 1.00
213.0, 210.40, .95, .91, .91, 1.00
211.0, 204.79, .91, .88, .91, .99
215.0, 207.76, .89, .87, .91, 1.00
221.0, 200.46, .90, .85, .86, .97
224.0, 198.77, .89, .87, .88, .95
220.0, 205.92, .91, .89, .90, .95
190.0, 207.69, .90, .91, .91, .98
201.0, 202.58, .89, .91, .88, 1.00
216.0, 207.09, .92, .88, .89, .99
180.0, 205.67, .92, .89, .90, .96
169.0, 203.86, .88, .89, .87, .98
210.0, 198.33, .84, .88, .90, .94
207.0, 204.20, .84, .88, .89, .98
202.0, 210.01, .88, .89, .91, 1.00
217.0, 193.73, .86, .84, .88, .93
209.0, 200.37, .93, .89, .90, .95
191.0, 205.13, .89, .87, .89, .97
191.0, 199.24, .79, .84, .87, .97
216.0, 204.47, .93, .89, .89, .98
217.0, 210.23, .92, .90, .90, 1.00
211.0, 212.29, .89, .91, .91, .99
215.0, 206.78, .93, .88, .91, .99
218.0, 202.78, .87, .86, .90, .96
205.0, 196.75, .89, .88, .89, .92
204.0, 206.12, .92, .89, .90, .96
205.0, 197.92, .90, .88, .89, .94
216.0, 200.42, .91, .91, .88, .95
221.0, 203.99, .84, .85, .90, .97
144.0, 194.88, .87, .88, .87, .95
197.0, 189.31, .90, .88, .85, .93
210.0, 204.29, .89, .88, .88, .99
215.0, 211.57, .90, .89, .91, .99
207.0, 203.46, .87, .88, .89, .96
197.0, 207.33, .90, .89, .91, .99
199.0, 195.26, .86, .87, .90, .93
163.0, 204.50, .89, .87, .90, .97
207.0, 200.27, .89, .89, .90, .96
202.0, 209.41, .85, .88, .91, .99
180.0, 204.63, .81, .85, .90, .95
226.0, 204.41, .90, .87, .91, .96
207.0, 206.08, .90, .90, .90, .96
217.0, 208.45, .91, .89, .93, 1.00
218.0, 207.79, .92, .88, .91, .99
171.0, 204.03, .87, .85, .89, .99
212.0, 186.81, .91, .86, .84, .90
165.0, 208.85, .88, .89, .91, .98
229.0, 202.42, .91, .86, .89, .97
169.0, 198.75, .79, .85, .86, .97
219.0, 208.88, .88, .90, .91, 1.00
222.0, 195.20, .89, .86, .89, .93
199.0, 206.36, .91, .89, .90, .97
162.0, 204.27, .85, .87, .91, .97
205.0, 192.26, .94, .89, .90, .90
222.0, 209.20, .92, .91, .90, 1.00
217.0, 207.01, .92, .88, .90, .97
221.0, 207.69, .92, .88, .89, .98
208.0, 200.92, .90, .86, .89, .94
219.0, 202.29, .91, .86, .90, .97
158.0, 197.25, .85, .84, .88, .94
214.0, 197.17, .89, .86, .87, .96
210.0, 200.63, .92, .88, .89, .98
215.0, 204.92, .94, .87, .91, .97
202.0, 202.91, .92, .88, .90, .97
203.0, 203.37, .92, .89, .87, .99
197.0, 201.38, .86, .88, .88, .99
174.0, 205.60, .89, .88, .90, 1.00
221.0, 206.48, .86, .88, .90, 1.00
217.0, 203.25, .87, .84, .90, .97
206.0, 204.57, .83, .87, .89, .97
217.0, 208.68, .92, .88, .91, .99
169.0, 202.68, .86, .86, .90, .94
217.0, 205.78, .90, .89, .89, .98
202.0, 201.00, .89, .86, .89, .96
207.0, 208.33, .88, .89, .90, .98
218.0, 211.61, .92, .89, .92, .98
199.0, 206.56, .91, .88, .91, .98
210.0, 208.49, .92, .89, .89, .98
212.0, 203.14, .88, .88, .89, .96
197.0, 209.50, .89, .90, .90, .99
160.0, 198.95, .85, .84, .87, .96
219.0, 198.69, .93, .89, .90, .93
207.0, 211.03, .94, .91, .92, .99
206.0, 206.20, .89, .88, .90, .99
213.0, 196.17, .91, .89, .86, .99
220.0, 202.75, .87, .88, .90, .96
168.0, 202.17, .89, .88, .88, .98
224.0, 204.76, .88, .86, .88, .97
178.0, 201.66, .87, .88, .88, .96
201.0, 205.05, .84, .87, .88, .99
213.0, 208.00, .88, .88, .91, 1.00
223.0, 204.42, .90, .89, .90, .95
223.0, 200.54, .89, .86, .88, .93
209.0, 202.04, .88, .88, .89, .96
208.0, 203.73, .88, .86, .88, .95
212.0, 206.69, .91, .90, .90, .99
220.0, 211.65, .93, .88, .91, .99
199.0, 204.69, .86, .85, .88, .98
194.0, 200.47, .91, .88, .89, .96
198.0, 198.25, .91, .88, .87, .95
178.0, 210.05, .81, .89, .91, .99
198.0, 201.37, .92, .89, .91, .93
213.0, 209.42, .89, .90, .90, .99
207.0, 205.58, .93, .89, .90, .97
203.0, 208.38, .92, .90, .90, .98
219.0, 209.18, .89, .90, .90, .99
177.0, 194.28, .86, .85, .86, .93
216.0, 206.73, .90, .88, .90, .97
214.0, 207.84, .92, .91, .90, .99
199.0, 201.31, .87, .88, .88, .95
162.0, 206.31, .91, .89, .89, .98
217.0, 200.24, .89, .87, .87, .97
208.0, 208.35, .92, .88, .90, .98
209.0, 203.25, .88, .88, .87, .98
212.0, 198.26, .87, .84, .89, .95
205.0, 214.88, .91, .90, .93, 1.00
203.0, 211.02, .90, .90, .90, .99
173.0, 202.97, .87, .89, .89, .94
212.0, 197.08, .88, .84, .89, .94
213.0, 207.78, .88, .88, .91, .98
213.0, 200.54, .93, .90, .88, .99
216.0, 210.70, .91, .91, .91, .99
220.0, 204.81, .89, .91, .92, .94
224.0, 202.78, .89, .86, .88, .97
160.0, 197.99, .85, .85, .89, .92
210.0, 202.12, .94, .86, .88, .98
217.0, 204.02, .87, .89, .88, .96
202.0, 207.14, .91, .90, .89, .97
198.0, 205.27, .92, .90, .88, .96
223.0, 208.13, .92, .90, .91, 1.00
214.0, 206.44, .87, .88, .91, .96
201.0, 206.53, .88, .86, .90, .98
221.0, 208.75, .92, .90, .91, .99
205.0, 208.56, .89, .87, .90, .99
205.0, 201.06, .82, .86, .89, .96
167.0, 207.69, .89, .91, .90, .98
212.0, 205.68, .94, .90, .88, .97
166.0, 199.99, .82, .84, .88, .96
176.0, 195.37, .90, .88, .88, .93
204.0, 194.68, .90, .87, .88, .93
216.0, 211.34, .87, .88, .92, .99
211.0, 199.90, .92, .89, .87, .99
216.0, 199.52, .86, .86, .88, .96
192.0, 207.65, .89, .88, .90, .99
203.0, 211.54, .89, .90, .91, .98
217.0, 197.36, .84, .89, .88, .91
206.0, 206.95, .89, .86, .90, .99
211.0, 207.42, .85, .87, .89, .99
203.0, 204.52, .91, .88, .89, 1.00
208.0, 207.53, .93, .90, .90, 1.00
209.0, 200.17, .94, .88, .90, .96
222.0, 201.03, .87, .87, .90, .95
207.0, 206.31, .84, .85, .90, .98
226.0, 209.78, .92, .90, .91, .99
198.0, 206.94, .85, .87, .90, .97
163.0, 209.79, .89, .90, .92, .99
218.0, 209.73, .90, .88, .91, .99
199.0, 211.88, .86, .88, .91, .98
218.0, 204.79, .93, .90, .87, .99
220.0, 204.96, .88, .88, .90, .97
198.0, 200.65, .83, .85, .89, .96
193.0, 196.74, .87, .88, .87, .94
183.0, 194.91, .91, .88, .85, .99
224.0, 202.85, .89, .88, .89, .96
199.0, 204.78, .85, .86, .89, .99
215.0, 211.87, .91, .92, .91, .99
212.0, 205.92, .92, .89, .91, 1.00
177.0, 198.50, .86, .86, .88, .94
163.0, 209.25, .87, .89, .92, .99
223.0, 201.95, .88, .86, .87, .98
159.0, 203.80, .89, .90, .91, .97
201.0, 201.95, .87, .89, .88, .97
207.0, 205.76, .86, .89, .91, .98
205.0, 204.56, .89, .90, .89, .98
198.0, 203.73, .89, .87, .89, .97
218.0, 201.82, .90, .89, .87, .99
220.0, 202.39, .90, .88, .89, .95
191.0, 204.83, .87, .87, .87, .98
215.0, 198.26, .89, .85, .87, .95
203.0, 208.66, .86, .88, .89, .99
217.0, 201.31, .88, .87, .90, 1.00
204.0, 200.64, .91, .89, .89, .96
201.0, 190.84, .87, .85, .85, .92
205.0, 210.11, .91, .89, .91, .97
197.0, 201.07, .87, .89, .89, .94
209.0, 202.11, .93, .89, .90, .96
214.0, 209.89, .87, .89, .90, .99
210.0, 200.75, .89, .86, .89, .98
207.0, 203.95, .86, .85, .88, .98
203.0, 204.72, .89, .90, .89, .96
217.0, 184.18, .82, .85, .85, .90
225.0, 209.16, .90, .87, .90, .98
205.0, 208.41, .87, .88, .91, .98
182.0, 203.27, .93, .91, .92, .94
202.0, 188.55, .88, .85, .87, .89
220.0, 204.40, .91, .87, .90, .99
214.0, 208.35, .93, .87, .90, .99
210.0, 206.75, .90, .90, .90, 1.00
200.0, 202.86, .90, .88, .88, .98
203.0, 208.09, .91, .91, .90, .98
206.0, 198.72, .87, .86, .88, .96
199.0, 199.72, .87, .86, .88, .97
206.0, 204.66, .85, .87, .88, .98
215.0, 202.80, .89, .86, .88, .98
229.0, 203.44, .86, .85, .89, .94
186.0, 200.89, .92, .89, .89, .94
207.0, 195.99, .85, .87, .85, .93
165.0, 197.20, .90, .81, .86, .94
169.0, 206.41, .91, .90, .91, .98
216.0, 201.38, .92, .86, .89, .96
206.0, 196.86, .85, .84, .88, .94
206.0, 207.36, .93, .90, .89, .99
212.0, 195.72, .91, .90, .86, .94
216.0, 208.63, .91, .90, .91, .98
220.0, 193.35, .90, .87, .88, .90
212.0, 205.15, .92, .89, .90, .98
217.0, 207.49, .85, .89, .90, 1.00
179.0, 202.30, .87, .87, .89, .95
171.0, 204.12, .85, .86, .88, .97
176.0, 194.62, .92, .89, .86, .91
206.0, 201.41, .92, .88, .89, .95
156.0, 205.92, .85, .90, .89, .97
176.0, 203.09, .84, .86, .89, .97
218.0, 201.41, .87, .89, .88, .99
218.0, 198.61, .85, .89, .89, .94
170.0, 204.91, .84, .86, .90, .97
165.0, 210.33, .90, .88, .91, .99
223.0, 204.29, .90, .90, .89, .99
164.0, 200.47, .88, .86, .88, .93
212.0, 197.93, .86, .84, .89, .94
207.0, 203.34, .92, .89, .91, .99
204.0, 211.99, .93, .92, .92, 1.00
209.0, 192.02, .91, .86, .88, .93
200.0, 201.67, .87, .87, .90, .97
213.0, 203.25, .89, .91, .89, .98
213.0, 204.53, .89, .88, .90, .99
212.0, 201.46, .86, .87, .89, .98
219.0, 206.10, .90, .89, .90, .97
222.0, 204.60, .89, .88, .87, .97
212.0, 204.82, .90, .88, .90, .98
162.0, 201.83, .85, .86, .88, .98
217.0, 203.67, .91, .88, .88, .96
223.0, 206.20, .93, .87, .90, .98
215.0, 207.91, .90, .89, .91, .99
221.0, 206.15, .89, .88, .89, .97
168.0, 204.63, .86, .89, .90, .97
203.0, 198.28, .91, .87, .87, .95
224.0, 198.34, .93, .86, .88, .94
214.0, 208.76, .89, .87, .90, .98
192.0, 204.05, .89, .86, .90, .98
222.0, 198.11, .87, .83, .88, .97
199.0, 196.92, .91, .83, .89, .97
196.0, 198.42, .85, .82, .89, .95
204.0, 202.68, .92, .84, .89, .99
208.0, 201.74, .90, .87, .88, .99
197.0, 198.14, .90, .86, .90, .98
187.0, 196.88, .87, .85, .89, .99
165.0, 186.90, .90, .82, .86, .89
209.0, 189.38, .89, .84, .84, .92
206.0, 205.42, .92, .86, .90, .99
215.0, 201.28, .90, .85, .88, .98
190.0, 196.39, .86, .85, .89, .94
175.0, 204.07, .89, .87, .91, .98
208.0, 200.13, .90, .85, .88, .97
191.0, 201.34, .89, .87, .90, .94
215.0, 203.48, .87, .83, .90, .98
206.0, 202.09, .93, .86, .91, .99
212.0, 199.39, .90, .83, .89, .98
195.0, 197.33, .89, .87, .89, .95
219.0, 199.66, .87, .85, .88, .92
208.0, 203.09, .93, .87, .90, .96
168.0, 200.29, .86, .85, .89, .96
204.0, 193.40, .90, .80, .86, .94
183.0, 201.19, .88, .86, .89, .94
171.0, 201.97, .81, .84, .88, .95
222.0, 206.67, .91, .88, .90, .96
203.0, 201.47, .88, .85, .88, .97
222.0, 201.72, .91, .88, .88, 1.00
207.0, 209.85, .93, .89, .91, .99
151.0, 194.68, .88, .87, .88, .93
214.0, 203.19, .86, .90, .89, .95
179.0, 205.73, .86, .88, .89, .97
199.0, 201.76, .89, .88, .88, .97
220.0, 200.65, .90, .88, .88, .96
205.0, 205.57, .91, .88, .88, .97
202.0, 206.53, .87, .89, .90, .97
225.0, 206.29, .91, .87, .91, .98
210.0, 203.80, .88, .88, .90, .97
157.0, 205.44, .88, .87, .89, .98
219.0, 202.03, .89, .87, .89, .98
224.0, 203.87, .90, .89, .90, .97
208.0, 207.79, .89, .88, .90, .99
208.0, 204.26, .90, .87, .89, .98
225.0, 196.13, .83, .86, .87, .93
217.0, 204.79, .94, .88, .90, .95
208.0, 212.74, .91, .90, .92, 1.00
209.0, 198.51, .91, .89, .87, .96
219.0, 201.96, .94, .88, .89, .97
215.0, 204.22, .90, .85, .89, .99
197.0, 207.68, .91, .89, .91, .99
163.0, 199.07, .90, .89, .89, .98
206.0, 195.72, .89, .88, .89, .93
213.0, 208.64, .85, .89, .90, .97
170.0, 203.44, .85, .90, .88, .94
217.0, 203.28, .88, .90, .90, .96
217.0, 199.37, .90, .91, .89, .92
220.0, 195.72, .86, .86, .87, .93
204.0, 195.73, .86, .86, .88, .92
201.0, 202.48, .88, .85, .88, .97
222.0, 205.57, .93, .89, .88, .98
193.0, 199.70, .91, .83, .88, .96
190.0, 203.68, .87, .87, .88, .99
219.0, 202.94, .90, .89, .90, .97
147.0, 208.11, .85, .88, .90, .97
206.0, 192.81, .82, .87, .85, .94
207.0, 204.07, .89, .90, .89, .97
214.0, 196.08, .89, .88, .88, .91
209.0, 211.38, .94, .90, .90, .99
225.0, 212.20, .91, .91, .91, .99
203.0, 203.38, .91, .86, .90, .98
214.0, 204.21, .92, .91, .89, .97
223.0, 209.16, .92, .91, .91, .98
211.0, 205.14, .89, .86, .89, .96
219.0, 208.15, .93, .90, .91, .99
172.0, 204.57, .87, .87, .89, .98
195.0, 199.99, .88, .87, .89, .95
224.0, 202.21, .94, .90, .88, .95
172.0, 206.88, .87, .87, .89, .96
208.0, 195.28, .91, .84, .86, .92
182.0, 192.91, .85, .86, .84, .94
214.0, 208.41, .88, .90, .90, .97
210.0, 206.46, .88, .89, .89, .99
149.0, 199.96, .88, .86, .87, .94
219.0, 210.96, .93, .90, .90, .99
189.0, 194.59, .81, .86, .87, .94
218.0, 199.21, .92, .90, .86, .99
204.0, 200.29, .93, .87, .87, .96
212.0, 210.34, .90, .89, .91, .99
212.0, 207.37, .89, .91, .91, .97
202.0, 205.03, .92, .87, .90, .95
212.0, 202.92, .90, .87, .89, .97
218.0, 212.03, .93, .92, .92, .99
213.0, 203.77, .91, .86, .87, .97
209.0, 198.93, .86, .87, .88, .95
195.0, 207.57, .87, .89, .90, .99
202.0, 201.39, .87, .88, .87, .97
204.0, 207.22, .89, .90, .90, .96
218.0, 209.33, .88, .88, .90, .99
221.0, 204.58, .92, .88, .90, .95
215.0, 208.58, .94, .90, .90, .99
180.0, 203.00, .86, .88, .88, .97
207.0, 205.60, .91, .89, .89, 1.00
193.0, 206.35, .89, .86, .89, .99
217.0, 206.67, .92, .88, .90, .97
211.0, 210.00, .91, .89, .91, .99
214.0, 201.16, .91, .86, .87, .97
205.0, 197.87, .91, .86, .87, .97
220.0, 200.13, .93, .89, .88, .94
218.0, 208.44, .88, .87, .90, .98
211.0, 197.48, .93, .88, .88, .91
210.0, 205.89, .91, .90, .89, .96
226.0, 200.87, .82, .84, .89, .96
202.0, 197.87, .91, .88, .88, .91
162.0, 210.06, .86, .88, .90, .98
207.0, 212.36, .91, .90, .92, .99
213.0, 196.96, .89, .85, .88, .93
222.0, 208.74, .84, .88, .90, .99
214.0, 208.90, .88, .88, .89, .98
210.0, 199.36, .91, .87, .89, .92
185.0, 204.74, .90, .88, .90, .99
105.0, 196.03, .86, .87, .86, .94
214.0, 210.56, .90, .90, .90, .99
175.0, 207.14, .91, .90, .89, .98
218.0, 202.52, .90, .86, .89, .98
213.0, 204.86, .90, .87, .89, .96
181.0, 206.50, .90, .89, .90, .97
203.0, 207.67, .91, .90, .89, .98
229.0, 199.87, .87, .87, .89, .95
205.0, 203.48, .89, .90, .89, .98
201.0, 203.90, .91, .91, .90, .94
209.0, 200.03, .87, .85, .86, .97
202.0, 208.46, .86, .86, .90, .98
215.0, 205.41, .90, .86, .89, .99
200.0, 203.91, .92, .90, .88, .98
191.0, 202.75, .85, .86, .90, .98
194.0, 200.92, .87, .84, .91, .99
219.0, 202.87, .89, .88, .88, .94
221.0, 202.77, .86, .89, .89, .96
216.0, 210.03, .89, .88, .90, 1.00
188.0, 195.01, .85, .86, .87, .92
216.0, 210.81, .92, .89, .91, .99
220.0, 199.76, .93, .87, .89, .96
219.0, 202.35, .89, .88, .90, .95
204.0, 202.99, .91, .90, .88, .97
213.0, 205.93, .92, .87, .89, .99
189.0, 201.64, .91, .87, .89, .99
216.0, 197.06, .91, .86, .88, .97
203.0, 206.11, .88, .86, .90, .99
221.0, 209.80, .93, .90, .91, .99
208.0, 201.78, .85, .86, .89, .95
214.0, 203.26, .89, .87, .89, .98
226.0, 198.82, .92, .89, .89, .93
216.0, 207.56, .93, .89, .91, .98
212.0, 202.15, .89, .88, .88, .97
194.0, 209.02, .87, .89, .89, .99
211.0, 200.20, .93, .89, .88, .95
221.0, 202.89, .88, .88, .90, .94
202.0, 207.69, .90, .86, .90, .99
186.0, 211.07, .89, .90, .91, 1.00
211.0, 201.23, .85, .85, .89, .95
217.0, 206.14, .89, .88, .91, .98
206.0, 209.03, .92, .90, .90, .99
208.0, 199.77, .92, .87, .89, .94
168.0, 203.15, .91, .90, .91, .95
201.0, 196.11, .92, .89, .88, .93
216.0, 202.88, .92, .86, .88, .97
206.0, 206.26, .88, .88, .88, .98
205.0, 199.24, .84, .87, .86, .97
220.0, 208.33, .88, .87, .90, .97
221.0, 205.51, .92, .87, .89, .98
216.0, 195.24, .90, .88, .87, .94
202.0, 191.63, .83, .87, .88, .89
215.0, 200.57, .87, .88, .87, .96
211.0, 209.75, .94, .91, .91, 1.00
222.0, 209.88, .90, .91, .90, .99
219.0, 205.61, .92, .90, .88, .98
197.0, 202.98, .87, .86, .89, .96
167.0, 204.60, .88, .89, .89, .99
191.0, 201.44, .92, .89, .89, .95
200.0, 203.31, .89, .88, .90, .96
203.0, 208.75, .93, .88, .90, .98
208.0, 207.90, .92, .89, .89, .99
214.0, 198.45, .85, .84, .87, .96
212.0, 202.19, .91, .91, .89, .96
211.0, 202.41, .92, .87, .88, .97
205.0, 204.21, .88, .88, .88, .98
200.0, 202.73, .91, .88, .88, .98
203.0, 208.25, .90, .90, .90, .99
212.0, 204.66, .90, .88, .89, .96
211.0, 202.92, .89, .90, .90, .98
164.0, 208.91, .85, .86, .91, .99
207.0, 203.22, .86, .87, .88, .96
185.0, 204.89, .83, .87, .88, .97
199.0, 210.47, .89, .89, .90, .99
215.0, 205.58, .91, .88, .90, .97
149.0, 205.71, .82, .87, .91, .96
216.0, 202.16, .93, .89, .88, .96
212.0, 207.07, .84, .90, .90, .99
203.0, 201.12, .90, .89, .88, .97
217.0, 212.06, .90, .91, .91, .99
234.0, 206.80, .85, .88, .90, .97
233.0, 210.38, .90, .88, .92, .99
211.0, 206.32, .88, .89, .90, .99
199.0, 201.63, .88, .86, .88, .99
202.0, 203.29, .88, .88, .89, .96
204.0, 211.37, .91, .91, .90, 1.00
173.0, 204.03, .93, .89, .89, .93
163.0, 193.90, .85, .86, .88, .92
221.0, 199.82, .93, .88, .89, .94
171.0, 209.01, .91, .86, .90, .99
168.0, 195.38, .90, .89, .88, .92
213.0, 204.31, .94, .89, .89, .96
197.0, 210.18, .90, .91, .92, 1.00
213.0, 211.07, .89, .89, .91, .99
219.0, 200.50, .84, .87, .89, .93
217.0, 211.67, .92, .88, .92, 1.00
210.0, 200.11, .92, .89, .87, .94
213.0, 200.67, .88, .89, .86, .98
224.0, 212.68, .89, .90, .91, .99
217.0, 212.62, .92, .92, .91, 1.00
189.0, 207.86, .89, .86, .89, .96
218.0, 205.72, .90, .88, .89, .99
212.0, 205.53, .90, .89, .89, .98
219.0, 206.65, .92, .90, .89, .97
223.0, 204.52, .89, .89, .87, .97
224.0, 207.96, .91, .88, .89, .97
193.0, 199.87, .92, .87, .88, .93
216.0, 203.89, .87, .89, .87, .94
224.0, 207.04, .94, .90, .89, .97
207.0, 209.39, .92, .92, .89, .99
182.0, 207.03, .87, .88, .90, .95
216.0, 208.06, .87, .89, .89, .98
220.0, 211.34, .90, .91, .91, .98
221.0, 212.75, .88, .89, .91, .99
206.0, 206.81, .92, .90, .88, .98
215.0, 210.74, .89, .91, .92, .97
158.0, 204.00, .90, .87, .89, .97
208.0, 204.81, .85, .89, .88, .97
193.0, 205.82, .86, .89, .89, .96
158.0, 198.14, .86, .87, .88, .93
201.0, 207.81, .85, .88, .91, .97
214.0, 206.66, .93, .90, .89, .98
216.0, 211.89, .92, .91, .90, .99
228.0, 204.86, .92, .88, .90, .96
165.0, 199.37, .86, .88, .87, .95
203.0, 203.11, .87, .91, .89, .92
220.0, 202.94, .93, .90, .89, .96
165.0, 206.34, .92, .92, .90, .96
216.0, 198.87, .89, .90, .89, .92
210.0, 211.49, .92, .92, .91, .99
196.0, 201.07, .90, .89, .89, .94
166.0, 197.86, .84, .86, .86, .95
219.0, 204.91, .89, .90, .90, .97
220.0, 210.44, .94, .90, .90, .99
205.0, 211.86, .91, .90, .92, 1.00
210.0, 201.48, .95, .89, .87, .95
194.0, 209.50, .88, .90, .91, .99
178.0, 199.56, .86, .90, .88, .95
214.0, 204.58, .82, .87, .88, .97
214.0, 205.11, .91, .89, .88, .96
178.0, 203.63, .90, .91, .88, .95
201.0, 209.03, .90, .90, .89, .97
176.0, 208.80, .86, .88, .90, .97
198.0, 206.25, .92, .91, .90, .98
173.0, 198.87, .90, .87, .88, .93
219.0, 207.01, .91, .91, .89, .99
199.0, 195.61, .85, .85, .86, .96
174.0, 208.94, .89, .91, .90, .97
219.0, 207.58, .91, .89, .89, .98
152.0, 203.05, .84, .86, .86, .96
203.0, 204.89, .93, .89, .90, .96
212.0, 204.25, .90, .86, .91, .98
216.0, 207.21, .90, .89, .89, .98
230.0, 209.10, .88, .91, .91, .98
217.0, 205.03, .91, .88, .88, .98
204.0, 197.21, .85, .87, .86, .96
210.0, 204.69, .92, .87, .89, .96
215.0, 211.03, .89, .88, .92, 1.00
207.0, 208.84, .88, .89, .89, .98
199.0, 202.75, .86, .88, .89, .96
196.0, 209.85, .93, .88, .90, .99
183.0, 200.29, .87, .88, .89, .95
212.0, 209.94, .92, .92, .90, .99
225.0, 207.78, .92, .87, .89, .97
163.0, 206.37, .86, .89, .89, .96
210.0, 208.41, .89, .91, .90, .98
210.0, 199.62, .90, .88, .88, .95
190.0, 203.91, .86, .87, .88, .96
199.0, 201.42, .88, .88, .89, .93
154.0, 189.16, .86, .86, .88, .92
228.0, 201.42, .91, .87, .89, .98
198.0, 193.35, .84, .85, .86, .96
217.0, 189.37, .89, .87, .87, .89
221.0, 205.63, .88, .89, .90, .96
168.0, 213.19, .88, .92, .92, 1.00
204.0, 198.56, .93, .91, .88, .95
219.0, 211.04, .92, .90, .90, .99
181.0, 202.11, .86, .90, .87, .96
214.0, 202.36, .85, .88, .87, .98
217.0, 206.36, .89, .87, .89, .98
214.0, 206.82, .86, .89, .90, .99
210.0, 208.07, .90, .90, .90, .97
196.0, 212.27, .91, .92, .92, .99
218.0, 211.97, .91, .92, .90, .98
231.0, 207.97, .84, .88, .90, .96
205.0, 207.93, .89, .89, .90, .97
158.0, 201.91, .87, .91, .86, 1.00
214.0, 193.86, .88, .91, .87, .93
219.0, 203.42, .88, .88, .90, .95
207.0, 205.56, .90, .90, .89, .99
218.0, 203.26, .90, .90, .88, .96
205.0, 211.12, .90, .90, .90, .99
196.0, 209.15, .89, .88, .90, .99
215.0, 200.83, .84, .89, .88, .95
177.0, 200.58, .88, .88, .88, .94
219.0, 202.58, .89, .88, .89, .94
197.0, 207.42, .91, .88, .90, .97
224.0, 210.14, .86, .89, .90, .99
220.0, 208.64, .92, .89, .89, .97
209.0, 207.75, .93, .90, .90, .99
209.0, 212.86, .90, .90, .91, .99
214.0, 204.93, .88, .89, .86, .96
221.0, 206.06, .94, .89, .90, .95
201.0, 213.07, .90, .90, .91, 1.00
168.0, 202.66, .84, .89, .88, .94
179.0, 203.56, .90, .90, .89, .95
174.0, 204.12, .85, .89, .87, .95
204.0, 207.51, .87, .89, .89, .98
177.0, 204.08, .90, .88, .87, .97
208.0, 194.83, .92, .85, .87, .93
201.0, 209.33, .89, .90, .90, .99
191.0, 208.47, .89, .90, .90, 1.00
213.0, 207.99, .88, .92, .88, .99
210.0, 207.19, .91, .91, .89, .99
226.0, 208.66, .90, .91, .88, .97
196.0, 203.87, .91, .89, .88, .98
200.0, 214.01, .90, .91, .91, .99
208.0, 205.68, .92, .87, .90, .99
213.0, 203.21, .94, .90, .90, .98
199.0, 207.50, .93, .89, .91, 1.00
210.0, 207.02, .92, .89, .90, .99
200.0, 198.64, .87, .87, .88, .94
212.0, 205.02, .91, .88, .89, .98
216.0, 199.36, .90, .89, .87, .93
216.0, 197.65, .93, .91, .88, .92
215.0, 213.63, .90, .91, .90, .99
206.0, 207.34, .90, .87, .88, .97
167.0, 208.72, .89, .91, .92, .97
214.0, 201.31, .90, .87, .88, .98
207.0, 206.13, .95, .92, .91, .98
197.0, 204.47, .91, .90, .90, .97
210.0, 192.56, .83, .85, .84, .95
171.0, 206.33, .88, .90, .90, .98
208.0, 203.70, .90, .90, .90, 1.00
196.0, 204.72, .87, .87, .89, .98
214.0, 208.29, .93, .90, .90, .97
218.0, 204.57, .93, .91, .89, .96
211.0, 203.29, .82, .87, .88, .95
213.0, 206.41, .87, .91, .89, .97
212.0, 211.95, .90, .92, .90, .98
206.0, 209.35, .86, .92, .90, .97
126.0, 204.81, .83, .90, .89, .97
198.0, 204.76, .91, .90, .88, .97
221.0, 202.26, .84, .87, .87, .94
170.0, 208.02, .90, .90, .90, .98
218.0, 202.94, .88, .89, .88, .97
216.0, 200.49, .85, .87, .86, .96
217.0, 206.57, .94, .92, .89, .98
198.0, 205.23, .91, .89, .88, .99
210.0, 210.58, .90, .91, .90, .99
220.0, 202.58, .90, .88, .88, .94
208.0, 213.49, .88, .91, .91, .99
175.0, 202.00, .87, .88, .89, .95
201.0, 202.17, .85, .89, .88, .97
181.0, 197.57, .87, .84, .84, .95
214.0, 202.92, .94, .91, .89, .98
205.0, 194.90, .89, .88, .85, .94
222.0, 205.29, .91, .89, .88, .96
217.0, 207.86, .87, .89, .89, .97
194.0, 201.41, .90, .89, .89, .96
216.0, 209.05, .92, .92, .89, .99
222.0, 210.37, .90, .91, .91, .98
217.0, 210.24, .91, .90, .90, .97
221.0, 205.86, .92, .91, .89, .97
211.0, 205.84, .92, .89, .90, .96
206.0, 198.80, .93, .88, .88, .94
206.0, 208.49, .93, .90, .90, .97
216.0, 195.38, .90, .87, .88, .89
219.0, 203.94, .91, .87, .87, .98
204.0, 201.80, .86, .88, .89, .96
219.0, 209.19, .94, .92, .89, .99
214.0, 211.44, .87, .89, .90, .99
149.0, 208.97, .85, .90, .90, .98
204.0, 205.58, .84, .87, .89, .97
201.0, 208.71, .93, .90, .91, .98
212.0, 194.87, .91, .88, .86, .93
222.0, 198.22, .86, .87, .87, .93
163.0, 194.04, .88, .86, .87, .91
203.0, 202.97, .91, .90, .88, .94
214.0, 208.38, .90, .89, .90, 1.00
169.0, 200.37, .83, .88, .88, .95
211.0, 203.38, .91, .88, .89, .97
219.0, 207.97, .91, .88, .92, .98
219.0, 208.46, .90, .89, .88, .99
209.0, 211.22, .92, .92, .90, .99
222.0, 209.76, .92, .91, .89, .97
214.0, 207.87, .91, .90, .91, .97
204.0, 204.40, .88, .87, .88, .96
214.0, 207.75, .86, .88, .90, .97
210.0, 204.57, .90, .88, .91, .96
221.0, 210.52, .92, .90, .89, .99
210.0, 210.44, .88, .88, .89, .98
171.0, 211.47, .87, .91, .92, .99
170.0, 194.55, .86, .89, .88, .90
217.0, 201.22, .90, .89, .88, .94
167.0, 203.11, .89, .89, .90, .96
220.0, 212.01, .92, .91, .91, .99
210.0, 210.18, .87, .92, .90, .97
209.0, 202.92, .85, .88, .88, .94
220.0, 207.42, .88, .91, .91, .97
201.0, 213.40, .89, .89, .92, .98
233.0, 204.53, .84, .91, .89, .97
209.0, 196.54, .84, .88, .87, .94
218.0, 207.82, .93, .92, .89, .98
196.0, 206.76, .89, .90, .89, .98
170.0, 205.20, .85, .86, .90, .97
218.0, 212.24, .87, .90, .92, 1.00
195.0, 212.35, .89, .89, .90, .99
219.0, 201.57, .91, .90, .89, .94
200.0, 201.81, .90, .90, .90, .94
218.0, 211.73, .89, .91, .91, .99
189.0, 193.67, .86, .85, .87, .92
206.0, 206.07, .91, .93, .88, .98
219.0, 209.25, .90, .89, .89, .99
218.0, 208.93, .88, .91, .90, .98
205.0, 207.61, .87, .88, .91, .97
210.0, 209.20, .92, .91, .91, 1.00
204.0, 197.63, .85, .83, .87, .93
176.0, 210.24, .87, .88, .90, .98
218.0, 207.51, .92, .91, .87, .98
186.0, 204.74, .83, .88, .88, .96
200.0, 207.52, .89, .90, .87, .99
218.0, 204.28, .89, .89, .90, .95
175.0, 205.06, .91, .87, .89, .95
201.0, 211.59, .89, .92, .90, .98
213.0, 203.89, .89, .91, .87, .98
217.0, 211.60, .93, .93, .91, .99
207.0, 209.43, .92, .89, .91, .97
206.0, 208.54, .87, .89, .90, 1.00
212.0, 205.42, .94, .90, .89, .98
208.0, 207.17, .87, .87, .89, .99
215.0, 210.58, .95, .92, .91, .97
192.0, 211.48, .87, .89, .91, 1.00
202.0, 211.68, .92, .92, .91, .99
208.0, 207.81, .89, .88, .89, .99
218.0, 204.76, .94, .89, .90, .95
219.0, 201.94, .84, .87, .88, .93
213.0, 206.89, .91, .89, .89, .97
215.0, 204.18, .91, .90, .89, .97
206.0, 205.67, .93, .91, .89, .99
219.0, 211.05, .91, .92, .91, .98
207.0, 207.90, .93, .91, .89, .97
196.0, 206.38, .89, .89, .89, .97
189.0, 202.05, .88, .86, .88, .99
205.0, 210.06, .94, .90, .92, .99
220.0, 196.92, .87, .89, .88, .94
217.0, 199.03, .91, .88, .88, .97
164.0, 196.69, .89, .89, .88, .92
203.0, 203.42, .88, .86, .87, .98
218.0, 207.22, .91, .88, .90, .97
215.0, 204.73, .91, .88, .89, .97
219.0, 195.02, .87, .89, .89, .91
219.0, 203.66, .91, .88, .88, .99
218.0, 208.48, .88, .91, .91, .96
205.0, 193.41, .88, .88, .89, .91
221.0, 207.44, .92, .92, .90, .97
202.0, 211.38, .92, .93, .90, .99
218.0, 207.40, .93, .91, .90, .98
214.0, 201.71, .93, .88, .90, .93
200.0, 212.12, .88, .89, .90, .99
203.0, 201.37, .91, .90, .90, .94
199.0, 199.81, .91, .91, .90, .93
225.0, 210.23, .91, .88, .90, .98
209.0, 211.28, .91, .92, .91, .98
215.0, 200.28, .86, .89, .87, .93
170.0, 204.47, .84, .89, .89, .96
220.0, 204.78, .86, .87, .88, .96
228.0, 208.98, .94, .90, .89, .99
213.0, 207.09, .90, .92, .90, .96
204.0, 212.69, .89, .90, .91, .98
217.0, 201.63, .86, .87, .87, .98
214.0, 207.32, .91, .89, .90, .98
209.0, 203.86, .92, .90, .90, .96
211.0, 208.47, .92, .89, .90, .99
185.0, 195.47, .91, .88, .89, .94
172.0, 201.89, .90, .86, .88, .99
209.0, 211.02, .88, .89, .91, .97
204.0, 208.03, .91, .89, .90, .99
214.0, 205.69, .89, .90, .90, .95
223.0, 210.91, .90, .88, .90, .98
210.0, 202.86, .94, .87, .90, .97
231.0, 211.09, .89, .91, .90, .98
217.0, 204.85, .91, .88, .90, .95
225.0, 206.92, .90, .90, .89, .97
232.0, 206.07, .91, .89, .90, .97
222.0, 212.78, .94, .90, .92, .99
180.0, 205.33, .84, .90, .88, .98
223.0, 200.81, .91, .88, .88, .95
167.0, 210.36, .91, .91, .90, .98
205.0, 210.48, .93, .92, .90, .98
194.0, 205.72, .86, .88, .89, .97
220.0, 210.97, .94, .93, .91, .99
204.0, 204.24, .87, .90, .90, .96
177.0, 201.34, .87, .88, .87, .96
167.0, 208.00, .89, .90, .91, .98
216.0, 212.42, .92, .91, .91, .99
220.0, 207.56, .92, .92, .91, .97
213.0, 205.06, .88, .88, .89, .98
218.0, 206.36, .92, .88, .89, .98
215.0, 203.34, .92, .88, .88, .97
212.0, 204.54, .93, .90, .89, .97
211.0, 201.53, .90, .90, .89, .94
180.0, 206.18, .92, .91, .90, 1.00
220.0, 209.90, .91, .91, .90, .99
204.0, 204.89, .89, .90, .88, .98
203.0, 202.62, .88, .88, .87, .97
221.0, 210.84, .89, .88, .90, .99
217.0, 210.02, .88, .89, .89, .99
211.0, 206.33, .89, .87, .88, .98
237.0, 210.44, .86, .89, .91, .99
224.0, 210.28, .93, .91, .89, .99
175.0, 204.15, .86, .90, .89, .96
204.0, 202.47, .84, .86, .88, .96
222.0, 209.00, .92, .93, .91, .97
222.0, 207.17, .89, .90, .90, .98
217.0, 209.24, .87, .89, .91, .99
224.0, 208.30, .88, .89, .88, .97
226.0, 209.14, .90, .89, .89, .99
202.0, 212.00, .93, .90, .92, 1.00
215.0, 206.02, .89, .90, .90, .99
198.0, 204.13, .91, .92, .89, .95
209.0, 205.33, .90, .91, .90, .95
218.0, 208.35, .93, .89, .90, .98
218.0, 209.61, .94, .91, .91, .99
216.0, 213.91, .94, .92, .90, .99
206.0, 212.99, .91, .90, .91, .99
215.0, 201.41, .85, .86, .88, .94
221.0, 206.12, .90, .89, .88, .98
211.0, 216.28, .93, .93, .92, 1.00
215.0, 205.14, .86, .88, .88, .96
206.0, 209.78, .87, .90, .89, .99
164.0, 202.26, .88, .89, .87, .96
217.0, 204.91, .91, .89, .89, .97
155.0, 210.03, .89, .87, .91, .99
214.0, 204.69, .89, .88, .88, .97
220.0, 208.84, .91, .92, .90, .99
209.0, 208.62, .94, .90, .90, .96
206.0, 210.55, .85, .91, .89, .99
227.0, 211.63, .88, .88, .91, .99
217.0, 208.42, .89, .87, .88, .98
198.0, 193.97, .91, .88, .85, .95
211.0, 205.26, .93, .90, .90, .96
185.0, 208.94, .90, .91, .90, .99
214.0, 195.81, .91, .88, .87, .93
169.0, 187.37, .89, .88, .86, .91
197.0, 204.92, .92, .89, .89, .96
236.0, 208.35, .90, .90, .91, .99
222.0, 205.69, .92, .91, .89, .96
164.0, 206.01, .78, .88, .87, .98
212.0, 202.86, .93, .91, .90, .96
199.0, 202.68, .90, .91, .89, .96
219.0, 206.40, .83, .87, .88, .97
195.0, 200.90, .92, .90, .89, .94
220.0, 207.37, .91, .90, .90, .96
171.0, 202.08, .86, .87, .87, .93
215.0, 207.68, .90, .91, .90, .95
222.0, 194.08, .93, .88, .86, .90
214.0, 194.45, .86, .86, .84, .94
203.0, 196.81, .91, .88, .88, .93
201.0, 204.36, .92, .90, .90, .94
208.0, 202.86, .85, .90, .88, .96
218.0, 212.41, .88, .90, .91, .99
171.0, 207.99, .86, .89, .88, .98
185.0, 209.40, .86, .92, .90, 1.00
208.0, 205.86, .89, .91, .87, .98
211.0, 209.07, .92, .91, .91, .98
207.0, 202.92, .91, .86, .90, .94
214.0, 203.30, .90, .91, .89, .98
220.0, 201.51, .93, .88, .88, .94
211.0, 208.81, .87, .90, .89, .99
203.0, 197.16, .82, .85, .85, .98
202.0, 206.02, .88, .90, .88, .98
214.0, 205.97, .93, .92, .89, .99
197.0, 207.81, .90, .90, .91, .99
218.0, 205.15, .93, .89, .89, .97
215.0, 202.84, .89, .87, .89, .98
197.0, 209.47, .93, .92, .90, .99
218.0, 207.87, .92, .91, .88, .97
225.0, 201.53, .86, .88, .87, .93
160.0, 205.88, .87, .89, .89, .97
212.0, 201.56, .88, .87, .88, .97
210.0, 197.85, .93, .90, .89, .95
160.0, 204.33, .88, .87, .89, .96
220.0, 208.79, .90, .90, .90, .98
222.0, 208.12, .91, .88, .89, .97
202.0, 210.10, .90, .92, .90, .99
193.0, 206.03, .90, .86, .88, .99
211.0, 213.36, .90, .91, .92, 1.00
197.0, 209.67, .88, .89, .91, .99
211.0, 201.06, .89, .91, .87, .98
208.0, 199.95, .92, .88, .86, .94
219.0, 212.34, .95, .91, .91, .99
193.0, 209.79, .88, .91, .91, .98
212.0, 209.97, .92, .90, .91, 1.00
215.0, 205.56, .94, .90, .89, .98
212.0, 207.97, .88, .91, .90, .98
211.0, 197.00, .86, .88, .88, .94
219.0, 202.08, .94, .89, .88, .94
229.0, 209.57, .86, .90, .90, .98
194.0, 198.02, .86, .86, .86, .97
218.0, 207.23, .90, .89, .89, .96
201.0, 214.10, .91, .92, .92, .99
168.0, 201.63, .89, .88, .88, .96
212.0, 204.42, .90, .89, .88, .97
219.0, 207.37, .89, .91, .90, .97
210.0, 206.19, .85, .87, .90, .97
197.0, 208.47, .87, .90, .90, .98
229.0, 200.19, .91, .90, .89, .95
215.0, 207.78, .90, .90, .90, .98
203.0, 206.25, .90, .88, .90, .96
224.0, 206.29, .93, .90, .88, .96
215.0, 210.91, .90, .89, .90, .98
221.0, 208.59, .93, .89, .90, 1.00
204.0, 202.89, .91, .89, .87, 1.00
231.0, 192.89, .85, .86, .86, .93
216.0, 211.67, .86, .92, .91, .99
200.0, 211.23, .88, .91, .90, .99
222.0, 207.62, .88, .90, .89, .98
208.0, 204.81, .86, .88, .86, .97
201.0, 205.14, .89, .89, .88, .96
171.0, 206.32, .91, .89, .89, .97
209.0, 212.19, .91, .90, .90, .99
221.0, 207.06, .88, .90, .89, .98
219.0, 207.02, .90, .87, .87, .97
219.0, 208.06, .86, .87, .90, .97
204.0, 203.93, .90, .89, .89, .95
222.0, 208.23, .87, .89, .89, 1.00
201.0, 204.46, .89, .88, .88, .99
221.0, 200.48, .93, .89, .87, .95
218.0, 210.11, .91, .91, .89, .98
225.0, 208.67, .91, .88, .89, .99
216.0, 212.40, .95, .92, .91, .99
207.0, 209.52, .87, .88, .90, .99
211.0, 209.92, .92, .92, .90, .99
217.0, 211.05, .84, .90, .91, .99
237.0, 200.83, .90, .88, .90, .94
217.0, 206.93, .90, .87, .90, .97
183.0, 204.58, .86, .88, .90, .95
201.0, 202.78, .93, .91, .90, .94
219.0, 208.02, .88, .88, .90, .98
192.0, 193.20, .84, .87, .88, .92
200.0, 208.85, .89, .91, .90, .98
201.0, 195.61, .80, .83, .88, .92
218.0, 199.27, .92, .89, .89, .94
215.0, 209.10, .91, .93, .91, .96
208.0, 198.92, .90, .90, .88, .94
213.0, 202.91, .92, .87, .88, .96
226.0, 206.47, .94, .92, .90, .98
204.0, 207.81, .93, .90, .88, .98
224.0, 210.26, .86, .90, .90, .98
210.0, 213.10, .88, .90, .91, 1.00
216.0, 207.91, .91, .90, .90, .98
222.0, 197.57, .91, .88, .88, .94
219.0, 202.60, .91, .87, .88, .94
170.0, 202.01, .85, .88, .89, .94
207.0, 203.65, .89, .90, .89, .97
222.0, 210.83, .94, .92, .91, .99
215.0, 204.17, .92, .88, .87, .99
202.0, 209.57, .93, .89, .90, .99
212.0, 201.17, .85, .88, .89, .96
215.0, 202.33, .90, .89, .89, .99
222.0, 209.65, .87, .91, .91, .98
211.0, 209.67, .93, .90, .91, .99
194.0, 209.35, .86, .91, .91, .99
204.0, 209.18, .89, .88, .91, .99
175.0, 211.69, .90, .89, .91, .99
183.0, 205.01, .87, .87, .87, .97
220.0, 205.54, .93, .90, .87, .96
217.0, 205.06, .87, .86, .89, .94
206.0, 211.11, .86, .88, .91, .99
219.0, 208.47, .90, .88, .91, .98
197.0, 203.01, .86, .87, .89, .99
214.0, 208.56, .93, .90, .90, .99
208.0, 203.29, .90, .87, .89, .97
205.0, 199.32, .88, .87, .87, .97
210.0, 195.62, .88, .88, .88, .92
175.0, 205.45, .88, .89, .89, .97
213.0, 209.54, .92, .93, .89, .97
224.0, 211.70, .87, .88, .90, .98
208.0, 207.09, .92, .91, .89, .99
208.0, 209.00, .89, .90, .89, .98
204.0, 210.29, .89, .91, .91, 1.00
170.0, 206.58, .87, .90, .90, .97
218.0, 207.15, .87, .91, .90, .97
209.0, 206.68, .91, .87, .90, .98
215.0, 208.57, .89, .90, .90, .99
199.0, 204.89, .89, .89, .89, .97
220.0, 203.39, .87, .88, .88, .97
163.0, 210.83, .88, .88, .89, .99
198.0, 201.19, .91, .87, .88, .97
173.0, 187.71, .88, .87, .87, .91
202.0, 209.32, .89, .91, .89, .99
213.0, 207.32, .91, .90, .90, .97
214.0, 201.64, .86, .87, .89, .96
209.0, 208.15, .87, .90, .91, .99
219.0, 209.14, .91, .90, .91, 1.00
218.0, 206.03, .93, .90, .89, .98
222.0, 204.86, .85, .89, .89, .99
219.0, 208.86, .91, .91, .90, .99
202.0, 201.11, .91, .89, .87, .96
200.0, 204.42, .90, .89, .88, .98
201.0, 202.68, .90, .86, .88, .97
213.0, 206.75, .88, .90, .89, .98
213.0, 210.00, .91, .91, .91, .98
212.0, 209.08, .87, .89, .90, .99
228.0, 213.52, .89, .91, .91, .99
220.0, 213.42, .93, .92, .91, .99
200.0, 200.70, .87, .87, .88, .94
166.0, 209.10, .87, .89, .91, .98
172.0, 204.08, .88, .90, .88, .95
222.0, 198.32, .94, .87, .88, .94
205.0, 198.68, .89, .88, .87, .94
201.0, 200.14, .92, .91, .88, .96
221.0, 209.42, .90, .90, .90, .98
211.0, 202.67, .88, .90, .89, .96
218.0, 210.12, .93, .90, .88, .99
216.0, 209.93, .94, .90, .89, .99
218.0, 206.16, .92, .92, .89, .98
207.0, 201.40, .82, .87, .87, .98
219.0, 204.47, .92, .89, .90, .98
197.0, 191.11, .89, .89, .88, .91
209.0, 198.75, .92, .90, .87, .98
215.0, 207.55, .92, .91, .90, .98
166.0, 203.69, .91, .93, .87, .98
209.0, 208.54, .93, .87, .90, .98
225.0, 208.19, .90, .91, .89, .98
214.0, 213.06, .90, .91, .91, .99
207.0, 207.31, .93, .89, .90, .98
188.0, 208.52, .86, .87, .88, .97
213.0, 207.97, .85, .90, .89, .99
198.0, 207.48, .92, .89, .90, .99
221.0, 201.17, .86, .88, .88, .96
224.0, 201.62, .86, .86, .87, .96
166.0, 202.54, .85, .86, .88, .97
223.0, 188.68, .89, .89, .87, .91
195.0, 195.83, .86, .91, .90, .91
217.0, 209.81, .86, .89, .90, .99
223.0, 205.94, .90, .90, .89, .97
190.0, 206.81, .85, .89, .89, .99
216.0, 204.56, .91, .88, .88, .97
215.0, 207.86, .86, .90, .89, .98
212.0, 206.92, .90, .89, .90, .97
215.0, 209.07, .85, .89, .90, .98
220.0, 202.09, .92, .88, .88, .95
220.0, 210.71, .91, .90, .92, 1.00
192.0, 203.14, .92, .90, .90, .94
213.0, 205.08, .89, .89, .89, .98
203.0, 203.93, .91, .91, .89, .98
202.0, 204.92, .89, .87, .90, .97
220.0, 207.47, .93, .91, .89, 1.00
214.0, 207.95, .93, .92, .91, .98
171.0, 205.40, .81, .89, .88, .97
208.0, 211.21, .91, .89, .91, .98
209.0, 211.26, .92, .91, .90, .99
220.0, 203.40, .93, .88, .88, .99
216.0, 196.98, .90, .90, .90, .88
197.0, 199.83, .91, .87, .89, .96
210.0, 201.58, .90, .89, .89, .94
206.0, 202.64, .92, .92, .89, .95
219.0, 205.03, .85, .88, .90, .98
216.0, 209.94, .90, .90, .90, .99
217.0, 209.20, .89, .89, .91, .99
208.0, 201.53, .91, .87, .89, .94
204.0, 207.89, .93, .91, .89, .98
198.0, 207.20, .91, .91, .90, .99
214.0, 203.34, .88, .88, .89, .96
209.0, 198.72, .86, .86, .87, .93
219.0, 209.08, .88, .90, .90, .99
228.0, 210.89, .89, .90, .90, .99
210.0, 206.69, .84, .87, .89, .98
211.0, 204.12, .90, .89, .88, .98
219.0, 205.05, .88, .89, .88, .96
217.0, 207.04, .92, .93, .91, .98
215.0, 211.42, .92, .90, .91, .99
208.0, 210.69, .90, .89, .92, .99
206.0, 209.11, .92, .91, .91, 1.00
194.0, 204.15, .92, .90, .88, .97
197.0, 214.53, .89, .89, .92, 1.00
220.0, 195.42, .86, .89, .87, .91
208.0, 201.41, .92, .88, .88, .95
197.0, 205.03, .91, .92, .90, .96
164.0, 209.19, .90, .89, .89, .97
206.0, 205.58, .92, .88, .89, .98
194.0, 207.19, .90, .88, .90, .99
219.0, 205.42, .91, .90, .88, .96
165.0, 206.23, .91, .89, .87, .99
218.0, 201.95, .87, .85, .87, .95
208.0, 206.59, .94, .90, .89, .97
224.0, 203.35, .93, .87, .89, .97
201.0, 209.40, .90, .90, .89, .97
154.0, 206.89, .90, .87, .90, .96
212.0, 209.06, .93, .92, .91, .98
220.0, 208.25, .88, .91, .88, .98
220.0, 208.35, .90, .89, .89, .99
203.0, 203.15, .93, .92, .90, .93
218.0, 201.40, .94, .91, .90, .92
212.0, 210.50, .91, .90, .90, .99
204.0, 206.36, .92, .89, .88, .98
221.0, 206.44, .95, .91, .90, .96
220.0, 209.63, .87, .90, .88, .98
203.0, 215.20, .90, .92, .93, 1.00
224.0, 206.44, .89, .88, .90, .97
214.0, 207.12, .89, .85, .89, .98
224.0, 202.86, .89, .86, .89, .96
227.0, 214.81, .92, .91, .92, .99
211.0, 202.31, .83, .88, .90, .94
213.0, 212.49, .82, .88, .90, .99
207.0, 198.81, .90, .86, .88, .93
154.0, 205.68, .84, .89, .89, .97
179.0, 205.09, .83, .87, .88, .95
213.0, 210.03, .84, .89, .90, .99
223.0, 203.58, .86, .88, .88, .96
206.0, 202.88, .87, .88, .89, .97
216.0, 211.98, .90, .92, .91, .99
202.0, 205.75, .87, .89, .88, .98
202.0, 206.71, .85, .89, .89, .97
195.0, 206.58, .89, .88, .89, .97
218.0, 200.23, .88, .88, .89, .93
214.0, 203.64, .91, .87, .88, .95
209.0, 204.76, .86, .92, .90, .96
220.0, 203.11, .92, .89, .87, .97
204.0, 199.97, .86, .88, .87, .96
227.0, 206.05, .87, .88, .90, .97
188.0, 207.50, .89, .91, .89, .98
192.0, 204.29, .85, .87, .89, .97
184.0, 195.97, .89, .89, .87, .92
179.0, 202.99, .88, .88, .90, .96
206.0, 207.45, .93, .91, .90, .99
206.0, 207.77, .91, .90, .89, .99
205.0, 201.44, .90, .89, .88, .93
222.0, 205.57, .88, .92, .88, .97
212.0, 210.05, .87, .89, .90, .97
189.0, 209.05, .85, .90, .90, .97
202.0, 207.80, .91, .90, .91, 1.00
198.0, 209.05, .87, .88, .90, .99
217.0, 199.17, .89, .90, .86, .94
204.0, 205.24, .92, .90, .89, .96
198.0, 210.34, .93, .92, .88, .99
217.0, 208.26, .87, .89, .90, .96
193.0, 208.16, .88, .87, .89, .96
206.0, 212.33, .91, .92, .92, 1.00
203.0, 203.50, .92, .90, .88, .96
223.0, 206.70, .88, .90, .90, .99
203.0, 208.01, .89, .88, .89, .98
195.0, 205.19, .92, .90, .89, .95
167.0, 206.74, .88, .87, .89, .98
220.0, 203.67, .90, .89, .88, .96
224.0, 209.42, .92, .91, .89, .99
175.0, 204.99, .90, .87, .90, .99
218.0, 209.14, .92, .89, .90, .98
202.0, 209.60, .89, .89, .90, .99
219.0, 199.41, .90, .89, .86, .98
202.0, 202.09, .93, .89, .87, .98
196.0, 204.84, .84, .86, .89, .97
205.0, 204.92, .90, .87, .90, .97
222.0, 213.97, .92, .90, .91, .98
230.0, 204.66, .87, .89, .90, .96
231.0, 213.69, .91, .91, .91, 1.00
174.0, 200.37, .91, .89, .89, .93
217.0, 192.31, .93, .89, .89, .88
218.0, 209.68, .88, .89, .89, .99
199.0, 207.56, .88, .90, .90, .97
207.0, 194.77, .92, .88, .87, .93
201.0, 209.71, .85, .89, .90, .99
195.0, 206.42, .90, .88, .88, .98
191.0, 194.45, .91, .89, .88, .91
221.0, 206.08, .88, .87, .88, .99
218.0, 209.69, .88, .88, .90, .99
211.0, 208.14, .93, .93, .89, .98
177.0, 199.24, .87, .88, .87, .93
197.0, 207.36, .89, .89, .90, .97
219.0, 207.45, .89, .92, .90, .99
166.0, 207.32, .87, .89, .88, .98
212.0, 198.19, .90, .88, .88, .94
200.0, 204.23, .91, .86, .89, .96
206.0, 195.88, .92, .89, .87, .92
179.0, 201.65, .87, .87, .88, .94
224.0, 205.36, .92, .90, .89, .94
208.0, 192.21, .92, .88, .88, .90
218.0, 201.35, .84, .87, .86, .97
205.0, 208.91, .83, .88, .90, .99
229.0, 204.03, .90, .89, .89, .97
205.0, 211.62, .90, .91, .92, .99
191.0, 209.08, .89, .90, .90, .99
213.0, 206.27, .90, .92, .90, .98
214.0, 208.85, .90, .90, .91, .98
167.0, 199.98, .87, .88, .87, .96
217.0, 200.32, .92, .88, .87, .96
203.0, 206.12, .84, .87, .90, .96
210.0, 208.40, .89, .90, .89, .97
215.0, 208.40, .94, .91, .90, .97
206.0, 207.23, .83, .86, .89, .97
212.0, 203.64, .91, .92, .89, .98
221.0, 209.01, .86, .90, .90, .98
215.0, 206.97, .90, .90, .90, .97
214.0, 211.88, .90, .90, .90, .99
153.0, 201.97, .86, .90, .88, .96
217.0, 199.32, .93, .89, .88, .93
202.0, 208.14, .89, .89, .90, .98
215.0, 204.42, .85, .87, .90, .95
201.0, 203.77, .92, .89, .87, .97
219.0, 210.14, .90, .92, .92, 1.00
222.0, 204.75, .89, .91, .89, .96
165.0, 198.42, .88, .85, .87, .96
167.0, 207.32, .83, .87, .89, .98
221.0, 203.66, .89, .89, .90, .97
170.0, 203.20, .86, .89, .88, .96
191.0, 199.32, .90, .88, .86, .96
221.0, 204.70, .92, .91, .89, .97
218.0, 197.24, .87, .87, .89, .93
222.0, 202.31, .92, .87, .88, .96
173.0, 203.03, .89, .88, .89, .95
168.0, 204.97, .88, .90, .88, .98
213.0, 205.87, .93, .92, .87, .98
196.0, 202.93, .89, .89, .86, 1.00
217.0, 202.64, .90, .89, .88, .97
211.0, 200.30, .86, .88, .88, .95
161.0, 211.53, .90, .91, .90, .99
201.0, 199.41, .87, .88, .90, .97
222.0, 205.50, .92, .88, .90, .98
218.0, 198.87, .93, .88, .88, .95
195.0, 205.41, .86, .88, .88, .96
207.0, 204.67, .87, .88, .89, .95
162.0, 205.32, .83, .89, .90, .97
218.0, 209.51, .89, .89, .90, .99
219.0, 204.76, .88, .84, .89, .98
218.0, 201.18, .93, .89, .88, .97
215.0, 208.77, .91, .90, .90, 1.00
215.0, 212.33, .87, .90, .92, .99
215.0, 205.55, .89, .87, .89, .97
214.0, 202.75, .93, .91, .88, .96
202.0, 208.70, .87, .89, .91, .98
203.0, 208.48, .91, .89, .91, .97
203.0, 205.45, .88, .88, .89, .98
199.0, 205.22, .90, .87, .88, .98
220.0, 198.13, .86, .90, .86, .95
208.0, 201.37, .89, .91, .88, .92
206.0, 211.58, .87, .89, .89, .99
221.0, 211.05, .90, .91, .91, 1.00
220.0, 205.65, .90, .88, .90, .97
218.0, 205.44, .90, .89, .90, .99
154.0, 200.37, .85, .86, .89, .93
222.0, 208.42, .87, .90, .90, .99
215.0, 207.62, .90, .91, .90, .97
166.0, 204.76, .88, .88, .90, .95
216.0, 204.07, .92, .91, .89, .95
158.0, 209.11, .89, .89, .91, .98
211.0, 197.04, .92, .90, .89, .92
190.0, 204.28, .91, .91, .89, .99
216.0, 202.26, .92, .90, .90, .94
161.0, 205.10, .85, .87, .90, .98
200.0, 204.39, .91, .89, .88, 1.00
200.0, 206.21, .89, .89, .89, .98
200.0, 212.06, .92, .91, .92, .99
199.0, 202.92, .88, .88, .88, .99
156.0, 204.40, .83, .87, .89, .96
207.0, 195.69, .94, .90, .89, .92
212.0, 205.65, .88, .89, .90, .99
219.0, 197.88, .89, .91, .91, .91
220.0, 201.47, .87, .89, .88, .96
220.0, 203.38, .87, .87, .88, .97
201.0, 210.26, .91, .91, .91, .98
219.0, 194.91, .89, .89, .88, .92
209.0, 208.74, .88, .89, .91, .99
225.0, 211.97, .91, .92, .91, .98
216.0, 208.42, .90, .90, .90, .98
190.0, 206.31, .83, .85, .90, .96
220.0, 211.33, .90, .91, .90, 1.00
209.0, 209.15, .89, .91, .91, 1.00
210.0, 209.26, .93, .92, .90, .99
224.0, 203.71, .92, .89, .88, .95
197.0, 207.25, .91, .89, .91, .96
218.0, 207.32, .91, .90, .90, .97
221.0, 213.05, .89, .90, .91, .99
217.0, 208.84, .93, .89, .89, .98
191.0, 207.66, .92, .89, .89, .97
211.0, 204.06, .90, .91, .88, .96
226.0, 207.68, .92, .90, .90, .99
210.0, 207.13, .90, .89, .88, .99
202.0, 207.99, .86, .88, .90, .99
219.0, 199.99, .91, .87, .87, .96
211.0, 212.53, .91, .93, .91, 1.00
206.0, 208.50, .91, .90, .89, .98
208.0, 207.03, .90, .88, .88, .99
223.0, 211.38, .88, .91, .89, .98
197.0, 209.11, .90, .90, .89, .98
223.0, 204.10, .93, .89, .89, .97
222.0, 201.66, .91, .91, .87, .95
225.0, 201.75, .89, .89, .86, .99
216.0, 216.31, .94, .93, .92, .99
212.0, 205.33, .85, .90, .90, .96
204.0, 205.43, .85, .90, .89, .95
155.0, 196.81, .89, .86, .87, .95
209.0, 204.81, .85, .91, .87, .97
210.0, 205.92, .91, .88, .91, .97
202.0, 207.52, .87, .89, .89, .97
174.0, 200.76, .88, .85, .88, .96
220.0, 201.57, .87, .88, .90, .93
208.0, 206.42, .88, .88, .88, .99
220.0, 202.98, .89, .88, .89, .95
147.0, 201.16, .89, .88, .88, .95
216.0, 193.43, .94, .90, .87, .91
212.0, 202.97, .88, .91, .89, .96
170.0, 207.53, .87, .88, .89, .99
213.0, 208.31, .89, .90, .91, .97
217.0, 204.73, .89, .88, .90, .97
215.0, 201.23, .88, .85, .88, .95
158.0, 205.22, .82, .88, .91, .98
176.0, 204.55, .87, .87, .89, .95
216.0, 206.78, .87, .89, .89, .97
174.0, 212.92, .86, .91, .91, .99
216.0, 204.26, .92, .88, .88, .98
231.0, 211.88, .92, .89, .91, .98
206.0, 209.25, .90, .91, .91, .97
220.0, 210.27, .94, .91, .91, .99
218.0, 205.21, .89, .92, .89, .95
205.0, 211.91, .90, .90, .91, .99
207.0, 208.29, .88, .89, .89, .98
204.0, 206.79, .92, .89, .89, .96
212.0, 203.36, .84, .89, .89, .94
233.0, 207.49, .88, .86, .90, .99
214.0, 213.05, .91, .92, .91, 1.00
216.0, 207.14, .87, .87, .91, .97
197.0, 203.70, .90, .91, .88, .98
212.0, 204.27, .91, .91, .88, .96
167.0, 206.34, .91, .89, .89, .95
181.0, 208.50, .90, .89, .90, 1.00
201.0, 198.66, .90, .89, .87, .95
215.0, 208.70, .88, .90, .89, .97
215.0, 206.36, .93, .90, .90, .96
215.0, 202.55, .87, .88, .86, .98
193.0, 209.49, .91, .90, .91, .97
153.0, 211.89, .90, .92, .91, 1.00
203.0, 204.78, .90, .88, .89, .96
210.0, 211.43, .94, .91, .91, 1.00
215.0, 212.09, .94, .92, .90, .99
210.0, 202.71, .88, .88, .88, .96
218.0, 213.55, .93, .92, .92, 1.00
193.0, 210.36, .92, .89, .90, .99
206.0, 206.70, .88, .91, .90, .99
228.0, 200.56, .88, .87, .89, .94
197.0, 202.69, .91, .88, .88, .96
198.0, 194.94, .86, .89, .85, .96
206.0, 203.81, .92, .89, .89, .97
204.0, 208.67, .91, .91, .89, .99
218.0, 203.60, .93, .88, .88, .96
205.0, 207.12, .86, .87, .90, .97
199.0, 210.02, .87, .92, .90, .99
217.0, 211.24, .94, .90, .90, .99
216.0, 207.46, .91, .89, .91, .97
208.0, 204.58, .91, .90, .91, .96
212.0, 205.46, .87, .88, .90, .97
212.0, 211.43, .92, .88, .91, .99
216.0, 197.21, .84, .88, .90, .92
192.0, 205.74, .85, .89, .88, .97
213.0, 207.35, .85, .86, .90, .97
225.0, 207.79, .84, .89, .88, .98
205.0, 202.32, .92, .90, .89, .95
213.0, 205.70, .91, .90, .91, .98
209.0, 205.48, .87, .86, .92, .97
175.0, 200.20, .90, .88, .88, .97
219.0, 211.68, .90, .89, .91, .99
210.0, 203.50, .87, .89, .88, .97
221.0, 206.86, .87, .89, .90, .98
213.0, 211.57, .92, .89, .91, .98
226.0, 207.32, .94, .91, .90, .96
221.0, 208.03, .90, .91, .91, .96
161.0, 206.24, .89, .88, .90, .96
206.0, 211.29, .91, .91, .91, .98
200.0, 187.92, .91, .87, .87, .87
207.0, 205.44, .89, .88, .89, .99
208.0, 193.85, .86, .86, .84, .93
173.0, 199.14, .89, .90, .88, .94
213.0, 205.73, .86, .90, .88, .99
216.0, 201.06, .90, .88, .88, .96
207.0, 204.43, .90, .90, .89, .95
220.0, 204.38, .91, .90, .89, .97
208.0, 207.53, .92, .88, .88, .97
220.0, 205.32, .94, .92, .88, .97
223.0, 210.16, .94, .91, .90, .99
212.0, 208.94, .91, .91, .89, .99
186.0, 204.81, .89, .88, .88, .97
170.0, 204.94, .84, .89, .89, .96
218.0, 205.95, .89, .90, .89, .97
199.0, 198.28, .91, .88, .87, .94
215.0, 210.54, .87, .90, .90, .99
208.0, 203.23, .92, .88, .88, .96
208.0, 199.59, .91, .88, .86, .96
213.0, 201.76, .93, .89, .90, .95
202.0, 208.16, .91, .91, .89, .99
201.0, 208.36, .90, .89, .91, .99
218.0, 205.52, .92, .91, .90, .98
164.0, 204.25, .90, .90, .90, .97
221.0, 202.11, .91, .89, .90, .94
218.0, 206.44, .87, .88, .89, .96
206.0, 210.08, .86, .89, .89, .97
212.0, 194.94, .88, .87, .85, .94
220.0, 203.05, .94, .92, .90, .93
203.0, 204.76, .87, .89, .91, .95
176.0, 210.74, .88, .90, .89, .99
201.0, 202.03, .85, .89, .86, .97
217.0, 202.99, .92, .87, .89, .96
216.0, 205.44, .88, .88, .90, .95
220.0, 208.65, .94, .92, .90, .99
163.0, 209.05, .86, .89, .90, .98
219.0, 211.56, .90, .90, .91, .99
180.0, 203.33, .84, .87, .88, .94
221.0, 209.13, .91, .89, .89, .98
226.0, 199.83, .90, .87, .87, .94
204.0, 209.88, .92, .91, .90, .97
169.0, 207.19, .90, .91, .89, .95
173.0, 205.53, .83, .89, .89, .98
214.0, 206.90, .93, .90, .90, .99
208.0, 205.54, .85, .88, .90, .98
202.0, 204.20, .90, .88, .90, .97
189.0, 202.45, .85, .90, .88, .99
211.0, 199.37, .88, .87, .88, .94
189.0, 206.10, .90, .88, .91, 1.00
209.0, 196.28, .92, .86, .85, .98
208.0, 203.69, .91, .87, .90, .99
207.0, 198.97, .93, .88, .89, .98
201.0, 199.64, .86, .86, .87, .96
229.0, 209.09, .93, .90, .91, .99
213.0, 206.98, .93, .89, .90, .99
204.0, 206.00, .83, .86, .88, .98
200.0, 204.85, .89, .86, .89, .98
205.0, 204.68, .91, .88, .89, .99
213.0, 202.20, .90, .91, .88, .99
218.0, 211.02, .90, .92, .90, 1.00
196.0, 208.05, .90, .88, .90, .99
212.0, 194.86, .91, .87, .88, .94
215.0, 202.98, .88, .87, .90, .97
180.0, 193.96, .91, .84, .85, .95
219.0, 207.59, .91, .90, .90, 1.00
211.0, 200.36, .88, .86, .88, .97
205.0, 208.69, .90, .90, .91, .98
217.0, 206.04, .94, .87, .90, .99
208.0, 196.30, .84, .87, .88, .94
214.0, 192.14, .87, .87, .86, .95
211.0, 208.15, .85, .89, .90, .98
217.0, 197.52, .94, .89, .87, .97
161.0, 193.69, .88, .84, .90, .92
210.0, 198.77, .92, .91, .87, .99
209.0, 204.19, .86, .90, .88, .99
220.0, 211.59, .92, .91, .91, 1.00
