4.0, 3.77, .94, NaN, NaN, NaN
4.0, 3.82, .95, NaN, NaN, NaN
4.0, 3.70, .92, NaN, NaN, NaN
4.0, 3.94, .99, NaN, NaN, NaN
4.0, 3.91, .98, NaN, NaN, NaN
4.0, 3.87, .97, NaN, NaN, NaN
3.0, 3.81, .95, NaN, NaN, NaN
4.0, 3.91, .98, NaN, NaN, NaN
4.0, 3.73, .93, NaN, NaN, NaN
4.0, 3.79, .95, NaN, NaN, NaN
4.0, 3.91, .98, NaN, NaN, NaN
4.0, 3.90, .98, NaN, NaN, NaN
3.0, 3.80, .95, NaN, NaN, NaN
4.0, 3.90, .97, NaN, NaN, NaN
4.0, 3.88, .97, NaN, NaN, NaN
13.0, 11.65, .73, .96, NaN, NaN
13.0, 11.96, .76, .97, NaN, NaN
12.0, 12.16, .76, .97, NaN, NaN
13.0, 12.13, .74, .96, NaN, NaN
11.0, 10.28, .62, .95, NaN, NaN
10.0, 10.20, .64, .96, NaN, NaN
11.0, 10.88, .71, .97, NaN, NaN
7.0, 12.27, .81, .97, NaN, NaN
14.0, 12.86, .81, .97, NaN, NaN
14.0, 12.73, .83, .96, NaN, NaN
13.0, 12.68, .78, .97, NaN, NaN
14.0, 12.98, .83, .97, NaN, NaN
11.0, 12.82, .79, .97, NaN, NaN
13.0, 12.63, .79, .96, NaN, NaN
12.0, 12.69, .81, .97, NaN, NaN
11.0, 12.57, .82, .94, NaN, NaN
11.0, 13.12, .82, .97, NaN, NaN
13.0, 13.36, .83, .97, NaN, NaN
13.0, 13.39, .84, .98, NaN, NaN
15.0, 12.97, .81, .95, NaN, NaN
15.0, 13.29, .83, .97, NaN, NaN
11.0, 13.26, .83, .96, NaN, NaN
11.0, 11.62, .71, .98, NaN, NaN
13.0, 12.31, .79, .96, NaN, NaN
15.0, 13.36, .84, .97, NaN, NaN
14.0, 13.31, .85, .97, NaN, NaN
11.0, 13.19, .84, .96, NaN, NaN
11.0, 13.97, .86, .97, NaN, NaN
14.0, 13.99, .88, .97, NaN, NaN
15.0, 13.93, .89, .97, NaN, NaN
14.0, 14.13, .88, .97, NaN, NaN
14.0, 13.84, .89, .96, NaN, NaN
15.0, 14.02, .88, .96, NaN, NaN
12.0, 14.05, .88, .96, NaN, NaN
15.0, 14.01, .88, .96, NaN, NaN
14.0, 14.18, .88, .98, NaN, NaN
15.0, 14.12, .90, .97, NaN, NaN
15.0, 14.14, .90, .97, NaN, NaN
13.0, 14.03, .87, .97, NaN, NaN
14.0, 14.12, .88, .97, NaN, NaN
15.0, 14.21, .87, .97, NaN, NaN
14.0, 13.98, .91, .98, NaN, NaN
15.0, 13.99, .90, .97, NaN, NaN
16.0, 14.32, .90, .97, NaN, NaN
15.0, 14.33, .90, .97, NaN, NaN
14.0, 14.26, .89, .98, NaN, NaN
13.0, 14.05, .88, .97, NaN, NaN
15.0, 14.20, .91, .97, NaN, NaN
14.0, 14.32, .89, .98, NaN, NaN
11.0, 14.26, .89, .97, NaN, NaN
15.0, 14.19, .91, .97, NaN, NaN
15.0, 14.27, .89, .98, NaN, NaN
14.0, 14.26, .90, .97, NaN, NaN
15.0, 14.12, .90, .97, NaN, NaN
14.0, 14.04, .89, .96, NaN, NaN
15.0, 14.06, .88, .96, NaN, NaN
13.0, 14.32, .90, .99, NaN, NaN
15.0, 14.23, .88, .97, NaN, NaN
15.0, 13.79, .89, .96, NaN, NaN
12.0, 14.08, .89, .96, NaN, NaN
14.0, 14.14, .88, .97, NaN, NaN
15.0, 14.30, .89, .98, NaN, NaN
15.0, 14.21, .89, .97, NaN, NaN
13.0, 12.84, .78, .96, NaN, NaN
13.0, 12.37, .78, .96, NaN, NaN
13.0, 12.42, .76, .97, NaN, NaN
12.0, 12.52, .78, .95, NaN, NaN
13.0, 12.58, .80, .96, NaN, NaN
14.0, 12.95, .85, .97, NaN, NaN
14.0, 14.89, .95, .95, NaN, NaN
16.0, 14.74, .95, .96, NaN, NaN
16.0, 14.70, .93, .96, NaN, NaN
16.0, 14.93, .94, .98, NaN, NaN
15.0, 14.85, .91, .96, NaN, NaN
12.0, 14.76, .92, .95, NaN, NaN
14.0, 14.98, .96, .97, NaN, NaN
14.0, 15.15, .95, .98, NaN, NaN
15.0, 14.88, .90, .98, NaN, NaN
16.0, 14.84, .93, .97, NaN, NaN
16.0, 14.70, .94, .96, NaN, NaN
16.0, 14.77, .93, .96, NaN, NaN
14.0, 14.76, .94, .96, NaN, NaN
15.0, 14.88, .93, .96, NaN, NaN
15.0, 15.12, .97, .98, NaN, NaN
15.0, 14.96, .93, .97, NaN, NaN
16.0, 15.07, .94, .98, NaN, NaN
16.0, 14.89, .94, .96, NaN, NaN
16.0, 14.94, .94, .97, NaN, NaN
16.0, 14.95, .95, .97, NaN, NaN
16.0, 14.95, .95, .96, NaN, NaN
14.0, 14.83, .93, .96, NaN, NaN
15.0, 14.99, .94, .97, NaN, NaN
16.0, 14.88, .94, .96, NaN, NaN
16.0, 15.22, .95, .98, NaN, NaN
15.0, 15.00, .96, .96, NaN, NaN
12.0, 14.94, .97, .97, NaN, NaN
15.0, 14.79, .95, .96, NaN, NaN
12.0, 14.97, .93, .98, NaN, NaN
12.0, 14.92, .95, .96, NaN, NaN
16.0, 15.18, .94, .98, NaN, NaN
15.0, 15.21, .96, .98, NaN, NaN
12.0, 15.13, .96, .97, NaN, NaN
16.0, 15.20, .95, .98, NaN, NaN
16.0, 15.04, .95, .97, NaN, NaN
16.0, 14.94, .95, .97, NaN, NaN
16.0, 14.96, .93, .98, NaN, NaN
15.0, 14.60, .92, .95, NaN, NaN
15.0, 14.94, .93, .96, NaN, NaN
13.0, 15.21, .95, .98, NaN, NaN
16.0, 14.90, .93, .97, NaN, NaN
16.0, 15.14, .95, .98, NaN, NaN
13.0, 14.95, .95, .96, NaN, NaN
13.0, 14.94, .95, .96, NaN, NaN
12.0, 15.00, .96, .96, NaN, NaN
15.0, 14.93, .95, .97, NaN, NaN
16.0, 14.92, .95, .96, NaN, NaN
15.0, 15.00, .95, .97, NaN, NaN
14.0, 14.97, .93, .98, NaN, NaN
15.0, 15.04, .93, .97, NaN, NaN
16.0, 15.03, .95, .97, NaN, NaN
16.0, 15.11, .95, .97, NaN, NaN
12.0, 15.07, .94, .98, NaN, NaN
16.0, 15.29, .96, .98, NaN, NaN
15.0, 15.06, .94, .97, NaN, NaN
15.0, 14.67, .93, .95, NaN, NaN
12.0, 14.87, .96, .96, NaN, NaN
16.0, 14.97, .95, .96, NaN, NaN
16.0, 15.08, .95, .97, NaN, NaN
16.0, 15.06, .95, .97, NaN, NaN
16.0, 15.00, .96, .97, NaN, NaN
16.0, 15.10, .95, .97, NaN, NaN
15.0, 15.06, .95, .98, NaN, NaN
15.0, 15.05, .95, .96, NaN, NaN
15.0, 14.59, .94, .94, NaN, NaN
16.0, 14.87, .95, .96, NaN, NaN
16.0, 15.07, .96, .97, NaN, NaN
16.0, 15.25, .95, .98, NaN, NaN
16.0, 14.76, .94, .96, NaN, NaN
16.0, 14.85, .95, .96, NaN, NaN
16.0, 14.96, .97, .97, NaN, NaN
16.0, 15.28, .96, .98, NaN, NaN
15.0, 15.24, .96, .98, NaN, NaN
12.0, 15.08, .94, .97, NaN, NaN
15.0, 15.00, .95, .97, NaN, NaN
16.0, 14.99, .96, .97, NaN, NaN
14.0, 14.99, .95, .97, NaN, NaN
16.0, 14.88, .94, .96, NaN, NaN
15.0, 15.00, .92, .97, NaN, NaN
16.0, 14.76, .93, .95, NaN, NaN
15.0, 15.06, .94, .97, NaN, NaN
15.0, 14.96, .96, .96, NaN, NaN
16.0, 15.22, .95, .97, NaN, NaN
13.0, 14.98, .92, .97, NaN, NaN
15.0, 14.94, .94, .96, NaN, NaN
16.0, 14.60, .94, .95, NaN, NaN
16.0, 14.78, .93, .96, NaN, NaN
15.0, 14.80, .93, .96, NaN, NaN
16.0, 15.14, .96, .97, NaN, NaN
15.0, 14.86, .96, .96, NaN, NaN
11.0, 15.13, .94, .98, NaN, NaN
16.0, 14.94, .96, .96, NaN, NaN
11.0, 15.02, .93, .97, NaN, NaN
16.0, 15.02, .95, .96, NaN, NaN
15.0, 15.20, .94, .98, NaN, NaN
16.0, 14.91, .93, .97, NaN, NaN
16.0, 14.78, .93, .96, NaN, NaN
14.0, 15.09, .95, .97, NaN, NaN
16.0, 14.75, .90, .96, NaN, NaN
13.0, 14.89, .95, .96, NaN, NaN
15.0, 15.06, .95, .98, NaN, NaN
15.0, 15.14, .96, .98, NaN, NaN
15.0, 15.07, .94, .97, NaN, NaN
16.0, 15.04, .95, .98, NaN, NaN
16.0, 14.75, .96, .96, NaN, NaN
16.0, 15.19, .97, .98, NaN, NaN
12.0, 15.10, .94, .97, NaN, NaN
15.0, 14.92, .95, .97, NaN, NaN
15.0, 14.77, .94, .95, NaN, NaN
15.0, 14.72, .94, .95, NaN, NaN
14.0, 15.12, .96, .97, NaN, NaN
16.0, 15.14, .95, .98, NaN, NaN
13.0, 14.90, .94, .96, NaN, NaN
16.0, 15.03, .94, .98, NaN, NaN
15.0, 15.10, .96, .97, NaN, NaN
4.0, 14.71, .95, .95, NaN, NaN
39.0, 38.08, .62, .92, .97, NaN
37.0, 40.44, .65, .94, .98, NaN
44.0, 42.00, .66, .95, .97, NaN
47.0, 42.73, .68, .95, .96, NaN
46.0, 44.76, .70, .96, .98, NaN
45.0, 44.19, .68, .91, .97, NaN
49.0, 45.17, .74, .95, .96, NaN
47.0, 45.39, .75, .95, .97, NaN
38.0, 45.24, .73, .92, .93, NaN
47.0, 46.87, .73, .94, .97, NaN
50.0, 46.53, .72, .95, .98, NaN
50.0, 46.93, .76, .95, .95, NaN
50.0, 47.88, .75, .96, .98, NaN
54.0, 49.36, .79, .95, .97, NaN
52.0, 48.71, .79, .94, .97, NaN
50.0, 49.04, .77, .94, .97, NaN
51.0, 47.40, .76, .96, .96, NaN
41.0, 47.64, .75, .91, .96, NaN
49.0, 49.00, .77, .94, .96, NaN
53.0, 49.97, .76, .94, .96, NaN
53.0, 50.44, .80, .96, .98, NaN
49.0, 49.90, .80, .95, .97, NaN
52.0, 48.98, .76, .96, .96, NaN
53.0, 48.99, .79, .94, .95, NaN
43.0, 50.29, .80, .95, .98, NaN
57.0, 50.12, .81, .92, .96, NaN
52.0, 50.13, .79, .93, .97, NaN
41.0, 49.15, .77, .93, .96, NaN
48.0, 50.95, .78, .94, .98, NaN
51.0, 49.53, .76, .93, .97, NaN
54.0, 49.73, .81, .94, .97, NaN
49.0, 50.55, .79, .93, .96, NaN
57.0, 52.40, .82, .95, .97, NaN
54.0, 52.69, .82, .96, .98, NaN
47.0, 51.67, .78, .94, .98, NaN
53.0, 50.16, .82, .95, .96, NaN
49.0, 52.83, .82, .96, .98, NaN
51.0, 53.24, .83, .96, .98, NaN
45.0, 52.63, .82, .95, .97, NaN
52.0, 52.50, .84, .93, .95, NaN
58.0, 52.60, .85, .95, .95, NaN
45.0, 52.45, .85, .95, .96, NaN
57.0, 53.47, .85, .94, .96, NaN
58.0, 54.18, .86, .95, .97, NaN
55.0, 53.83, .83, .95, .97, NaN
53.0, 53.44, .80, .93, .96, NaN
58.0, 54.42, .87, .95, .98, NaN
59.0, 53.74, .85, .94, .97, NaN
56.0, 54.16, .85, .95, .97, NaN
58.0, 54.38, .84, .95, .97, NaN
54.0, 55.16, .86, .95, .98, NaN
60.0, 53.99, .88, .93, .97, NaN
57.0, 55.24, .87, .96, .97, NaN
54.0, 55.07, .81, .95, .98, NaN
59.0, 55.06, .85, .95, .98, NaN
57.0, 54.70, .83, .95, .99, NaN
46.0, 54.74, .84, .94, .97, NaN
49.0, 55.21, .88, .96, .98, NaN
60.0, 55.42, .84, .95, .99, NaN
56.0, 55.19, .84, .96, .97, NaN
55.0, 53.88, .84, .94, .96, NaN
52.0, 55.56, .86, .95, .99, NaN
55.0, 54.62, .83, .94, .98, NaN
56.0, 54.05, .82, .96, .98, NaN
54.0, 52.34, .85, .94, .96, NaN
50.0, 52.47, .84, .93, .95, NaN
58.0, 53.02, .84, .95, .96, NaN
53.0, 52.69, .86, .95, .96, NaN
59.0, 52.63, .86, .94, .95, NaN
54.0, 54.43, .85, .94, .97, NaN
50.0, 52.77, .85, .95, .96, NaN
50.0, 54.90, .84, .96, .98, NaN
56.0, 53.45, .83, .93, .98, NaN
54.0, 52.64, .84, .92, .96, NaN
57.0, 53.74, .85, .95, .97, NaN
55.0, 55.03, .85, .96, .98, NaN
59.0, 54.11, .87, .93, .97, NaN
57.0, 55.41, .90, .95, .97, NaN
55.0, 55.70, .86, .96, .98, NaN
62.0, 54.21, .89, .94, .96, NaN
44.0, 55.14, .89, .94, .97, NaN
51.0, 55.39, .86, .95, .98, NaN
58.0, 54.18, .85, .94, .96, NaN
58.0, 55.75, .88, .94, .97, NaN
58.0, 55.65, .89, .94, .98, NaN
61.0, 54.09, .85, .96, .96, NaN
58.0, 54.99, .87, .95, .95, NaN
55.0, 56.24, .89, .96, .97, NaN
58.0, 54.63, .85, .95, .95, NaN
42.0, 55.45, .87, .95, .99, NaN
59.0, 54.89, .84, .94, .98, NaN
60.0, 55.48, .87, .94, .97, NaN
54.0, 56.09, .90, .95, .98, NaN
57.0, 55.05, .88, .94, .95, NaN
59.0, 56.04, .89, .95, .97, NaN
53.0, 55.89, .91, .95, .98, NaN
56.0, 55.14, .85, .94, .97, NaN
53.0, 54.70, .87, .94, .96, NaN
58.0, 54.74, .86, .94, .97, NaN
59.0, 56.26, .88, .96, .98, NaN
57.0, 55.20, .87, .95, .96, NaN
44.0, 56.24, .86, .95, .98, NaN
59.0, 56.73, .85, .96, .98, NaN
45.0, 55.44, .88, .96, .98, NaN
59.0, 55.25, .86, .94, .97, NaN
52.0, 55.61, .88, .96, .97, NaN
59.0, 55.56, .90, .95, .97, NaN
58.0, 55.58, .87, .96, .97, NaN
58.0, 55.66, .87, .95, .98, NaN
54.0, 55.03, .85, .95, .97, NaN
53.0, 56.01, .87, .95, .98, NaN
46.0, 54.32, .86, .93, .96, NaN
58.0, 55.76, .86, .94, .98, NaN
59.0, 54.91, .89, .95, .95, NaN
56.0, 56.17, .90, .96, .99, NaN
56.0, 55.69, .90, .95, .97, NaN
57.0, 55.20, .89, .94, .96, NaN
57.0, 55.10, .86, .95, .98, NaN
50.0, 55.19, .86, .93, .97, NaN
45.0, 55.97, .89, .95, .98, NaN
54.0, 55.52, .89, .94, .98, NaN
45.0, 55.34, .86, .94, .98, NaN
56.0, 54.81, .85, .94, .96, NaN
54.0, 54.47, .85, .94, .95, NaN
52.0, 54.55, .89, .94, .97, NaN
57.0, 54.84, .88, .96, .97, NaN
57.0, 57.01, .87, .97, .98, NaN
57.0, 54.50, .87, .96, .95, NaN
57.0, 56.46, .88, .94, .98, NaN
58.0, 55.51, .89, .94, .97, NaN
58.0, 55.38, .87, .96, .97, NaN
59.0, 55.94, .88, .95, .97, NaN
55.0, 54.60, .90, .96, .96, NaN
56.0, 56.07, .86, .96, .98, NaN
61.0, 55.49, .91, .95, .98, NaN
53.0, 55.57, .92, .95, .97, NaN
60.0, 55.92, .90, .96, .97, NaN
57.0, 53.65, .87, .93, .96, NaN
59.0, 55.01, .89, .94, .96, NaN
58.0, 54.66, .85, .94, .96, NaN
53.0, 55.54, .89, .95, .97, NaN
61.0, 56.16, .88, .96, .99, NaN
59.0, 55.41, .87, .95, .98, NaN
54.0, 54.13, .90, .95, .94, NaN
58.0, 55.47, .89, .95, .96, NaN
59.0, 55.97, .87, .97, .98, NaN
51.0, 55.61, .85, .93, .96, NaN
55.0, 56.15, .90, .94, .98, NaN
56.0, 55.64, .86, .94, .97, NaN
57.0, 55.68, .86, .94, .97, NaN
61.0, 54.85, .88, .96, .96, NaN
57.0, 55.95, .89, .96, .98, NaN
60.0, 54.58, .86, .95, .96, NaN
55.0, 56.14, .88, .95, .98, NaN
55.0, 55.77, .88, .93, .98, NaN
57.0, 55.55, .89, .96, .96, NaN
60.0, 56.21, .91, .96, .97, NaN
60.0, 56.01, .89, .96, .98, NaN
48.0, 55.05, .84, .94, .96, NaN
61.0, 55.76, .88, .95, .98, NaN
58.0, 53.96, .85, .95, .97, NaN
55.0, 54.15, .88, .94, .96, NaN
59.0, 54.34, .90, .95, .94, NaN
60.0, 56.48, .91, .96, .97, NaN
59.0, 57.70, .89, .96, .98, NaN
55.0, 56.67, .88, .95, .97, NaN
46.0, 56.31, .90, .96, .96, NaN
61.0, 57.05, .89, .95, .98, NaN
60.0, 56.61, .89, .95, .97, NaN
60.0, 55.73, .89, .95, .95, NaN
58.0, 55.76, .88, .93, .97, NaN
58.0, 56.22, .86, .94, .98, NaN
58.0, 56.82, .89, .94, .98, NaN
60.0, 55.81, .87, .96, .97, NaN
52.0, 56.54, .89, .94, .97, NaN
61.0, 55.19, .87, .94, .95, NaN
62.0, 57.38, .92, .96, .98, NaN
61.0, 56.96, .88, .95, .98, NaN
55.0, 57.34, .89, .97, .98, NaN
54.0, 56.70, .89, .94, .98, NaN
60.0, 58.05, .91, .97, .99, NaN
54.0, 55.86, .88, .95, .98, NaN
61.0, 56.16, .90, .96, .96, NaN
58.0, 57.18, .88, .95, .98, NaN
60.0, 56.69, .89, .95, .98, NaN
53.0, 55.34, .89, .93, .96, NaN
60.0, 56.28, .89, .95, .97, NaN
56.0, 55.78, .91, .95, .95, NaN
62.0, 56.51, .93, .96, .97, NaN
58.0, 56.65, .86, .94, .98, NaN
61.0, 56.76, .88, .95, .98, NaN
57.0, 57.12, .89, .96, .97, NaN
57.0, 56.49, .89, .95, .97, NaN
54.0, 56.55, .89, .93, .99, NaN
61.0, 56.60, .89, .96, .97, NaN
46.0, 55.85, .88, .95, .96, NaN
60.0, 55.49, .87, .94, .96, NaN
61.0, 56.10, .88, .95, .96, NaN
54.0, 55.74, .87, .94, .96, NaN
54.0, 57.18, .93, .96, .98, NaN
59.0, 56.83, .93, .96, .97, NaN
59.0, 56.61, .91, .96, .98, NaN
58.0, 56.70, .86, .95, .97, NaN
57.0, 56.58, .88, .94, .96, NaN
56.0, 57.70, .91, .95, .98, NaN
60.0, 57.33, .92, .97, .98, NaN
56.0, 55.79, .88, .95, .96, NaN
60.0, 57.54, .92, .97, .98, NaN
61.0, 56.61, .93, .95, .97, NaN
46.0, 57.22, .91, .97, .98, NaN
59.0, 55.65, .88, .94, .95, NaN
46.0, 56.26, .89, .95, .97, NaN
59.0, 55.51, .89, .94, .97, NaN
55.0, 56.85, .90, .96, .98, NaN
60.0, 56.53, .90, .94, .97, NaN
56.0, 54.80, .92, .94, .95, NaN
62.0, 56.65, .93, .95, .96, NaN
62.0, 56.32, .90, .95, .96, NaN
61.0, 56.00, .91, .96, .97, NaN
54.0, 56.60, .90, .94, .97, NaN
56.0, 55.32, .89, .94, .96, NaN
61.0, 56.41, .90, .95, .97, NaN
47.0, 56.71, .86, .95, .99, NaN
62.0, 54.24, .90, .93, .94, NaN
50.0, 56.17, .88, .94, .96, NaN
56.0, 56.80, .89, .96, .97, NaN
62.0, 56.21, .89, .95, .96, NaN
51.0, 54.96, .87, .94, .95, NaN
57.0, 55.99, .86, .94, .97, NaN
60.0, 56.61, .89, .96, .97, NaN
57.0, 55.01, .82, .94, .96, NaN
58.0, 55.90, .89, .93, .97, NaN
57.0, 56.09, .89, .94, .97, NaN
62.0, 56.07, .88, .95, .96, NaN
60.0, 56.40, .89, .94, .97, NaN
57.0, 56.43, .88, .94, .98, NaN
59.0, 56.21, .87, .95, .97, NaN
44.0, 56.07, .91, .95, .97, NaN
58.0, 55.09, .91, .94, .95, NaN
58.0, 56.54, .87, .96, .98, NaN
58.0, 55.43, .87, .94, .95, NaN
44.0, 55.61, .84, .93, .95, NaN
55.0, 56.04, .89, .93, .97, NaN
46.0, 56.49, .86, .92, .98, NaN
61.0, 57.22, .90, .96, .98, NaN
61.0, 56.57, .90, .95, .97, NaN
58.0, 56.60, .88, .97, .97, NaN
47.0, 56.26, .89, .94, .97, NaN
61.0, 56.65, .89, .95, .98, NaN
48.0, 56.12, .87, .94, .96, NaN
55.0, 56.14, .87, .94, .96, NaN
56.0, 57.02, .90, .96, .99, NaN
61.0, 55.56, .89, .94, .96, NaN
44.0, 56.99, .89, .95, .98, NaN
60.0, 55.82, .89, .95, .96, NaN
46.0, 55.30, .88, .94, .95, NaN
59.0, 56.73, .91, .95, .98, NaN
57.0, 57.09, .94, .96, .98, NaN
59.0, 56.60, .88, .94, .97, NaN
60.0, 55.70, .90, .94, .97, NaN
46.0, 56.50, .90, .94, .98, NaN
61.0, 56.49, .91, .96, .97, NaN
52.0, 56.18, .87, .94, .97, NaN
58.0, 56.36, .90, .94, .97, NaN
60.0, 57.28, .88, .97, .98, NaN
59.0, 56.09, .87, .95, .97, NaN
60.0, 57.48, .92, .96, .99, NaN
60.0, 56.19, .89, .95, .97, NaN
58.0, 56.87, .89, .97, .97, NaN
61.0, 57.47, .91, .97, .98, NaN
59.0, 56.86, .92, .96, .97, NaN
60.0, 56.12, .89, .95, .96, NaN
61.0, 57.35, .88, .95, .98, NaN
44.0, 54.70, .89, .93, .96, NaN
46.0, 56.55, .88, .94, .98, NaN
48.0, 55.03, .87, .93, .95, NaN
44.0, 56.38, .89, .94, .96, NaN
51.0, 55.55, .88, .93, .97, NaN
58.0, 56.57, .92, .95, .96, NaN
61.0, 56.10, .90, .94, .97, NaN
62.0, 56.56, .90, .96, .96, NaN
59.0, 55.71, .89, .94, .97, NaN
55.0, 55.29, .88, .93, .95, NaN
60.0, 56.48, .90, .95, .98, NaN
58.0, 57.61, .90, .96, .99, NaN
57.0, 56.59, .92, .94, .98, NaN
54.0, 56.72, .85, .94, .97, NaN
59.0, 56.69, .88, .95, .97, NaN
58.0, 56.48, .89, .94, .97, NaN
56.0, 56.69, .88, .95, .98, NaN
56.0, 57.33, .89, .93, .98, NaN
60.0, 56.10, .90, .94, .96, NaN
54.0, 57.06, .92, .95, .98, NaN
61.0, 56.28, .92, .95, .97, NaN
57.0, 55.98, .88, .95, .96, NaN
54.0, 55.68, .88, .94, .98, NaN
48.0, 55.30, .87, .96, .98, NaN
61.0, 54.58, .92, .94, .96, NaN
46.0, 56.26, .89, .94, .96, NaN
4.0, 55.80, .91, .94, .96, NaN
139.0, 134.49, .54, .88, .91, .89
134.0, 134.88, .59, .83, .91, .95
146.0, 135.43, .57, .81, .93, .93
132.0, 142.42, .59, .85, .95, .99
149.0, 145.21, .61, .86, .95, .96
125.0, 148.02, .59, .84, .96, .99
142.0, 145.47, .61, .84, .93, .97
152.0, 146.50, .62, .84, .96, .98
154.0, 139.60, .62, .83, .93, .89
153.0, 147.80, .62, .85, .96, .95
150.0, 150.56, .63, .84, .93, .96
156.0, 152.03, .64, .86, .96, .96
149.0, 150.24, .63, .84, .94, .98
168.0, 154.21, .68, .83, .97, .97
163.0, 155.19, .69, .83, .95, .99
151.0, 154.50, .64, .84, .92, .91
146.0, 164.45, .68, .87, .95, .94
163.0, 161.75, .71, .90, .95, .92
129.0, 169.48, .69, .90, .97, .97
178.0, 173.41, .68, .93, .98, 1.00
184.0, 174.50, .70, .91, .97, .99
177.0, 174.19, .71, .90, .96, .98
177.0, 170.28, .69, .88, .97, .99
168.0, 165.32, .72, .87, .93, .96
175.0, 169.15, .70, .88, .95, .99
162.0, 165.81, .66, .88, .91, .98
165.0, 169.47, .70, .85, .96, .99
184.0, 171.83, .68, .88, .94, .99
177.0, 167.27, .69, .90, .93, .94
183.0, 174.96, .73, .88, .97, 1.00
168.0, 172.96, .71, .90, .96, .99
158.0, 169.72, .67, .87, .96, .98
159.0, 167.70, .67, .85, .94, .97
149.0, 158.05, .72, .87, .90, .91
166.0, 157.39, .67, .85, .93, .87
182.0, 172.77, .73, .89, .98, .98
165.0, 170.39, .67, .89, .95, .99
162.0, 170.10, .68, .87, .96, .96
178.0, 166.38, .70, .90, .96, .95
139.0, 164.57, .67, .88, .96, .97
178.0, 167.58, .71, .89, .94, .98
177.0, 170.81, .70, .91, .96, .97
164.0, 170.15, .71, .90, .96, .98
180.0, 169.51, .72, .89, .94, .98
165.0, 167.16, .70, .89, .94, .96
140.0, 156.97, .63, .85, .93, .88
187.0, 174.44, .73, .91, .97, .99
178.0, 173.59, .70, .86, .96, 1.00
163.0, 169.96, .70, .88, .98, .99
171.0, 166.93, .65, .89, .94, .98
162.0, 164.52, .69, .87, .93, .98
170.0, 160.79, .68, .88, .95, .93
174.0, 166.11, .67, .90, .96, .93
176.0, 169.62, .71, .92, .96, .99
172.0, 164.04, .70, .89, .95, .94
166.0, 166.75, .70, .90, .96, .96
167.0, 166.48, .71, .91, .93, .99
176.0, 162.73, .71, .90, .93, .97
179.0, 167.18, .69, .88, .95, .96
165.0, 170.15, .70, .89, .95, .97
177.0, 169.35, .72, .89, .97, .98
178.0, 171.47, .70, .90, .96, .98
173.0, 170.34, .68, .86, .96, .97
172.0, 168.80, .72, .88, .92, .97
173.0, 165.38, .68, .87, .93, .95
147.0, 169.23, .69, .89, .96, 1.00
170.0, 162.32, .70, .86, .91, .94
172.0, 171.31, .71, .88, .94, .99
175.0, 168.57, .69, .89, .94, .97
183.0, 170.70, .72, .88, .94, .97
189.0, 177.56, .72, .93, .97, 1.00
168.0, 170.35, .71, .87, .94, .97
176.0, 166.52, .69, .86, .92, .95
177.0, 174.12, .71, .90, .96, .98
155.0, 168.02, .70, .87, .95, .94
181.0, 173.11, .72, .89, .96, .99
175.0, 170.58, .65, .88, .95, .96
184.0, 177.70, .72, .90, .96, .99
160.0, 175.29, .67, .85, .93, .98
180.0, 172.69, .71, .89, .95, .98
180.0, 173.52, .72, .87, .96, .96
185.0, 172.97, .72, .87, .93, .95
180.0, 177.66, .73, .88, .94, .96
193.0, 176.25, .74, .87, .94, .99
147.0, 174.82, .71, .88, .92, .97
192.0, 182.91, .76, .91, .94, .99
179.0, 178.82, .73, .89, .95, .98
189.0, 181.82, .68, .90, .95, .98
157.0, 184.42, .74, .92, .95, 1.00
183.0, 182.83, .72, .93, .94, .99
196.0, 181.09, .75, .91, .94, .97
186.0, 184.59, .76, .90, .96, .98
190.0, 182.93, .73, .89, .94, .99
191.0, 185.46, .73, .91, .95, .97
197.0, 191.97, .75, .95, .98, .99
200.0, 192.50, .79, .94, .98, .99
194.0, 185.21, .74, .94, .94, .96
185.0, 188.92, .74, .94, .96, .96
199.0, 191.36, .77, .91, .94, .98
181.0, 187.60, .74, .95, .96, .98
202.0, 187.89, .78, .92, .93, .95
187.0, 190.64, .72, .93, .96, .99
187.0, 189.16, .74, .93, .97, .99
181.0, 184.81, .73, .90, .94, .97
203.0, 189.20, .75, .90, .95, .99
196.0, 185.52, .77, .88, .93, .93
201.0, 190.42, .76, .91, .94, .97
198.0, 190.07, .76, .89, .96, .98
165.0, 190.50, .73, .92, .95, .97
198.0, 190.38, .76, .94, .95, .97
192.0, 196.70, .75, .94, .97, 1.00
189.0, 189.24, .77, .93, .93, .99
196.0, 187.59, .73, .90, .95, .96
197.0, 192.52, .76, .91, .96, .99
208.0, 186.88, .75, .92, .92, .95
202.0, 191.68, .75, .93, .94, .94
206.0, 196.14, .77, .92, .96, .97
206.0, 194.30, .76, .92, .94, .98
209.0, 194.02, .79, .92, .96, .95
184.0, 187.97, .72, .92, .92, .94
199.0, 190.17, .76, .91, .94, .95
192.0, 198.65, .74, .92, .95, .99
204.0, 196.34, .78, .92, .95, .98
208.0, 197.62, .76, .93, .97, .98
185.0, 189.99, .74, .92, .92, .95
206.0, 193.68, .77, .92, .94, .97
187.0, 188.51, .75, .92, .92, .95
208.0, 185.70, .76, .92, .93, .93
204.0, 193.39, .75, .94, .96, .96
210.0, 184.95, .77, .93, .94, .89
195.0, 197.54, .75, .94, .94, .99
188.0, 193.89, .73, .92, .95, .97
208.0, 192.98, .79, .93, .92, .96
205.0, 194.00, .79, .94, .97, .97
209.0, 195.75, .77, .94, .94, .98
192.0, 196.01, .79, .92, .95, .98
197.0, 192.93, .73, .92, .96, .98
182.0, 194.95, .78, .95, .97, .99
153.0, 191.15, .73, .91, .93, .97
194.0, 187.33, .71, .90, .92, .93
177.0, 192.53, .76, .94, .96, .99
188.0, 190.44, .77, .94, .96, .98
199.0, 185.53, .77, .91, .94, .94
199.0, 188.05, .78, .93, .91, .96
192.0, 199.39, .79, .94, .98, .99
203.0, 189.89, .77, .93, .96, .92
191.0, 191.81, .81, .92, .93, .98
192.0, 194.50, .77, .94, .95, .97
203.0, 196.31, .77, .94, .95, .98
196.0, 195.82, .78, .95, .95, .98
201.0, 190.47, .79, .91, .95, .95
185.0, 185.63, .72, .91, .94, .93
209.0, 199.66, .74, .91, .96, .99
185.0, 196.05, .80, .91, .95, .97
211.0, 194.27, .79, .93, .93, .97
158.0, 195.80, .77, .94, .95, .97
160.0, 195.90, .76, .92, .96, .97
188.0, 198.22, .76, .91, .97, .98
198.0, 194.02, .76, .92, .94, .99
210.0, 197.71, .76, .91, .95, .99
213.0, 200.01, .78, .94, .96, .99
196.0, 198.34, .80, .93, .95, .98
193.0, 201.40, .77, .93, .97, .99
197.0, 195.85, .80, .93, .94, .96
185.0, 191.87, .77, .92, .94, .96
201.0, 188.08, .71, .91, .95, .93
199.0, 197.47, .80, .94, .95, .99
198.0, 200.67, .79, .94, .96, .99
214.0, 191.44, .80, .93, .94, .95
197.0, 199.05, .81, .94, .96, .97
201.0, 199.06, .76, .94, .95, .99
152.0, 199.78, .74, .92, .95, .97
207.0, 198.97, .78, .95, .96, .99
208.0, 198.97, .77, .95, .97, .98
209.0, 199.90, .79, .92, .94, .97
199.0, 203.07, .76, .94, .97, .99
207.0, 199.31, .78, .93, .96, .98
193.0, 199.07, .80, .93, .95, .98
205.0, 197.79, .72, .91, .96, .95
216.0, 198.81, .80, .94, .95, .99
171.0, 202.28, .78, .93, .96, .99
215.0, 196.87, .80, .93, .95, .94
208.0, 195.07, .79, .95, .92, .96
217.0, 196.56, .79, .91, .92, .97
210.0, 200.81, .81, .93, .94, .98
198.0, 201.56, .81, .91, .95, .97
162.0, 198.62, .81, .93, .95, .97
163.0, 191.72, .77, .90, .93, .94
205.0, 201.52, .82, .94, .95, .96
194.0, 200.31, .79, .93, .95, .99
199.0, 194.80, .77, .89, .93, .96
217.0, 201.39, .81, .93, .96, .97
195.0, 205.12, .77, .94, .97, .98
214.0, 199.72, .79, .93, .95, .99
204.0, 204.43, .77, .94, .96, .99
211.0, 195.98, .83, .91, .94, .96
213.0, 194.64, .79, .94, .96, .92
167.0, 192.64, .73, .90, .91, .95
186.0, 197.07, .75, .93, .94, .98
177.0, 195.56, .77, .92, .95, .97
203.0, 202.81, .80, .93, .96, .99
215.0, 199.19, .79, .94, .92, .99
213.0, 196.25, .83, .95, .94, .95
214.0, 204.56, .81, .94, .96, .98
210.0, 199.08, .78, .91, .93, .94
216.0, 206.44, .84, .94, .97, .98
220.0, 203.41, .83, .94, .94, .98
209.0, 193.24, .80, .90, .92, .94
211.0, 207.40, .78, .95, .96, .98
210.0, 202.95, .82, .94, .95, .98
156.0, 207.27, .82, .91, .95, .97
163.0, 205.09, .77, .89, .93, .97
204.0, 203.84, .77, .89, .95, .96
206.0, 196.96, .82, .91, .95, .93
212.0, 203.66, .79, .89, .94, .97
211.0, 211.25, .81, .93, .98, 1.00
189.0, 205.74, .79, .93, .96, .99
197.0, 195.29, .82, .90, .90, .94
217.0, 204.09, .84, .91, .92, .96
211.0, 190.14, .82, .91, .93, .88
219.0, 208.24, .81, .93, .95, .97
214.0, 195.50, .77, .87, .93, .90
219.0, 208.21, .77, .93, .95, .98
221.0, 208.74, .83, .92, .96, .97
215.0, 201.07, .79, .91, .94, .95
209.0, 207.64, .84, .92, .94, .97
157.0, 204.37, .82, .92, .94, .97
211.0, 212.28, .82, .95, .96, .99
183.0, 213.11, .83, .94, .96, .99
208.0, 207.22, .80, .93, .95, .99
203.0, 208.82, .83, .94, .94, .99
216.0, 207.36, .84, .92, .96, .97
222.0, 206.52, .81, .94, .96, .98
198.0, 210.15, .78, .92, .96, .99
204.0, 203.82, .75, .89, .94, .99
212.0, 208.40, .85, .93, .96, .98
179.0, 204.18, .75, .90, .93, .97
202.0, 211.74, .82, .93, .95, .99
202.0, 210.44, .84, .93, .95, .99
217.0, 208.25, .80, .90, .96, .98
215.0, 203.98, .84, .93, .93, .98
198.0, 202.62, .83, .95, .94, .96
214.0, 206.94, .82, .91, .94, .98
207.0, 214.46, .82, .94, .97, .99
214.0, 204.17, .84, .93, .95, .97
217.0, 206.80, .83, .93, .95, .99
210.0, 206.60, .83, .95, .95, .96
168.0, 201.64, .80, .91, .94, .98
200.0, 203.25, .85, .93, .95, .95
217.0, 202.14, .78, .91, .93, .95
200.0, 202.93, .83, .93, .94, .96
215.0, 203.78, .82, .91, .95, .97
207.0, 211.66, .84, .96, .96, .99
216.0, 209.57, .82, .94, .94, .98
204.0, 203.46, .82, .91, .94, .98
170.0, 208.23, .83, .91, .95, .98
170.0, 204.60, .82, .92, .95, .95
164.0, 201.03, .78, .91, .94, .94
159.0, 203.79, .82, .92, .94, .95
223.0, 204.98, .83, .92, .96, .96
216.0, 211.43, .85, .93, .96, .97
178.0, 209.14, .79, .91, .95, .99
171.0, 210.72, .81, .93, .95, .99
228.0, 209.70, .84, .95, .97, .99
211.0, 198.38, .82, .91, .94, .94
220.0, 204.88, .80, .89, .93, .99
227.0, 199.69, .77, .88, .93, .95
217.0, 199.54, .83, .94, .95, .93
207.0, 197.44, .79, .90, .90, .94
121.0, 209.46, .79, .93, .95, .97
222.0, 210.34, .85, .95, .96, 1.00
199.0, 203.09, .84, .92, .93, .96
216.0, 201.20, .83, .92, .95, .94
226.0, 203.97, .85, .91, .94, .97
159.0, 203.55, .76, .88, .93, .96
210.0, 213.13, .84, .93, .97, .99
207.0, 208.10, .85, .92, .95, .98
168.0, 202.76, .84, .93, .95, .95
201.0, 210.25, .82, .92, .96, .97
204.0, 209.03, .82, .92, .95, .99
219.0, 199.73, .82, .91, .94, .95
213.0, 208.35, .80, .92, .96, .98
215.0, 198.01, .80, .88, .92, .92
194.0, 206.14, .84, .92, .96, .98
215.0, 208.85, .84, .93, .96, .98
210.0, 201.08, .82, .94, .94, .94
217.0, 206.10, .85, .93, .94, 1.00
202.0, 201.49, .80, .92, .93, .97
207.0, 210.67, .78, .92, .97, .99
213.0, 214.65, .85, .93, .97, 1.00
213.0, 206.73, .76, .90, .95, .95
173.0, 209.06, .84, .92, .95, .98
207.0, 203.68, .80, .90, .95, .96
220.0, 213.93, .81, .95, .98, 1.00
219.0, 205.52, .86, .94, .96, .96
124.0, 205.85, .77, .92, .94, .96
217.0, 209.02, .81, .93, .96, .98
219.0, 208.85, .86, .94, .96, .98
216.0, 198.65, .74, .89, .92, .93
201.0, 203.53, .79, .92, .93, .96
177.0, 199.76, .82, .92, .93, .96
222.0, 203.29, .85, .93, .94, .95
218.0, 209.95, .84, .92, .95, .98
215.0, 211.58, .84, .94, .96, .98
213.0, 204.86, .85, .93, .95, .96
223.0, 198.36, .78, .89, .92, .96
167.0, 200.69, .78, .92, .94, .95
212.0, 204.92, .83, .93, .95, .96
210.0, 206.21, .84, .94, .96, .99
212.0, 199.13, .83, .90, .94, .94
214.0, 206.41, .82, .91, .97, .99
200.0, 206.02, .83, .92, .93, .97
223.0, 211.99, .82, .94, .96, .98
205.0, 208.66, .84, .90, .95, .99
208.0, 201.07, .83, .93, .94, .96
207.0, 203.73, .84, .93, .94, .96
221.0, 204.04, .78, .92, .93, .96
210.0, 203.75, .81, .94, .95, .95
171.0, 206.97, .80, .92, .95, .97
225.0, 198.28, .84, .92, .94, .92
225.0, 208.40, .86, .92, .95, .97
200.0, 207.08, .83, .91, .94, .95
216.0, 218.94, .85, .94, .98, .99
222.0, 210.61, .79, .92, .95, .98
209.0, 203.23, .83, .93, .93, .94
211.0, 210.65, .83, .91, .95, .99
212.0, 214.59, .85, .94, .97, 1.00
226.0, 216.50, .86, .95, .97, 1.00
225.0, 212.26, .83, .91, .96, .97
182.0, 207.48, .85, .91, .94, .96
214.0, 212.15, .85, .93, .95, .99
160.0, 211.58, .82, .94, .95, .96
226.0, 210.86, .86, .93, .95, .97
222.0, 202.51, .85, .91, .95, .93
220.0, 208.25, .84, .90, .94, .98
220.0, 207.84, .83, .95, .94, .95
211.0, 212.61, .81, .94, .94, .98
215.0, 215.38, .82, .95, .95, .98
215.0, 211.74, .81, .92, .95, .97
220.0, 208.99, .86, .90, .93, .97
229.0, 216.57, .87, .94, .97, .98
218.0, 206.14, .85, .92, .93, .97
196.0, 197.74, .84, .91, .93, .92
160.0, 212.04, .82, .93, .94, .98
219.0, 204.78, .84, .95, .95, .94
203.0, 216.29, .84, .95, .96, 1.00
223.0, 206.75, .79, .91, .94, .98
214.0, 211.00, .87, .93, .95, .97
211.0, 209.64, .82, .91, .94, .97
223.0, 208.61, .83, .92, .93, .98
219.0, 209.66, .82, .91, .94, .98
223.0, 208.47, .83, .93, .94, .97
226.0, 210.26, .86, .92, .95, .97
218.0, 211.13, .80, .92, .94, .98
228.0, 210.99, .85, .93, .93, .98
219.0, 209.74, .81, .93, .93, .96
226.0, 212.76, .86, .95, .94, .99
224.0, 211.81, .86, .94, .96, .97
214.0, 211.64, .88, .91, .94, .98
230.0, 213.33, .84, .93, .95, .97
229.0, 218.03, .81, .93, .97, .99
208.0, 206.23, .83, .91, .94, .95
214.0, 208.09, .83, .91, .94, .94
227.0, 208.95, .86, .94, .95, .97
214.0, 209.32, .83, .91, .95, .98
209.0, 206.46, .83, .91, .92, .96
173.0, 208.59, .77, .91, .92, .97
214.0, 212.63, .86, .96, .95, .99
226.0, 205.22, .87, .94, .94, .93
204.0, 211.76, .84, .93, .95, .98
195.0, 212.83, .81, .92, .94, .99
159.0, 202.47, .81, .90, .93, .96
167.0, 208.92, .85, .92, .94, .97
212.0, 208.07, .79, .91, .95, .96
203.0, 212.03, .79, .92, .94, .99
226.0, 208.99, .89, .92, .95, .95
223.0, 216.13, .84, .94, .96, .99
220.0, 214.43, .87, .96, .96, .97
214.0, 206.31, .86, .95, .95, .94
224.0, 203.03, .82, .93, .91, .95
214.0, 214.15, .81, .93, .95, .98
209.0, 214.42, .81, .95, .97, .98
211.0, 210.81, .87, .94, .94, .98
211.0, 210.19, .84, .94, .95, .97
216.0, 214.71, .86, .94, .97, 1.00
206.0, 203.97, .85, .90, .94, .94
177.0, 209.97, .82, .96, .96, .97
229.0, 204.33, .84, .91, .94, .94
214.0, 206.64, .84, .91, .95, .94
221.0, 212.33, .83, .92, .96, .97
218.0, 213.16, .79, .91, .95, .97
215.0, 213.31, .83, .93, .97, .99
197.0, 211.36, .82, .92, .95, .97
221.0, 212.27, .87, .93, .97, .96
207.0, 213.95, .82, .92, .95, .99
231.0, 208.93, .80, .92, .94, .94
216.0, 214.63, .82, .93, .94, .99
174.0, 207.02, .76, .89, .94, .96
227.0, 206.45, .86, .91, .93, .94
216.0, 210.91, .86, .91, .95, .98
200.0, 210.20, .83, .93, .94, 1.00
227.0, 206.41, .87, .92, .93, .96
210.0, 214.14, .86, .93, .95, .98
212.0, 212.25, .81, .93, .95, .96
229.0, 211.62, .86, .93, .94, .99
207.0, 214.03, .86, .93, .96, .97
220.0, 210.50, .79, .91, .93, .98
209.0, 210.67, .82, .93, .94, .98
227.0, 208.46, .84, .94, .95, .93
221.0, 215.50, .86, .94, .95, 1.00
225.0, 219.06, .87, .94, .98, .99
220.0, 215.54, .88, .94, .96, .98
230.0, 209.57, .86, .90, .94, .99
215.0, 213.56, .84, .94, .95, .99
222.0, 215.47, .87, .95, .96, .98
177.0, 216.50, .84, .94, .97, .98
198.0, 210.87, .84, .93, .95, .97
200.0, 204.67, .84, .91, .93, .95
231.0, 216.02, .87, .95, .96, .98
162.0, 209.11, .78, .93, .94, .94
206.0, 217.13, .79, .93, .97, .98
179.0, 206.68, .81, .89, .93, .96
229.0, 204.02, .84, .93, .93, .94
171.0, 213.65, .80, .92, .95, .97
231.0, 214.11, .86, .94, .96, .97
210.0, 214.75, .83, .94, .96, .99
202.0, 207.81, .81, .91, .93, .97
230.0, 215.36, .88, .94, .96, .99
228.0, 211.69, .86, .91, .94, .98
219.0, 211.56, .79, .91, .95, .97
211.0, 208.02, .80, .91, .92, .98
175.0, 211.29, .82, .91, .95, .99
202.0, 210.11, .84, .93, .93, .99
215.0, 207.03, .84, .93, .94, 1.00
208.0, 206.86, .81, .94, .94, .97
219.0, 205.97, .81, .92, .93, .98
173.0, 212.14, .84, .92, .96, .97
171.0, 206.59, .81, .91, .96, .98
226.0, 202.38, .80, .93, .95, .95
214.0, 204.95, .85, .92, .95, .94
208.0, 208.08, .78, .93, .94, .99
207.0, 197.68, .83, .93, .92, .91
198.0, 212.56, .84, .95, .96, .99
208.0, 204.96, .86, .91, .95, .98
221.0, 209.87, .84, .94, .95, .99
164.0, 210.26, .81, .93, .95, .98
208.0, 204.57, .79, .94, .95, .94
213.0, 190.69, .82, .92, .92, .89
204.0, 198.03, .80, .90, .93, .93
200.0, 204.27, .78, .91, .95, .94
217.0, 214.70, .86, .95, .96, .99
158.0, 213.56, .85, .93, .97, .99
194.0, 211.82, .84, .94, .97, .99
220.0, 203.87, .82, .92, .94, .94
221.0, 203.14, .78, .93, .95, .93
214.0, 213.24, .81, .93, .96, .99
200.0, 209.32, .83, .91, .95, .98
205.0, 207.05, .82, .93, .95, .99
213.0, 196.42, .83, .92, .93, .92
207.0, 195.32, .88, .93, .92, .92
209.0, 207.82, .86, .94, .96, .96
214.0, 213.86, .82, .95, .97, .98
222.0, 207.22, .78, .92, .94, .95
222.0, 204.51, .85, .91, .95, .94
219.0, 211.33, .80, .93, .95, .98
218.0, 213.53, .84, .94, .97, 1.00
206.0, 205.97, .84, .92, .95, .96
199.0, 203.29, .77, .90, .94, .95
220.0, 214.13, .86, .95, .97, 1.00
222.0, 213.25, .79, .94, .98, .99
215.0, 205.30, .84, .90, .93, .96
210.0, 208.69, .85, .93, .96, 1.00
194.0, 204.79, .83, .92, .95, .95
212.0, 201.31, .85, .95, .94, .94
205.0, 201.40, .87, .94, .94, .94
208.0, 199.39, .76, .89, .93, .92
210.0, 207.61, .80, .92, .94, .98
204.0, 205.33, .82, .91, .95, .95
211.0, 205.50, .76, .91, .93, .97
220.0, 208.27, .81, .92, .94, .97
219.0, 208.41, .83, .92, .96, .96
212.0, 205.79, .84, .92, .94, .97
206.0, 204.17, .80, .92, .93, .97
170.0, 208.73, .82, .95, .95, .99
217.0, 208.03, .81, .92, .94, .99
225.0, 205.54, .83, .93, .95, .96
222.0, 208.12, .81, .94, .94, .99
209.0, 201.49, .84, .91, .93, .93
223.0, 209.58, .84, .93, .96, .99
192.0, 205.44, .79, .88, .94, .95
200.0, 206.67, .82, .93, .94, .95
212.0, 208.23, .82, .90, .95, .97
208.0, 207.05, .83, .93, .95, .95
181.0, 217.97, .84, .96, .96, .98
221.0, 215.92, .87, .95, .96, .99
213.0, 212.80, .83, .94, .95, .96
172.0, 210.21, .75, .88, .94, .95
228.0, 210.62, .88, .93, .95, .97
222.0, 213.85, .84, .93, .96, .97
225.0, 217.30, .86, .95, .96, 1.00
221.0, 213.17, .83, .92, .97, .99
222.0, 216.41, .87, .93, .95, .99
222.0, 210.96, .84, .92, .95, .99
212.0, 216.63, .84, .93, .96, .97
220.0, 217.46, .87, .90, .97, .99
208.0, 204.22, .83, .90, .92, .96
217.0, 209.23, .86, .93, .95, .99
212.0, 200.70, .83, .91, .93, .93
227.0, 213.77, .86, .94, .97, 1.00
215.0, 207.55, .79, .92, .95, .99
195.0, 214.75, .86, .95, .96, .99
225.0, 202.52, .82, .92, .92, .96
226.0, 214.47, .85, .92, .95, .98
168.0, 206.08, .78, .91, .93, .98
216.0, 214.30, .85, .94, .98, .99
218.0, 217.56, .84, .96, .98, 1.00
163.0, 199.95, .74, .91, .93, .92
216.0, 206.37, .85, .94, .93, .99
204.0, 204.64, .85, .91, .95, .94
192.0, 209.36, .84, .94, .95, .97
219.0, 211.31, .85, .94, .96, .98
224.0, 217.97, .81, .94, .98, 1.00
220.0, 206.00, .83, .93, .93, .97
170.0, 204.19, .80, .92, .95, .93
212.0, 212.47, .84, .95, .96, .98
209.0, 211.75, .87, .93, .95, .98
168.0, 209.40, .81, .92, .95, .99
232.0, 204.64, .86, .92, .93, .95
203.0, 209.97, .81, .92, .95, .97
199.0, 206.92, .84, .94, .93, .99
220.0, 215.51, .86, .94, .97, .99
171.0, 206.49, .78, .92, .94, .95
204.0, 209.61, .83, .93, .95, .97
216.0, 212.25, .86, .93, .96, .97
218.0, 217.72, .86, .94, .97, .99
189.0, 209.03, .83, .92, .94, .98
231.0, 212.99, .85, .91, .95, .98
214.0, 212.82, .87, .91, .97, .98
224.0, 209.56, .85, .93, .93, .96
212.0, 215.10, .82, .94, .95, .99
224.0, 212.89, .81, .91, .95, .98
215.0, 215.36, .83, .92, .94, .98
222.0, 212.25, .86, .94, .95, .98
227.0, 217.47, .88, .94, .98, 1.00
223.0, 214.75, .87, .94, .95, .97
220.0, 209.78, .83, .92, .94, .97
223.0, 216.19, .84, .94, .96, .99
222.0, 214.24, .88, .91, .95, .98
167.0, 202.91, .80, .93, .93, .92
222.0, 214.70, .86, .94, .98, .96
227.0, 200.42, .87, .92, .90, .95
212.0, 214.28, .82, .94, .96, .99
179.0, 208.03, .84, .91, .93, .96
217.0, 209.66, .81, .93, .93, .95
217.0, 214.03, .83, .93, .97, .97
230.0, 213.57, .85, .93, .94, .97
230.0, 213.42, .85, .92, .93, .96
213.0, 218.90, .87, .92, .96, .97
209.0, 211.53, .80, .91, .95, .96
219.0, 219.02, .79, .92, .96, .98
219.0, 216.35, .88, .95, .95, .99
216.0, 217.97, .86, .94, .96, .99
210.0, 212.14, .79, .90, .93, .97
218.0, 216.75, .86, .92, .95, .99
164.0, 212.17, .82, .94, .94, .96
224.0, 217.50, .85, .95, .96, .99
207.0, 210.69, .84, .93, .94, .96
229.0, 210.09, .90, .95, .94, .94
220.0, 215.49, .84, .91, .94, .98
209.0, 222.42, .89, .95, .96, .99
220.0, 220.59, .86, .94, .96, 1.00
223.0, 215.81, .88, .93, .95, .98
230.0, 219.51, .89, .94, .97, .99
205.0, 223.15, .82, .92, .97, .99
222.0, 214.81, .88, .94, .95, 1.00
195.0, 214.36, .82, .91, .94, .98
215.0, 211.97, .85, .91, .95, .97
180.0, 214.31, .82, .91, .96, .99
221.0, 217.36, .87, .92, .96, .98
216.0, 215.42, .82, .92, .95, .99
238.0, 218.31, .89, .92, .93, .99
237.0, 224.27, .90, .95, .97, .99
168.0, 216.65, .87, .92, .95, .95
184.0, 221.03, .90, .95, .96, .98
228.0, 223.23, .87, .93, .97, .99
228.0, 216.32, .89, .92, .95, .97
231.0, 217.81, .88, .91, .95, .97
185.0, 214.68, .85, .93, .95, .95
230.0, 220.26, .89, .92, .95, .98
213.0, 219.61, .84, .92, .95, .98
221.0, 224.25, .87, .93, .96, .99
223.0, 214.60, .83, .90, .94, .96
229.0, 223.34, .91, .91, .96, .98
202.0, 221.64, .88, .93, .95, 1.00
222.0, 215.45, .89, .92, .94, .97
222.0, 225.81, .88, .95, .98, 1.00
235.0, 217.36, .91, .92, .95, .96
182.0, 222.09, .88, .94, .96, .98
219.0, 220.55, .86, .94, .97, .97
238.0, 222.53, .93, .92, .96, .98
182.0, 217.74, .83, .91, .94, .97
224.0, 210.50, .83, .87, .92, .94
237.0, 222.30, .90, .93, .95, 1.00
232.0, 219.00, .86, .92, .94, .98
235.0, 219.59, .88, .89, .95, .96
217.0, 224.30, .88, .95, .97, .99
166.0, 215.36, .90, .91, .94, .97
229.0, 222.03, .86, .95, .95, .97
234.0, 222.70, .87, .92, .95, .99
232.0, 207.97, .86, .90, .93, .91
228.0, 220.52, .86, .92, .95, .98
212.0, 204.29, .88, .91, .94, .90
217.0, 221.23, .85, .92, .96, .99
234.0, 220.81, .90, .94, .95, .98
231.0, 221.01, .92, .92, .96, .99
178.0, 216.84, .82, .91, .95, .97
236.0, 221.92, .86, .93, .95, .96
205.0, 217.48, .79, .91, .94, .97
236.0, 224.16, .84, .92, .96, .98
229.0, 213.03, .85, .93, .95, .93
228.0, 221.96, .89, .95, .95, .98
215.0, 222.95, .88, .94, .97, 1.00
204.0, 226.81, .89, .94, .98, 1.00
172.0, 211.80, .84, .92, .94, .96
236.0, 221.64, .87, .94, .96, .98
230.0, 219.17, .88, .92, .95, .99
236.0, 218.33, .84, .93, .96, 1.00
232.0, 218.81, .87, .91, .95, .98
236.0, 223.84, .85, .93, .96, .98
220.0, 223.42, .89, .94, .97, .99
211.0, 217.76, .86, .91, .94, .98
232.0, 216.74, .89, .93, .95, .97
233.0, 220.45, .82, .92, .95, .99
166.0, 215.61, .89, .92, .94, .94
228.0, 214.81, .92, .93, .95, .94
236.0, 224.00, .89, .94, .96, .99
179.0, 215.03, .85, .93, .95, .99
176.0, 206.72, .81, .91, .92, .93
202.0, 217.05, .87, .94, .95, .98
175.0, 216.78, .79, .89, .94, .97
177.0, 215.19, .86, .94, .95, .96
228.0, 221.04, .86, .94, .97, .98
200.0, 214.17, .81, .91, .95, .96
215.0, 210.81, .87, .95, .94, .96
162.0, 215.23, .82, .92, .94, .97
222.0, 221.13, .83, .92, .94, .98
180.0, 224.63, .83, .94, .97, .99
214.0, 219.30, .84, .93, .97, .99
207.0, 214.77, .82, .91, .92, .97
217.0, 214.01, .87, .93, .94, .97
218.0, 219.96, .85, .93, .95, .98
228.0, 225.23, .87, .95, .98, 1.00
150.0, 217.56, .86, .92, .95, .97
225.0, 221.68, .89, .95, .96, 1.00
232.0, 220.11, .84, .90, .94, .98
224.0, 211.92, .88, .91, .94, .95
232.0, 221.97, .87, .93, .94, .98
180.0, 225.86, .85, .95, .97, .99
231.0, 210.51, .87, .93, .92, .95
231.0, 216.35, .83, .89, .93, .97
210.0, 220.63, .85, .92, .96, .99
172.0, 218.89, .83, .91, .94, .97
174.0, 215.59, .84, .92, .93, .97
228.0, 204.41, .82, .85, .95, .90
235.0, 222.95, .92, .95, .96, .98
167.0, 216.13, .85, .93, .95, .95
223.0, 217.05, .88, .92, .95, .95
227.0, 218.13, .89, .92, .93, .97
220.0, 215.90, .89, .92, .93, .96
223.0, 214.23, .83, .91, .94, .94
222.0, 202.29, .81, .90, .92, .89
235.0, 220.25, .89, .93, .94, .99
176.0, 218.93, .87, .93, .94, .98
223.0, 219.45, .88, .94, .96, .98
199.0, 217.49, .88, .92, .94, .97
233.0, 214.90, .88, .90, .93, .96
234.0, 220.44, .88, .92, .95, .96
231.0, 217.59, .89, .91, .95, .95
211.0, 222.91, .88, .94, .97, .99
237.0, 222.62, .88, .95, .96, 1.00
229.0, 219.66, .85, .92, .95, .97
222.0, 219.29, .87, .93, .95, .98
227.0, 214.94, .89, .92, .95, .95
228.0, 215.13, .85, .93, .96, .96
239.0, 225.42, .89, .95, .96, .99
230.0, 220.13, .91, .95, .96, .96
237.0, 218.94, .91, .95, .95, .98
218.0, 219.72, .88, .92, .93, .99
232.0, 226.06, .90, .94, .97, .99
216.0, 217.46, .86, .91, .93, .97
203.0, 214.70, .86, .93, .94, .96
227.0, 217.12, .83, .90, .95, .97
229.0, 213.88, .87, .92, .93, .96
217.0, 218.02, .83, .93, .95, .98
200.0, 214.21, .84, .92, .95, .96
191.0, 223.22, .88, .94, .96, 1.00
233.0, 210.89, .87, .93, .93, .96
224.0, 220.53, .87, .92, .94, .98
223.0, 216.81, .84, .93, .95, .96
223.0, 216.02, .85, .92, .94, .98
206.0, 213.58, .83, .93, .94, .95
216.0, 212.59, .88, .92, .95, .94
227.0, 227.06, .92, .95, .97, 1.00
213.0, 217.65, .84, .90, .96, .98
235.0, 214.35, .81, .92, .93, .96
229.0, 221.79, .88, .94, .96, .99
230.0, 225.01, .88, .92, .96, .98
230.0, 226.67, .89, .93, .96, .99
218.0, 218.58, .89, .95, .94, .99
230.0, 223.26, .85, .94, .96, .99
201.0, 212.54, .89, .93, .93, .94
229.0, 218.03, .87, .90, .94, .96
221.0, 222.86, .90, .94, .97, 1.00
224.0, 219.51, .88, .94, .95, .97
229.0, 214.86, .86, .88, .92, .98
174.0, 212.66, .80, .91, .94, .94
165.0, 213.18, .85, .90, .94, .94
223.0, 221.43, .87, .95, .94, .99
226.0, 216.25, .82, .93, .95, .96
221.0, 223.68, .87, .93, .95, .98
232.0, 218.54, .85, .92, .95, .97
217.0, 220.41, .90, .92, .95, .99
237.0, 221.04, .87, .93, .94, .97
172.0, 207.14, .80, .90, .90, .95
219.0, 207.14, .79, .91, .92, .92
226.0, 221.94, .90, .91, .95, .98
216.0, 222.36, .90, .92, .95, .98
237.0, 220.29, .90, .92, .95, .98
222.0, 217.48, .89, .94, .94, .98
232.0, 219.03, .87, .93, .95, .98
238.0, 224.84, .85, .90, .95, .99
227.0, 220.58, .87, .94, .96, .97
235.0, 220.78, .89, .94, .95, .97
233.0, 217.38, .91, .91, .93, .98
219.0, 223.66, .90, .93, .95, .97
231.0, 227.16, .89, .94, .97, .99
212.0, 227.09, .88, .94, .98, .99
227.0, 225.58, .87, .96, .97, 1.00
222.0, 227.09, .90, .94, .98, 1.00
240.0, 218.22, .90, .91, .94, .96
236.0, 219.95, .82, .91, .94, .99
230.0, 228.79, .91, .96, .97, .99
235.0, 223.29, .84, .91, .95, .98
202.0, 210.95, .81, .90, .92, .95
236.0, 219.60, .89, .94, .95, .98
211.0, 211.64, .88, .91, .92, .95
174.0, 216.12, .84, .91, .94, .97
214.0, 219.98, .88, .92, .96, .98
226.0, 221.59, .83, .94, .96, .98
221.0, 222.67, .88, .94, .95, 1.00
227.0, 216.84, .89, .89, .95, .97
213.0, 215.99, .89, .90, .94, .99
238.0, 213.21, .88, .90, .95, .95
220.0, 220.22, .88, .93, .95, .98
185.0, 213.82, .83, .90, .93, .97
226.0, 222.39, .86, .93, .95, .99
223.0, 227.02, .92, .97, .98, 1.00
236.0, 210.88, .89, .94, .93, .94
181.0, 222.32, .88, .92, .95, .99
224.0, 220.83, .87, .95, .94, .98
210.0, 211.53, .85, .92, .94, .96
183.0, 216.08, .83, .93, .93, .96
226.0, 220.85, .85, .94, .96, .97
230.0, 216.25, .89, .90, .95, .96
214.0, 223.68, .85, .92, .96, .97
221.0, 217.60, .88, .94, .95, .98
209.0, 211.34, .87, .92, .94, .94
226.0, 223.66, .89, .93, .98, .99
220.0, 215.69, .89, .93, .95, .97
168.0, 221.99, .89, .92, .94, .98
231.0, 214.20, .91, .92, .95, .95
225.0, 219.48, .85, .93, .94, .98
178.0, 215.04, .83, .90, .94, .97
239.0, 220.46, .84, .93, .96, .97
208.0, 209.67, .88, .93, .94, .92
216.0, 211.57, .86, .92, .92, .96
180.0, 209.83, .81, .91, .92, .96
216.0, 216.62, .84, .93, .94, .96
239.0, 218.00, .84, .94, .96, .96
210.0, 217.58, .87, .91, .96, .99
223.0, 223.71, .87, .93, .96, .99
233.0, 215.95, .88, .92, .94, .99
179.0, 219.31, .85, .91, .94, .96
223.0, 217.72, .85, .92, .94, .96
182.0, 216.19, .87, .90, .94, .97
217.0, 202.64, .82, .89, .92, .90
232.0, 222.86, .89, .94, .96, .99
216.0, 220.20, .83, .91, .96, .99
228.0, 214.35, .89, .91, .93, .96
233.0, 221.15, .88, .94, .95, .98
232.0, 224.45, .86, .93, .95, .98
213.0, 214.36, .90, .91, .94, .95
231.0, 218.85, .86, .91, .96, .98
198.0, 219.93, .86, .93, .95, .98
230.0, 215.42, .88, .92, .93, .97
227.0, 223.69, .90, .93, .98, 1.00
212.0, 222.35, .89, .94, .97, .97
231.0, 211.83, .86, .90, .93, .94
225.0, 213.01, .90, .94, .95, .94
204.0, 220.42, .85, .93, .95, .98
220.0, 214.94, .88, .92, .93, .97
179.0, 211.50, .85, .92, .93, .94
232.0, 212.42, .86, .89, .92, .93
225.0, 211.12, .87, .93, .94, .95
228.0, 219.79, .89, .93, .97, .99
218.0, 221.49, .89, .93, .96, .97
221.0, 214.62, .88, .92, .96, .96
174.0, 205.23, .83, .90, .93, .92
173.0, 213.58, .86, .92, .94, .97
232.0, 210.76, .89, .92, .94, .94
217.0, 218.51, .88, .93, .96, .96
222.0, 218.84, .86, .90, .94, .98
233.0, 202.15, .87, .92, .93, .90
214.0, 213.06, .88, .89, .94, .96
236.0, 214.39, .84, .92, .95, .95
235.0, 224.56, .89, .94, .97, 1.00
227.0, 221.86, .91, .95, .97, .96
233.0, 223.25, .86, .93, .95, .99
228.0, 219.40, .86, .91, .94, .98
231.0, 225.83, .89, .94, .97, 1.00
204.0, 217.92, .86, .91, .96, .97
159.0, 216.52, .86, .91, .94, .99
229.0, 221.89, .90, .94, .96, .96
234.0, 220.02, .86, .89, .96, .98
238.0, 218.81, .89, .93, .94, .97
182.0, 213.77, .86, .91, .92, .96
233.0, 218.66, .89, .93, .95, .98
241.0, 215.10, .90, .94, .93, .95
224.0, 215.06, .88, .93, .96, .93
233.0, 216.07, .84, .92, .93, .98
236.0, 225.92, .89, .93, .96, .99
234.0, 213.91, .86, .90, .94, .95
176.0, 219.63, .84, .92, .96, .98
203.0, 219.99, .84, .92, .95, .97
219.0, 221.61, .89, .94, .96, .98
186.0, 218.19, .90, .93, .96, .95
220.0, 219.96, .89, .93, .96, .97
226.0, 218.42, .88, .93, .94, .99
216.0, 220.00, .86, .92, .95, .98
228.0, 216.18, .91, .92, .94, .98
240.0, 224.95, .91, .94, .96, .99
241.0, 210.91, .88, .93, .93, .94
227.0, 215.73, .86, .92, .93, .97
217.0, 211.41, .83, .90, .94, .94
228.0, 224.33, .90, .94, .96, .99
227.0, 221.92, .87, .93, .94, .98
232.0, 212.33, .85, .92, .96, .94
221.0, 228.61, .89, .94, .98, 1.00
225.0, 214.14, .89, .90, .93, .95
246.0, 210.75, .87, .92, .94, .91
231.0, 223.54, .85, .92, .94, .99
184.0, 214.97, .89, .93, .93, .94
239.0, 220.51, .90, .92, .97, .97
224.0, 209.32, .90, .91, .93, .91
232.0, 223.28, .90, .94, .95, .98
214.0, 226.36, .86, .92, .97, .99
239.0, 218.86, .87, .93, .95, .97
234.0, 226.73, .86, .95, .97, .99
231.0, 216.74, .88, .92, .94, .94
236.0, 224.41, .90, .93, .95, .98
234.0, 226.02, .84, .92, .96, .98
235.0, 227.34, .91, .94, .96, .99
225.0, 219.30, .89, .93, .95, .96
231.0, 221.68, .91, .93, .95, .97
236.0, 219.85, .87, .92, .96, .97
202.0, 223.86, .80, .92, .96, .99
218.0, 223.31, .86, .93, .95, 1.00
223.0, 230.31, .91, .95, .98, 1.00
236.0, 227.62, .89, .94, .97, .99
212.0, 223.32, .84, .92, .95, .99
235.0, 226.36, .92, .96, .97, .99
220.0, 218.93, .92, .93, .94, 1.00
211.0, 215.09, .83, .89, .92, .96
215.0, 218.92, .88, .92, .96, .96
233.0, 227.70, .91, .95, .97, 1.00
166.0, 214.26, .80, .91, .93, .95
211.0, 212.50, .86, .93, .95, .93
237.0, 219.56, .88, .92, .96, .96
219.0, 222.41, .85, .92, .95, .99
232.0, 222.03, .92, .95, .94, 1.00
178.0, 227.15, .89, .96, .96, .99
213.0, 225.02, .90, .95, .95, .99
221.0, 213.75, .92, .93, .94, .93
232.0, 222.68, .86, .90, .94, .97
230.0, 223.17, .91, .93, .96, .97
221.0, 222.69, .88, .92, .96, .99
224.0, 223.86, .89, .92, .96, .98
236.0, 218.89, .87, .90, .94, .97
221.0, 224.54, .87, .93, .96, .99
188.0, 215.60, .88, .92, .95, .94
240.0, 215.13, .93, .92, .93, .95
210.0, 221.89, .85, .94, .94, 1.00
229.0, 214.61, .87, .91, .93, .97
232.0, 218.88, .88, .94, .94, .99
177.0, 210.35, .90, .92, .94, .91
175.0, 221.47, .75, .91, .94, .96
219.0, 213.47, .91, .91, .94, .93
178.0, 209.74, .85, .92, .95, .91
228.0, 223.58, .90, .94, .96, .99
222.0, 223.81, .84, .94, .96, .99
228.0, 222.52, .91, .96, .95, .96
224.0, 215.37, .85, .93, .94, .94
215.0, 211.86, .91, .91, .93, .93
233.0, 221.32, .87, .93, .94, .99
239.0, 219.81, .89, .93, .95, .97
238.0, 226.42, .92, .95, .97, 1.00
227.0, 218.69, .83, .92, .92, .97
218.0, 220.85, .86, .92, .95, .96
215.0, 224.13, .87, .93, .95, .98
217.0, 221.28, .85, .92, .96, .98
220.0, 222.31, .84, .93, .95, .98
197.0, 223.09, .86, .93, .94, .99
226.0, 213.25, .88, .95, .95, .94
225.0, 225.84, .90, .95, .96, 1.00
232.0, 219.23, .91, .97, .96, .98
233.0, 220.31, .89, .92, .95, 1.00
240.0, 219.98, .90, .91, .93, .97
225.0, 219.69, .83, .92, .95, .97
243.0, 220.42, .85, .94, .95, .97
168.0, 222.91, .83, .93, .96, .96
223.0, 217.93, .91, .92, .94, .96
218.0, 216.76, .86, .90, .93, .96
222.0, 224.98, .88, .95, .96, .99
224.0, 225.41, .91, .92, .95, .99
229.0, 217.66, .92, .93, .94, .96
234.0, 225.62, .89, .93, .97, .99
235.0, 225.53, .90, .93, .96, .98
244.0, 222.82, .86, .95, .96, .97
214.0, 226.65, .89, .93, .97, .99
214.0, 218.69, .87, .92, .94, .96
222.0, 224.88, .93, .93, .96, .98
187.0, 213.95, .86, .93, .93, .94
228.0, 212.15, .85, .91, .93, .93
173.0, 221.92, .85, .94, .96, .96
235.0, 220.68, .88, .93, .95, .96
225.0, 222.27, .87, .93, .95, .99
232.0, 226.85, .90, .95, .96, .99
173.0, 220.13, .87, .92, .93, .97
237.0, 223.93, .90, .95, .97, .97
229.0, 226.04, .89, .94, .96, .99
218.0, 215.39, .84, .92, .94, .93
210.0, 222.49, .88, .94, .95, .98
213.0, 217.50, .85, .89, .94, .97
240.0, 228.02, .91, .96, .97, .99
226.0, 221.54, .85, .94, .94, .97
217.0, 221.13, .90, .94, .94, .98
230.0, 218.10, .90, .92, .93, .98
232.0, 223.58, .83, .90, .95, .98
211.0, 218.82, .87, .93, .93, .99
220.0, 220.64, .90, .94, .95, .97
229.0, 223.51, .87, .93, .95, .98
241.0, 221.64, .92, .92, .95, .98
222.0, 220.92, .89, .91, .95, .96
214.0, 224.37, .89, .94, .96, .99
232.0, 224.73, .88, .94, .95, .97
242.0, 221.06, .87, .91, .95, 1.00
220.0, 223.31, .90, .94, .96, .98
195.0, 212.56, .81, .90, .92, .97
237.0, 221.53, .89, .93, .95, .98
178.0, 217.57, .85, .92, .95, .96
226.0, 210.65, .84, .90, .93, .92
228.0, 217.24, .89, .93, .96, .95
232.0, 227.13, .90, .95, .97, .99
178.0, 206.80, .86, .90, .95, .91
181.0, 218.64, .84, .90, .94, .97
232.0, 224.36, .83, .93, .96, .98
202.0, 222.28, .87, .93, .96, .99
168.0, 218.01, .85, .93, .94, .99
226.0, 216.50, .87, .92, .94, .94
234.0, 222.47, .88, .94, .96, .98
180.0, 218.73, .86, .94, .95, .97
216.0, 212.70, .88, .92, .95, .93
243.0, 218.62, .93, .92, .92, .98
228.0, 222.74, .89, .92, .96, .99
225.0, 223.04, .91, .92, .95, .97
216.0, 217.03, .84, .92, .95, .95
215.0, 224.82, .88, .93, .95, .99
227.0, 213.44, .83, .89, .95, .98
228.0, 218.11, .87, .92, .93, .98
225.0, 220.68, .87, .93, .94, .99
223.0, 219.93, .87, .92, .95, .99
168.0, 219.43, .86, .95, .95, .97
215.0, 212.10, .81, .90, .93, .97
214.0, 215.10, .87, .92, .93, .98
230.0, 218.22, .87, .93, .94, .97
237.0, 221.49, .90, .93, .96, 1.00
208.0, 217.77, .86, .94, .95, .99
231.0, 221.41, .87, .94, .96, 1.00
225.0, 209.31, .81, .91, .94, .94
221.0, 221.86, .88, .95, .96, .98
211.0, 212.74, .85, .91, .94, .96
228.0, 220.49, .86, .93, .94, .98
233.0, 217.00, .89, .91, .94, .97
222.0, 225.34, .84, .94, .97, .99
232.0, 223.41, .84, .91, .96, .98
237.0, 212.58, .88, .93, .93, .94
235.0, 222.89, .88, .93, .96, .99
235.0, 225.69, .90, .95, .97, .99
214.0, 221.38, .90, .94, .95, .97
221.0, 218.36, .83, .90, .93, .96
226.0, 224.56, .87, .93, .96, .99
226.0, 219.35, .84, .93, .94, .97
217.0, 213.90, .84, .93, .94, .93
212.0, 221.10, .83, .94, .95, .98
217.0, 217.97, .85, .93, .93, .97
234.0, 213.48, .86, .90, .93, .94
227.0, 225.23, .89, .94, .97, .99
228.0, 221.20, .91, .93, .96, .99
226.0, 218.80, .89, .93, .95, .97
215.0, 224.02, .86, .95, .97, .98
218.0, 219.76, .86, .93, .96, .99
227.0, 219.02, .88, .93, .95, .98
235.0, 219.53, .89, .94, .95, .98
231.0, 210.28, .90, .95, .94, .94
224.0, 219.77, .91, .94, .96, .96
237.0, 218.97, .86, .91, .93, .97
232.0, 221.38, .87, .92, .95, .99
222.0, 222.59, .84, .92, .96, .98
223.0, 222.58, .87, .94, .95, .98
223.0, 216.12, .83, .90, .93, .98
213.0, 218.12, .89, .93, .95, .96
183.0, 217.56, .84, .92, .94, .96
238.0, 220.79, .87, .92, .95, .99
226.0, 217.56, .81, .90, .93, .95
234.0, 215.19, .91, .92, .94, .98
225.0, 225.57, .89, .94, .96, .98
203.0, 224.69, .87, .94, .97, .99
234.0, 219.52, .86, .94, .96, .96
239.0, 221.96, .90, .92, .95, .99
178.0, 220.97, .82, .90, .94, .97
244.0, 222.26, .88, .95, .95, .99
209.0, 229.38, .89, .93, .98, 1.00
227.0, 223.00, .90, .94, .96, .99
237.0, 221.37, .89, .94, .95, .97
218.0, 224.47, .88, .93, .97, .99
233.0, 219.06, .88, .93, .95, .96
236.0, 214.47, .89, .93, .95, .93
230.0, 218.99, .91, .93, .95, .96
178.0, 218.72, .85, .92, .94, .97
214.0, 214.75, .91, .93, .95, .93
214.0, 221.29, .84, .93, .95, .98
236.0, 221.90, .88, .92, .96, .98
234.0, 216.70, .91, .95, .95, .96
236.0, 224.86, .92, .95, .95, .99
229.0, 218.22, .88, .94, .94, .97
204.0, 223.92, .86, .92, .96, .97
231.0, 223.67, .86, .93, .97, .99
230.0, 219.85, .87, .92, .95, .99
237.0, 223.66, .89, .92, .96, .99
207.0, 221.92, .87, .92, .95, .97
219.0, 223.67, .86, .94, .97, .98
181.0, 224.63, .89, .93, .95, .98
230.0, 221.23, .91, .94, .94, .99
183.0, 217.61, .88, .88, .93, .96
220.0, 224.11, .86, .92, .95, .97
222.0, 221.37, .89, .94, .95, .99
218.0, 217.07, .90, .90, .94, .95
236.0, 216.37, .90, .91, .95, .94
239.0, 228.14, .90, .93, .97, 1.00
227.0, 224.63, .91, .94, .95, .97
229.0, 228.58, .91, .93, .97, .99
215.0, 216.07, .88, .91, .94, .96
203.0, 213.67, .90, .91, .93, .96
221.0, 222.60, .88, .93, .95, .98
211.0, 218.22, .87, .92, .93, .96
169.0, 208.46, .87, .91, .94, .90
233.0, 222.62, .90, .91, .95, .98
240.0, 226.26, .87, .95, .97, .99
225.0, 225.91, .87, .93, .95, .98
242.0, 227.37, .91, .94, .96, .98
229.0, 224.31, .89, .91, .96, .99
179.0, 220.54, .84, .92, .96, .95
220.0, 222.76, .92, .92, .94, .97
232.0, 218.91, .90, .91, .94, .95
217.0, 220.30, .90, .95, .96, .96
212.0, 221.42, .90, .94, .97, .95
240.0, 224.43, .90, .93, .95, .99
239.0, 231.12, .93, .96, .98, 1.00
226.0, 230.34, .91, .94, .97, 1.00
214.0, 224.42, .79, .90, .94, .99
226.0, 216.17, .86, .93, .94, .95
188.0, 221.64, .90, .92, .95, .98
200.0, 221.01, .81, .89, .95, .98
240.0, 219.85, .91, .94, .93, .96
203.0, 227.19, .92, .93, .95, .99
238.0, 219.38, .91, .92, .94, .95
232.0, 225.25, .91, .95, .95, .97
239.0, 224.25, .88, .92, .95, .99
238.0, 231.53, .93, .96, .98, .99
223.0, 225.22, .90, .95, .96, 1.00
228.0, 227.51, .91, .95, .95, 1.00
231.0, 222.86, .85, .92, .94, .96
221.0, 229.56, .92, .95, .97, 1.00
225.0, 219.81, .86, .91, .94, .96
229.0, 225.96, .90, .92, .96, .98
226.0, 222.62, .86, .93, .95, .97
181.0, 216.56, .88, .89, .94, .94
241.0, 215.17, .92, .94, .94, .93
217.0, 213.00, .81, .90, .93, .94
232.0, 217.21, .85, .91, .93, .96
172.0, 223.99, .85, .91, .96, .99
210.0, 221.81, .82, .91, .93, .98
215.0, 225.24, .90, .93, .95, .99
220.0, 221.11, .83, .90, .93, .98
236.0, 227.98, .88, .95, .97, .99
241.0, 225.63, .92, .94, .96, .99
213.0, 215.40, .89, .94, .95, .95
200.0, 223.26, .92, .93, .96, .98
235.0, 225.48, .90, .92, .95, .98
210.0, 220.22, .91, .93, .95, .97
240.0, 219.95, .88, .93, .93, .98
224.0, 219.41, .80, .89, .93, .97
226.0, 215.13, .91, .92, .94, .94
219.0, 223.12, .90, .92, .96, .98
231.0, 223.16, .94, .94, .96, .98
229.0, 227.44, .89, .94, .98, .98
218.0, 221.45, .87, .91, .95, .97
240.0, 223.60, .92, .93, .96, .99
222.0, 226.32, .85, .91, .94, .97
210.0, 224.25, .92, .94, .96, .97
234.0, 218.64, .90, .94, .95, .95
211.0, 212.03, .86, .91, .93, .93
215.0, 213.30, .88, .90, .92, .96
229.0, 214.64, .87, .91, .96, .94
169.0, 219.97, .82, .93, .94, .97
233.0, 211.81, .88, .90, .94, .94
243.0, 218.65, .92, .92, .96, .96
236.0, 209.02, .89, .91, .95, .91
178.0, 221.02, .85, .94, .94, .96
238.0, 226.65, .92, .96, .96, .98
242.0, 216.67, .87, .90, .93, .96
228.0, 221.31, .87, .92, .94, .99
222.0, 218.11, .90, .92, .95, .95
209.0, 224.18, .90, .94, .96, .99
215.0, 213.90, .88, .92, .93, .96
185.0, 218.04, .86, .91, .94, .95
238.0, 219.90, .88, .89, .94, .96
233.0, 216.10, .84, .90, .94, .94
216.0, 222.25, .89, .92, .94, .98
233.0, 224.97, .90, .94, .95, .98
233.0, 215.73, .88, .93, .95, .95
238.0, 215.27, .90, .91, .94, .96
217.0, 219.53, .91, .93, .95, .99
217.0, 227.17, .86, .93, .95, .99
238.0, 213.30, .81, .89, .93, .93
235.0, 222.98, .92, .93, .96, .99
235.0, 219.85, .85, .92, .93, .96
231.0, 217.67, .88, .95, .95, .96
243.0, 216.49, .91, .93, .93, .98
240.0, 213.52, .83, .89, .92, .94
226.0, 221.12, .87, .92, .95, .97
233.0, 217.58, .90, .92, .94, .96
240.0, 227.91, .93, .94, .96, .99
241.0, 221.06, .85, .92, .94, .98
221.0, 222.11, .87, .94, .94, .98
226.0, 222.74, .91, .92, .96, .97
236.0, 209.98, .88, .93, .94, .93
241.0, 219.15, .88, .93, .93, .99
218.0, 224.03, .84, .93, .95, .98
234.0, 220.10, .92, .94, .93, .98
220.0, 215.98, .90, .92, .93, .96
241.0, 209.56, .89, .94, .91, .91
203.0, 225.71, .90, .95, .96, .98
205.0, 218.69, .90, .91, .95, .95
237.0, 222.79, .91, .93, .96, .97
214.0, 226.54, .92, .91, .95, .98
184.0, 226.26, .83, .92, .95, .98
232.0, 221.86, .92, .90, .94, .96
228.0, 220.83, .91, .93, .95, .98
223.0, 218.74, .90, .95, .94, .98
227.0, 220.64, .89, .93, .95, .95
238.0, 220.78, .89, .93, .95, .95
176.0, 222.56, .82, .90, .94, .98
232.0, 212.90, .92, .93, .95, .92
227.0, 228.47, .92, .94, .96, 1.00
228.0, 220.52, .88, .92, .95, .96
214.0, 220.42, .88, .92, .95, .97
216.0, 224.53, .91, .93, .95, .99
219.0, 221.74, .85, .92, .94, .97
223.0, 226.44, .88, .93, .95, .99
237.0, 225.25, .90, .91, .94, .99
227.0, 222.26, .86, .92, .97, .97
241.0, 232.27, .92, .97, .98, 1.00
238.0, 215.56, .84, .90, .93, .96
182.0, 209.54, .87, .91, .94, .91
230.0, 219.92, .91, .94, .95, .97
225.0, 223.79, .88, .90, .95, .97
222.0, 223.89, .89, .95, .95, .98
210.0, 223.64, .87, .96, .97, .98
246.0, 224.95, .94, .94, .96, .98
235.0, 223.14, .92, .93, .94, .98
228.0, 219.76, .90, .91, .93, .98
180.0, 218.56, .82, .94, .94, .96
231.0, 227.30, .89, .91, .96, .98
229.0, 228.81, .89, .93, .96, .99
241.0, 219.88, .84, .93, .94, .97
212.0, 220.53, .85, .94, .94, .95
221.0, 220.14, .92, .92, .95, .98
241.0, 222.06, .90, .92, .94, .98
207.0, 219.02, .89, .92, .95, .95
246.0, 216.72, .90, .91, .94, .93
234.0, 221.18, .88, .93, .92, .98
235.0, 219.11, .87, .92, .93, .96
229.0, 232.95, .87, .95, .98, 1.00
236.0, 221.97, .90, .91, .96, .97
237.0, 230.59, .86, .91, .97, .99
226.0, 213.91, .79, .86, .92, .97
242.0, 215.48, .92, .95, .93, .94
228.0, 228.22, .89, .94, .96, .99
222.0, 219.38, .92, .96, .94, .97
228.0, 222.45, .87, .93, .94, .97
243.0, 215.84, .91, .95, .92, .96
235.0, 227.29, .90, .94, .96, .99
238.0, 221.74, .89, .90, .94, .98
122.0, 227.65, .88, .91, .95, .99
177.0, 214.22, .80, .89, .92, .95
172.0, 228.40, .87, .94, .97, .99
235.0, 220.50, .86, .93, .95, .95
230.0, 228.76, .90, .94, .98, 1.00
179.0, 228.64, .85, .92, .96, .97
221.0, 204.55, .87, .90, .93, .88
236.0, 223.68, .88, .93, .94, .99
213.0, 215.97, .87, .93, .95, .94
250.0, 221.21, .89, .92, .95, .95
235.0, 216.00, .91, .92, .93, .95
213.0, 215.10, .90, .91, .92, .93
230.0, 222.81, .90, .91, .94, .97
233.0, 222.47, .89, .92, .94, .98
232.0, 216.12, .86, .90, .93, .94
240.0, 223.50, .94, .92, .95, .99
216.0, 220.45, .92, .93, .96, .97
214.0, 221.60, .86, .93, .95, .96
226.0, 210.52, .86, .93, .93, .91
225.0, 227.19, .91, .95, .97, 1.00
227.0, 219.29, .91, .93, .96, .95
225.0, 218.61, .90, .91, .93, .96
217.0, 222.64, .89, .91, .94, .97
238.0, 223.97, .93, .95, .93, .98
226.0, 225.54, .89, .93, .95, .99
169.0, 221.87, .88, .94, .95, .96
233.0, 217.01, .86, .91, .93, .96
220.0, 215.44, .88, .91, .91, .95
238.0, 226.96, .85, .92, .94, .99
181.0, 214.44, .81, .88, .92, .94
209.0, 223.46, .86, .92, .95, .96
219.0, 227.20, .92, .94, .96, 1.00
225.0, 221.79, .88, .90, .95, .97
241.0, 227.03, .91, .94, .94, .97
211.0, 223.98, .91, .93, .94, .99
236.0, 224.04, .90, .94, .93, .97
234.0, 219.89, .92, .95, .96, .96
217.0, 226.91, .90, .94, .95, .98
178.0, 224.48, .89, .93, .96, .98
238.0, 217.65, .85, .91, .95, .94
234.0, 224.27, .85, .91, .96, .99
237.0, 219.38, .87, .90, .93, .97
239.0, 219.62, .91, .95, .95, .95
228.0, 231.50, .91, .95, .98, 1.00
220.0, 221.93, .85, .90, .95, .97
236.0, 218.01, .88, .91, .92, .96
225.0, 224.95, .92, .93, .95, .98
227.0, 225.36, .90, .93, .95, .99
241.0, 225.76, .90, .92, .95, .99
223.0, 223.27, .88, .92, .94, .99
220.0, 222.42, .90, .93, .94, 1.00
168.0, 224.86, .86, .94, .95, .98
215.0, 209.70, .85, .91, .94, .91
227.0, 221.71, .86, .92, .93, .97
229.0, 227.19, .90, .94, .97, .99
200.0, 215.49, .84, .92, .91, .96
212.0, 215.58, .85, .92, .95, .93
185.0, 225.24, .88, .93, .96, .99
228.0, 223.47, .91, .93, .95, .97
203.0, 222.58, .91, .93, .93, .99
220.0, 226.96, .89, .93, .95, .99
243.0, 224.32, .92, .94, .94, .96
184.0, 224.33, .88, .92, .94, .98
213.0, 223.32, .89, .93, .96, .96
240.0, 222.93, .89, .92, .93, .98
231.0, 226.42, .86, .91, .96, .97
230.0, 217.82, .89, .90, .93, .96
224.0, 220.44, .89, .92, .96, .96
194.0, 226.16, .90, .93, .94, .98
204.0, 227.07, .90, .93, .95, .98
242.0, 226.96, .90, .93, .95, .98
239.0, 227.81, .86, .93, .96, .98
212.0, 227.00, .90, .94, .95, .99
219.0, 226.94, .89, .93, .96, .99
209.0, 218.67, .90, .92, .95, .96
235.0, 224.24, .90, .94, .95, .99
220.0, 213.74, .87, .91, .95, .92
218.0, 223.91, .91, .92, .94, .99
239.0, 228.97, .92, .93, .96, .99
177.0, 232.31, .90, .94, .97, .99
217.0, 223.17, .86, .92, .96, .97
228.0, 210.08, .88, .90, .93, .91
220.0, 222.06, .85, .92, .93, .97
238.0, 226.84, .93, .92, .95, .98
217.0, 225.11, .90, .92, .95, .99
179.0, 212.97, .89, .90, .93, .92
215.0, 226.29, .90, .93, .95, .99
233.0, 225.79, .90, .94, .95, .99
239.0, 221.70, .85, .90, .94, .97
185.0, 227.18, .83, .90, .95, .98
215.0, 214.64, .88, .90, .93, .94
213.0, 218.03, .90, .93, .93, .96
225.0, 223.84, .89, .94, .95, 1.00
230.0, 222.69, .84, .93, .93, .96
237.0, 225.36, .84, .91, .95, .99
230.0, 215.05, .85, .90, .92, .95
239.0, 233.28, .90, .94, .97, .99
244.0, 226.62, .94, .93, .96, .98
234.0, 221.08, .88, .91, .95, .96
239.0, 224.67, .93, .93, .96, .99
240.0, 223.36, .90, .92, .95, .98
227.0, 226.25, .94, .93, .95, .98
244.0, 226.44, .92, .93, .97, .98
228.0, 227.02, .88, .94, .95, .99
229.0, 221.14, .86, .94, .95, .96
212.0, 220.06, .89, .92, .95, .94
246.0, 227.87, .92, .93, .96, .98
231.0, 224.25, .90, .91, .94, .99
206.0, 233.70, .91, .95, .98, 1.00
204.0, 207.75, .87, .91, .93, .88
229.0, 228.22, .93, .94, .97, 1.00
182.0, 217.35, .89, .93, .94, .97
230.0, 218.50, .93, .94, .94, .95
229.0, 218.93, .88, .91, .94, .96
226.0, 227.25, .92, .94, .95, 1.00
207.0, 226.76, .90, .93, .95, .98
182.0, 219.85, .86, .89, .95, .97
226.0, 225.09, .82, .91, .94, .97
222.0, 228.77, .91, .93, .95, .99
206.0, 221.97, .88, .93, .94, .98
218.0, 226.98, .88, .94, .95, .98
187.0, 229.12, .83, .93, .96, .97
243.0, 224.09, .85, .91, .94, .97
233.0, 224.31, .92, .93, .94, .97
222.0, 227.96, .92, .96, .96, .97
224.0, 223.98, .90, .93, .95, .99
237.0, 222.88, .87, .93, .96, .99
217.0, 221.90, .84, .90, .94, .96
218.0, 223.68, .88, .93, .96, .99
237.0, 226.65, .90, .94, .97, .98
234.0, 226.54, .90, .95, .96, .99
232.0, 228.75, .92, .94, .97, .99
235.0, 221.42, .86, .93, .95, .97
210.0, 221.54, .91, .94, .95, .97
231.0, 223.22, .91, .95, .96, .99
193.0, 223.35, .89, .93, .96, .97
231.0, 218.63, .88, .93, .93, .98
242.0, 226.22, .90, .94, .96, .99
231.0, 207.50, .86, .90, .93, .91
232.0, 224.62, .90, .94, .96, .99
232.0, 224.53, .88, .94, .95, .97
234.0, 221.63, .89, .91, .94, .98
215.0, 225.13, .89, .92, .96, .98
239.0, 221.35, .88, .94, .93, .98
220.0, 219.39, .87, .92, .95, .97
229.0, 218.95, .90, .90, .95, .97
231.0, 223.68, .88, .94, .96, .97
245.0, 218.71, .91, .93, .94, .95
225.0, 229.23, .90, .95, .96, .99
209.0, 228.70, .91, .93, .96, .99
232.0, 214.07, .86, .92, .93, .94
218.0, 220.41, .83, .93, .97, .95
227.0, 231.69, .92, .96, .97, .99
208.0, 228.83, .89, .95, .97, .99
209.0, 225.30, .92, .94, .95, .99
235.0, 211.89, .91, .91, .91, .95
242.0, 223.68, .89, .94, .96, .98
231.0, 216.47, .86, .90, .94, .94
167.0, 231.42, .82, .93, .97, .99
222.0, 210.09, .87, .88, .91, .94
233.0, 227.52, .93, .93, .96, .98
180.0, 213.20, .85, .91, .93, .93
208.0, 224.15, .88, .94, .95, .97
224.0, 224.81, .89, .93, .96, .99
226.0, 222.19, .89, .91, .95, .97
217.0, 221.06, .86, .92, .94, .96
240.0, 212.53, .91, .92, .95, .91
219.0, 224.97, .86, .93, .95, .98
236.0, 218.32, .86, .93, .96, .94
224.0, 212.28, .83, .89, .93, .93
237.0, 210.72, .88, .90, .94, .93
209.0, 225.85, .90, .94, .96, 1.00
166.0, 219.85, .85, .91, .94, .97
196.0, 219.68, .85, .89, .94, .99
236.0, 220.61, .84, .92, .93, .99
216.0, 226.27, .86, .93, .96, .99
237.0, 229.60, .91, .95, .97, .99
245.0, 216.19, .87, .93, .95, .93
236.0, 232.30, .89, .94, .96, 1.00
201.0, 227.47, .87, .94, .96, 1.00
222.0, 225.47, .91, .92, .94, .99
220.0, 226.92, .91, .91, .96, .99
235.0, 224.06, .83, .91, .94, .97
220.0, 226.79, .89, .94, .97, 1.00
180.0, 217.87, .85, .89, .94, .94
181.0, 224.38, .88, .92, .95, .99
233.0, 224.59, .94, .94, .96, .96
228.0, 225.77, .88, .92, .96, .98
225.0, 218.79, .85, .92, .94, .94
237.0, 226.15, .88, .93, .95, .98
213.0, 224.83, .88, .93, .95, .99
238.0, 227.11, .90, .95, .97, 1.00
217.0, 227.21, .89, .94, .96, .99
228.0, 225.03, .90, .94, .95, .96
242.0, 219.53, .91, .91, .97, .94
181.0, 222.47, .80, .91, .94, .98
207.0, 212.98, .88, .91, .91, .97
229.0, 218.31, .85, .92, .96, .94
222.0, 228.45, .90, .94, .96, 1.00
224.0, 222.79, .88, .92, .95, .96
239.0, 228.56, .91, .95, .96, .98
236.0, 220.36, .88, .92, .93, .96
245.0, 218.75, .93, .92, .92, .95
214.0, 223.10, .86, .91, .93, .97
244.0, 227.54, .92, .95, .97, .98
234.0, 218.21, .89, .92, .95, .96
219.0, 213.56, .92, .92, .95, .93
211.0, 215.92, .87, .89, .93, .95
215.0, 219.97, .91, .92, .94, .96
232.0, 226.98, .89, .95, .97, .98
185.0, 225.41, .88, .92, .96, .98
237.0, 222.21, .90, .94, .94, .97
234.0, 230.13, .92, .95, .97, 1.00
177.0, 206.30, .88, .92, .92, .90
224.0, 219.81, .83, .94, .96, .93
229.0, 226.19, .90, .94, .95, 1.00
185.0, 222.18, .91, .92, .95, .97
224.0, 224.31, .88, .91, .94, .98
208.0, 212.98, .88, .91, .92, .94
229.0, 219.73, .90, .93, .92, .97
209.0, 226.25, .88, .93, .95, .99
240.0, 225.02, .90, .94, .97, .97
211.0, 222.55, .87, .90, .96, .96
233.0, 223.32, .89, .93, .95, .97
225.0, 228.88, .92, .94, .96, .99
207.0, 228.07, .91, .96, .96, .99
239.0, 226.04, .91, .94, .95, .99
223.0, 227.63, .92, .95, .96, .98
200.0, 219.84, .86, .91, .94, .97
231.0, 227.63, .91, .92, .96, .99
180.0, 219.87, .87, .90, .95, .96
211.0, 216.04, .87, .91, .93, .95
242.0, 224.30, .91, .93, .94, .98
240.0, 222.38, .93, .95, .94, .96
243.0, 229.27, .92, .94, .96, .99
235.0, 220.52, .90, .90, .94, .97
234.0, 219.44, .81, .91, .93, .96
179.0, 226.22, .86, .91, .94, .97
230.0, 227.04, .91, .92, .96, .97
217.0, 216.16, .89, .93, .94, .93
231.0, 222.52, .92, .92, .97, .96
241.0, 219.59, .92, .94, .93, .96
244.0, 230.88, .89, .94, .97, 1.00
182.0, 224.15, .87, .92, .95, .99
221.0, 220.56, .89, .92, .94, .96
184.0, 213.15, .87, .91, .93, .95
230.0, 226.79, .89, .93, .95, .97
239.0, 226.07, .92, .94, .96, .99
237.0, 223.76, .90, .91, .95, .96
245.0, 226.19, .90, .94, .96, .98
236.0, 227.33, .91, .91, .95, .98
234.0, 224.75, .90, .92, .95, .98
226.0, 220.31, .91, .92, .93, .98
239.0, 222.33, .87, .94, .94, .96
235.0, 222.73, .88, .94, .94, .98
227.0, 222.43, .88, .91, .94, .97
233.0, 229.47, .92, .94, .97, .99
225.0, 228.09, .88, .92, .98, .99
231.0, 216.44, .85, .89, .93, .93
190.0, 204.87, .93, .89, .92, .88
234.0, 227.36, .89, .94, .96, .98
226.0, 218.29, .89, .90, .94, .96
232.0, 228.05, .91, .93, .96, .99
209.0, 222.95, .90, .95, .95, .96
209.0, 223.57, .89, .93, .94, .96
232.0, 226.53, .88, .93, .95, .99
224.0, 224.25, .90, .94, .95, 1.00
222.0, 226.50, .89, .92, .95, .98
223.0, 210.97, .91, .94, .93, .91
218.0, 220.86, .86, .90, .94, .97
244.0, 227.21, .92, .93, .95, .99
231.0, 227.82, .92, .95, .96, .97
237.0, 220.86, .80, .89, .93, .95
232.0, 221.69, .88, .95, .95, .96
230.0, 220.91, .93, .91, .94, .94
227.0, 221.67, .86, .90, .95, .97
218.0, 222.23, .87, .92, .94, .96
237.0, 214.84, .93, .91, .93, .93
228.0, 226.15, .91, .95, .95, .99
215.0, 228.25, .87, .94, .96, 1.00
202.0, 208.92, .87, .91, .92, .91
244.0, 220.82, .86, .90, .95, .96
233.0, 224.51, .93, .95, .97, .95
214.0, 220.27, .90, .91, .95, .96
246.0, 231.56, .91, .94, .97, .99
178.0, 221.34, .88, .90, .94, .95
233.0, 219.35, .88, .92, .93, .96
218.0, 221.55, .86, .88, .95, .96
175.0, 223.82, .88, .91, .94, .97
222.0, 223.26, .87, .92, .93, .99
221.0, 218.00, .92, .94, .95, .95
221.0, 225.73, .90, .94, .95, .99
235.0, 222.84, .94, .92, .95, .99
241.0, 228.38, .92, .94, .96, .98
209.0, 218.20, .85, .90, .93, .94
234.0, 225.38, .93, .94, .94, .99
228.0, 223.11, .90, .92, .94, .97
217.0, 213.00, .90, .89, .93, .94
241.0, 221.22, .92, .94, .95, .96
226.0, 226.52, .86, .91, .95, .99
207.0, 229.53, .90, .94, .97, .99
220.0, 223.85, .89, .91, .94, .98
233.0, 222.00, .93, .91, .94, .95
234.0, 231.69, .91, .93, .96, .99
246.0, 230.41, .86, .92, .96, .99
224.0, 220.39, .83, .91, .93, .94
230.0, 221.76, .90, .90, .94, .98
229.0, 228.41, .89, .94, .95, .99
239.0, 221.02, .86, .93, .93, .94
208.0, 230.66, .90, .93, .97, .99
236.0, 222.98, .90, .93, .94, .97
240.0, 221.65, .89, .92, .94, .96
240.0, 221.58, .90, .92, .96, .96
191.0, 226.37, .88, .91, .96, .98
226.0, 223.54, .93, .93, .94, .99
231.0, 227.99, .89, .93, .98, 1.00
249.0, 225.39, .89, .93, .94, .97
226.0, 223.31, .86, .91, .95, .98
239.0, 223.40, .84, .92, .94, .99
230.0, 217.05, .88, .88, .96, .95
239.0, 213.74, .93, .90, .92, .93
235.0, 229.62, .89, .91, .95, .99
237.0, 222.98, .90, .94, .95, .94
243.0, 232.09, .87, .93, .97, 1.00
221.0, 228.79, .87, .93, .96, .98
221.0, 207.75, .85, .90, .92, .89
186.0, 219.06, .82, .93, .94, .94
205.0, 218.42, .86, .89, .93, .94
216.0, 216.32, .83, .89, .91, .94
233.0, 226.62, .90, .93, .95, .99
208.0, 225.81, .89, .95, .95, .98
240.0, 231.31, .94, .95, .98, .99
244.0, 227.06, .92, .94, .95, .99
238.0, 224.36, .85, .91, .95, .99
231.0, 227.31, .92, .94, .95, .99
239.0, 225.65, .87, .90, .94, .98
240.0, 222.14, .90, .90, .93, .97
221.0, 227.40, .94, .96, .96, .97
218.0, 217.18, .90, .91, .94, .94
233.0, 228.52, .89, .93, .95, .99
218.0, 226.97, .89, .92, .94, .99
237.0, 224.24, .85, .92, .95, .96
239.0, 228.34, .90, .94, .95, .99
222.0, 207.32, .91, .92, .92, .90
243.0, 217.91, .85, .88, .92, .94
228.0, 225.87, .89, .93, .96, .99
240.0, 232.41, .93, .96, .97, 1.00
227.0, 229.77, .88, .94, .95, .99
238.0, 230.18, .90, .91, .96, .99
227.0, 226.71, .92, .93, .94, .98
225.0, 223.97, .88, .93, .94, .98
242.0, 227.47, .94, .95, .94, .97
235.0, 225.44, .87, .93, .96, .97
237.0, 221.93, .86, .92, .95, .96
231.0, 226.87, .87, .91, .96, .99
188.0, 226.69, .90, .95, .97, .98
228.0, 217.19, .87, .89, .93, .95
228.0, 213.79, .87, .92, .93, .94
235.0, 222.20, .92, .93, .93, .99
208.0, 228.79, .91, .95, .95, .99
244.0, 219.71, .94, .93, .91, .95
242.0, 223.91, .90, .91, .95, .98
244.0, 224.86, .94, .93, .95, .97
226.0, 229.44, .91, .95, .96, .99
248.0, 228.27, .93, .93, .96, .99
220.0, 228.86, .94, .93, .96, .99
180.0, 211.45, .83, .88, .91, .93
178.0, 225.34, .87, .93, .96, .98
217.0, 228.68, .87, .95, .95, .98
232.0, 225.68, .92, .92, .96, .99
225.0, 224.92, .88, .94, .95, .97
229.0, 222.88, .90, .93, .95, .99
229.0, 228.09, .90, .95, .96, 1.00
238.0, 224.06, .90, .91, .95, .96
229.0, 227.14, .90, .93, .96, .98
234.0, 230.50, .92, .93, .97, .98
241.0, 228.97, .87, .92, .95, .99
227.0, 228.86, .88, .93, .95, .99
243.0, 228.73, .90, .94, .97, .99
202.0, 215.31, .91, .92, .94, .92
223.0, 228.41, .90, .93, .96, .99
223.0, 227.30, .93, .94, .95, .99
245.0, 228.52, .90, .95, .96, .98
234.0, 225.21, .90, .93, .95, .96
166.0, 225.73, .86, .92, .94, .98
240.0, 226.89, .94, .95, .97, .97
242.0, 223.03, .90, .93, .94, .96
183.0, 220.68, .87, .93, .94, .94
222.0, 226.58, .92, .95, .96, .97
232.0, 203.65, .89, .91, .94, .88
232.0, 229.09, .89, .94, .96, .99
239.0, 216.62, .91, .92, .94, .95
235.0, 227.58, .89, .93, .96, .99
227.0, 223.50, .88, .93, .96, .96
237.0, 227.63, .93, .93, .95, .98
178.0, 222.07, .85, .92, .94, .95
185.0, 226.77, .86, .93, .95, .98
233.0, 230.64, .89, .93, .98, 1.00
230.0, 215.61, .90, .93, .92, .95
221.0, 216.37, .87, .92, .93, .95
220.0, 225.31, .90, .93, .95, .97
242.0, 223.36, .89, .93, .94, .98
179.0, 231.02, .90, .93, .97, .99
236.0, 225.18, .93, .91, .96, .98
242.0, 227.25, .93, .94, .95, .99
233.0, 224.82, .89, .95, .94, .96
171.0, 225.36, .86, .93, .96, .98
219.0, 220.81, .91, .91, .93, .97
220.0, 222.46, .86, .90, .94, .97
161.0, 226.41, .91, .93, .96, .96
178.0, 217.81, .88, .93, .93, .96
232.0, 215.90, .89, .90, .95, .93
230.0, 229.85, .89, .94, .97, .98
229.0, 225.75, .87, .92, .95, .99
240.0, 217.56, .88, .90, .93, .94
241.0, 223.67, .94, .90, .94, .96
210.0, 219.87, .85, .90, .94, .94
231.0, 230.40, .94, .94, .95, .99
242.0, 224.47, .90, .92, .95, .98
231.0, 224.04, .86, .90, .96, .99
244.0, 228.01, .94, .94, .95, .98
232.0, 226.83, .93, .93, .97, .97
208.0, 229.14, .88, .94, .95, .97
241.0, 224.66, .88, .92, .93, .98
231.0, 230.12, .87, .93, .95, .99
246.0, 223.74, .91, .93, .95, .98
235.0, 228.69, .90, .93, .95, .99
219.0, 219.53, .86, .91, .93, .97
226.0, 221.55, .91, .94, .95, .96
169.0, 224.03, .80, .90, .94, .97
180.0, 231.14, .86, .93, .97, .98
243.0, 224.27, .92, .94, .95, .97
214.0, 229.14, .92, .93, .97, 1.00
237.0, 222.92, .86, .90, .93, .96
233.0, 213.63, .87, .88, .92, .92
233.0, 210.25, .92, .93, .93, .91
181.0, 225.85, .92, .92, .94, .98
235.0, 228.54, .88, .94, .96, .97
237.0, 228.59, .92, .95, .96, .99
248.0, 224.66, .91, .91, .94, .96
241.0, 223.88, .90, .93, .95, .96
237.0, 223.58, .88, .91, .94, .96
232.0, 215.97, .86, .88, .92, .96
183.0, 225.86, .90, .93, .95, .96
230.0, 221.08, .90, .92, .93, .96
190.0, 225.92, .90, .93, .95, .98
235.0, 224.08, .89, .92, .96, .96
242.0, 225.85, .88, .94, .95, .98
223.0, 229.90, .90, .94, .96, .99
243.0, 220.79, .91, .93, .93, .97
246.0, 223.72, .91, .93, .96, .96
223.0, 216.85, .89, .91, .92, .97
233.0, 225.22, .87, .92, .94, .98
225.0, 223.38, .90, .93, .96, .97
224.0, 222.33, .90, .91, .94, .99
237.0, 230.22, .92, .95, .97, 1.00
233.0, 216.30, .89, .93, .96, .93
230.0, 226.59, .93, .93, .96, 1.00
242.0, 227.81, .88, .93, .96, .96
210.0, 209.31, .89, .91, .93, .89
178.0, 222.74, .86, .91, .94, .96
239.0, 229.21, .93, .92, .95, .97
245.0, 225.55, .92, .94, .95, .99
240.0, 230.35, .87, .92, .95, .99
238.0, 217.99, .88, .92, .93, .95
206.0, 213.63, .85, .88, .93, .93
247.0, 225.70, .86, .91, .95, .97
240.0, 224.92, .85, .91, .94, .96
229.0, 227.97, .91, .93, .95, .99
224.0, 219.16, .92, .93, .92, .97
220.0, 224.33, .90, .93, .95, .99
235.0, 219.62, .79, .90, .93, .96
232.0, 219.67, .92, .93, .94, .96
224.0, 228.02, .91, .94, .96, .98
224.0, 214.36, .86, .90, .93, .93
202.0, 232.08, .89, .94, .97, 1.00
234.0, 220.09, .92, .90, .92, .96
234.0, 232.19, .93, .94, .97, .99
235.0, 224.47, .90, .91, .95, .96
229.0, 229.17, .93, .94, .96, .98
183.0, 226.01, .89, .91, .95, .96
237.0, 219.56, .89, .90, .94, .97
224.0, 217.59, .89, .91, .93, .93
242.0, 226.28, .94, .94, .95, .99
227.0, 234.10, .93, .95, .98, .99
223.0, 226.62, .90, .95, .96, .98
238.0, 218.77, .91, .93, .94, .96
235.0, 225.93, .86, .91, .95, .96
228.0, 220.95, .91, .93, .95, .96
238.0, 230.11, .91, .93, .96, .98
228.0, 229.64, .87, .93, .96, .99
224.0, 221.51, .89, .91, .93, .95
244.0, 214.32, .89, .91, .92, .94
246.0, 229.03, .90, .93, .96, .99
234.0, 230.53, .87, .93, .97, .99
186.0, 229.75, .89, .94, .96, .99
209.0, 221.57, .87, .90, .95, .96
242.0, 228.43, .92, .94, .95, .99
243.0, 222.62, .93, .95, .96, .94
242.0, 227.03, .90, .91, .96, .99
213.0, 222.94, .91, .94, .94, .95
185.0, 219.52, .90, .92, .94, .95
239.0, 227.03, .87, .92, .95, .97
212.0, 225.29, .86, .93, .94, .98
240.0, 218.23, .94, .93, .94, .93
240.0, 213.06, .88, .89, .94, .93
235.0, 226.72, .87, .94, .95, .98
172.0, 216.58, .84, .90, .92, .94
178.0, 220.24, .90, .93, .95, .95
237.0, 228.25, .89, .93, .97, .99
235.0, 229.99, .84, .94, .96, .98
244.0, 234.35, .90, .96, .97, 1.00
169.0, 221.98, .90, .91, .95, .93
242.0, 228.08, .91, .93, .96, .97
228.0, 229.12, .90, .94, .96, .99
221.0, 219.96, .93, .92, .93, .99
224.0, 225.59, .88, .94, .96, .98
163.0, 212.40, .91, .91, .93, .92
224.0, 220.88, .88, .90, .94, .96
223.0, 227.70, .92, .93, .94, .99
236.0, 211.76, .91, .89, .93, .93
244.0, 231.35, .86, .94, .97, .99
222.0, 233.77, .91, .94, .97, .99
182.0, 219.76, .88, .92, .95, .94
224.0, 221.03, .86, .93, .94, .97
171.0, 228.06, .90, .94, .96, .98
228.0, 221.77, .85, .91, .92, .98
180.0, 208.05, .86, .91, .93, .91
238.0, 226.18, .90, .93, .94, 1.00
236.0, 229.60, .86, .94, .95, .98
212.0, 215.47, .89, .91, .93, .96
214.0, 226.08, .90, .93, .95, .99
225.0, 225.87, .91, .93, .94, .98
234.0, 223.62, .93, .91, .95, .97
234.0, 230.75, .92, .94, .97, 1.00
174.0, 224.91, .91, .93, .95, .98
174.0, 221.53, .88, .90, .94, .95
170.0, 210.81, .89, .92, .91, .93
247.0, 214.85, .95, .94, .93, .93
242.0, 228.03, .87, .93, .95, .98
227.0, 226.88, .92, .95, .96, .96
220.0, 219.62, .90, .91, .92, .97
239.0, 221.55, .88, .91, .93, .96
182.0, 228.31, .88, .91, .96, .98
236.0, 211.57, .84, .88, .91, .92
237.0, 226.40, .88, .94, .95, .98
227.0, 229.49, .89, .92, .95, .98
219.0, 219.02, .90, .93, .92, .95
183.0, 221.00, .89, .91, .95, .95
241.0, 228.59, .91, .93, .97, .96
169.0, 220.40, .86, .91, .93, .94
228.0, 224.38, .90, .92, .97, .97
225.0, 220.90, .88, .93, .95, .95
226.0, 224.56, .90, .94, .95, .98
184.0, 221.52, .88, .94, .93, .95
227.0, 211.94, .92, .93, .92, .92
237.0, 219.52, .86, .90, .95, .94
167.0, 226.47, .89, .93, .96, .97
229.0, 223.14, .90, .93, .95, .97
217.0, 219.26, .87, .91, .94, .95
243.0, 224.53, .94, .94, .96, .94
223.0, 223.47, .93, .94, .93, .99
183.0, 223.01, .89, .91, .94, .95
210.0, 209.43, .91, .92, .93, .91
219.0, 230.17, .86, .93, .97, .98
246.0, 222.87, .92, .92, .93, .97
234.0, 224.00, .88, .91, .94, .96
238.0, 233.05, .93, .93, .97, .99
228.0, 225.92, .89, .92, .95, .98
247.0, 221.81, .90, .91, .94, .94
232.0, 210.90, .88, .92, .93, .91
243.0, 231.25, .91, .94, .97, .99
210.0, 226.89, .92, .93, .95, .99
238.0, 231.63, .92, .96, .98, 1.00
227.0, 229.26, .92, .94, .97, 1.00
174.0, 228.22, .88, .90, .96, .98
170.0, 215.31, .89, .90, .92, .96
227.0, 219.20, .84, .90, .94, .94
227.0, 227.60, .87, .92, .95, .99
238.0, 225.88, .91, .92, .94, .99
233.0, 230.21, .89, .92, .96, .99
242.0, 227.78, .93, .93, .96, .98
247.0, 232.04, .92, .93, .96, .99
244.0, 221.08, .90, .91, .96, .96
237.0, 224.98, .90, .92, .94, .96
239.0, 222.31, .90, .92, .95, .97
240.0, 228.11, .89, .93, .95, .96
229.0, 222.13, .82, .90, .93, .96
212.0, 226.92, .89, .92, .96, .99
214.0, 220.86, .88, .92, .94, .96
246.0, 225.26, .88, .90, .96, .98
152.0, 229.36, .85, .94, .95, .98
230.0, 223.12, .90, .92, .95, .97
223.0, 222.14, .91, .93, .94, .98
224.0, 228.96, .89, .93, .96, .98
208.0, 214.24, .91, .91, .93, .94
232.0, 211.99, .90, .93, .94, .89
218.0, 223.42, .91, .90, .93, .98
240.0, 225.16, .92, .94, .97, .97
226.0, 228.16, .89, .95, .94, .99
229.0, 220.37, .89, .89, .93, .95
181.0, 216.94, .88, .92, .93, .95
235.0, 223.27, .91, .93, .95, .96
207.0, 219.15, .83, .90, .94, .97
172.0, 228.32, .91, .94, .94, .99
236.0, 228.38, .91, .94, .95, .98
222.0, 222.16, .85, .91, .94, .95
232.0, 226.87, .92, .93, .96, .98
220.0, 231.84, .92, .94, .98, 1.00
238.0, 219.95, .90, .90, .94, .96
232.0, 224.31, .88, .91, .95, .97
235.0, 224.89, .91, .93, .96, .97
224.0, 223.23, .87, .93, .93, .98
228.0, 224.97, .90, .88, .94, .98
231.0, 228.08, .92, .96, .95, .99
232.0, 223.48, .91, .94, .95, .99
244.0, 226.33, .91, .94, .95, .99
223.0, 226.47, .90, .92, .95, .97
229.0, 234.46, .93, .95, .97, 1.00
230.0, 225.00, .95, .94, .94, .96
239.0, 218.66, .92, .92, .93, .95
186.0, 224.97, .89, .94, .94, .99
216.0, 206.94, .88, .91, .95, .89
181.0, 224.26, .89, .93, .95, .99
239.0, 225.07, .93, .93, .95, .98
243.0, 228.44, .93, .94, .96, .98
171.0, 226.56, .88, .92, .95, .97
179.0, 214.01, .83, .91, .94, .93
223.0, 229.28, .90, .95, .96, 1.00
238.0, 213.54, .93, .91, .93, .93
222.0, 225.48, .85, .91, .96, .96
237.0, 227.94, .94, .91, .97, .96
223.0, 228.68, .92, .95, .96, .98
218.0, 218.17, .92, .93, .93, .95
232.0, 217.51, .92, .93, .94, .95
221.0, 228.94, .87, .93, .96, .99
218.0, 225.08, .91, .93, .95, .96
237.0, 216.69, .94, .92, .95, .93
210.0, 222.68, .90, .93, .95, .96
237.0, 221.15, .87, .91, .93, .98
230.0, 221.66, .89, .90, .93, .96
215.0, 223.26, .91, .92, .93, .98
241.0, 226.13, .84, .92, .95, .97
180.0, 222.23, .85, .92, .94, .96
182.0, 228.97, .91, .96, .96, .97
225.0, 208.06, .85, .88, .89, .92
240.0, 228.76, .89, .93, .95, .98
237.0, 223.61, .89, .92, .93, .97
176.0, 219.51, .89, .92, .95, .95
221.0, 220.89, .88, .93, .93, .96
238.0, 225.86, .90, .93, .96, .98
236.0, 224.13, .89, .91, .94, .98
238.0, 223.95, .91, .93, .96, .96
216.0, 218.31, .89, .92, .95, .94
242.0, 230.75, .93, .96, .97, 1.00
219.0, 226.32, .91, .92, .96, .97
206.0, 216.64, .91, .92, .92, .94
233.0, 222.69, .94, .91, .93, .98
226.0, 224.67, .91, .94, .96, .98
227.0, 221.58, .88, .91, .94, .99
236.0, 221.98, .91, .89, .93, .97
240.0, 224.71, .91, .93, .95, .96
240.0, 219.06, .89, .91, .95, .94
238.0, 227.97, .91, .93, .96, .99
245.0, 226.76, .83, .91, .95, .97
212.0, 221.19, .89, .93, .93, .96
232.0, 226.34, .91, .92, .96, .96
235.0, 213.60, .91, .93, .95, .92
219.0, 226.77, .89, .92, .96, .97
240.0, 224.70, .89, .91, .94, .98
241.0, 225.86, .91, .94, .95, .98
240.0, 222.51, .87, .92, .93, .98
227.0, 227.32, .89, .94, .95, .98
182.0, 217.72, .89, .89, .92, .96
232.0, 228.25, .91, .94, .95, .97
229.0, 229.50, .92, .95, .97, .98
232.0, 224.42, .86, .91, .95, .97
223.0, 226.03, .87, .91, .96, .99
215.0, 219.05, .82, .89, .93, .95
200.0, 226.65, .88, .92, .96, .97
245.0, 227.84, .89, .93, .96, .97
229.0, 226.30, .92, .94, .95, 1.00
220.0, 225.40, .88, .90, .96, .97
217.0, 212.43, .88, .94, .93, .92
239.0, 219.47, .91, .90, .91, .96
242.0, 221.17, .85, .90, .95, .97
243.0, 229.93, .91, .92, .96, .99
246.0, 223.12, .88, .93, .94, .96
225.0, 225.96, .92, .92, .95, .96
223.0, 221.38, .92, .93, .93, .96
225.0, 220.18, .89, .92, .95, .97
187.0, 232.62, .85, .93, .96, .99
241.0, 210.56, .94, .92, .93, .90
242.0, 226.12, .86, .94, .95, .96
240.0, 221.66, .89, .90, .94, .97
240.0, 227.12, .93, .91, .95, .98
241.0, 233.60, .94, .95, .97, .99
233.0, 233.86, .90, .95, .97, 1.00
236.0, 229.40, .93, .93, .97, .99
222.0, 226.35, .93, .92, .95, .97
248.0, 227.09, .90, .93, .97, .97
245.0, 218.28, .91, .89, .93, .95
235.0, 215.84, .93, .92, .95, .92
243.0, 228.29, .93, .93, .96, .99
226.0, 223.52, .86, .91, .94, .95
217.0, 230.47, .92, .94, .95, 1.00
227.0, 226.35, .90, .92, .94, .99
172.0, 222.80, .88, .91, .94, .95
245.0, 226.08, .91, .94, .94, .99
226.0, 223.03, .93, .92, .94, .95
229.0, 223.01, .92, .92, .95, .98
184.0, 232.86, .88, .95, .97, .99
233.0, 215.73, .89, .90, .94, .93
223.0, 228.63, .85, .93, .97, .99
172.0, 224.50, .89, .93, .94, .97
234.0, 224.46, .85, .92, .95, .95
234.0, 218.41, .92, .94, .94, .94
214.0, 226.31, .93, .95, .94, .99
225.0, 220.74, .90, .90, .94, .98
235.0, 228.19, .90, .93, .93, .97
226.0, 229.25, .93, .93, .97, 1.00
233.0, 226.11, .83, .92, .95, .97
236.0, 222.69, .92, .92, .95, .97
212.0, 222.54, .91, .93, .95, .94
226.0, 230.78, .89, .94, .97, .99
241.0, 225.18, .93, .94, .96, .96
239.0, 228.18, .87, .91, .96, .99
237.0, 223.68, .86, .94, .93, .95
229.0, 221.97, .90, .93, .95, .96
214.0, 219.10, .83, .89, .92, .96
224.0, 222.08, .90, .92, .93, .97
225.0, 223.45, .88, .93, .95, .97
238.0, 230.10, .93, .93, .95, .99
243.0, 229.19, .91, .95, .96, 1.00
220.0, 230.44, .90, .93, .96, .99
207.0, 227.94, .88, .93, .95, .97
238.0, 216.20, .91, .94, .94, .94
234.0, 218.81, .87, .89, .92, .97
226.0, 226.48, .88, .93, .97, .99
236.0, 231.57, .90, .95, .96, .99
230.0, 228.13, .90, .93, .96, .98
183.0, 230.66, .89, .92, .97, .99
228.0, 220.58, .89, .92, .92, .96
229.0, 220.45, .87, .93, .94, .96
227.0, 224.40, .85, .92, .93, .97
239.0, 227.44, .93, .94, .94, .99
220.0, 231.51, .88, .94, .96, .99
238.0, 221.71, .89, .92, .94, .96
218.0, 228.16, .89, .91, .96, .98
242.0, 225.36, .83, .90, .94, .97
230.0, 227.42, .86, .94, .95, .99
231.0, 222.44, .91, .91, .94, .98
183.0, 226.69, .83, .93, .95, .98
211.0, 224.10, .92, .93, .94, .97
224.0, 225.57, .89, .93, .94, .99
221.0, 228.14, .91, .91, .95, .98
224.0, 231.20, .92, .92, .97, .98
223.0, 223.02, .88, .91, .95, .99
234.0, 221.14, .87, .91, .94, .94
224.0, 216.11, .88, .91, .93, .91
183.0, 220.70, .91, .92, .94, .97
244.0, 221.14, .89, .92, .94, .97
237.0, 230.33, .93, .95, .96, .99
241.0, 227.02, .90, .92, .94, .97
234.0, 218.80, .92, .91, .93, .96
219.0, 207.35, .90, .90, .94, .90
239.0, 227.24, .88, .93, .95, .99
182.0, 219.73, .84, .89, .95, .94
213.0, 216.25, .85, .92, .94, .92
244.0, 216.48, .93, .90, .93, .95
242.0, 227.88, .91, .92, .94, .97
224.0, 221.10, .83, .91, .93, .96
232.0, 223.66, .88, .91, .94, .97
164.0, 224.25, .85, .90, .94, .97
232.0, 221.66, .82, .91, .93, .95
237.0, 223.25, .89, .92, .95, .98
226.0, 225.57, .93, .94, .96, .97
229.0, 222.29, .93, .92, .95, .96
238.0, 226.52, .93, .94, .95, .98
242.0, 227.25, .94, .93, .94, .97
232.0, 234.01, .92, .93, .97, .99
221.0, 225.07, .85, .91, .95, .97
221.0, 224.58, .92, .93, .94, .99
233.0, 234.13, .93, .95, .98, 1.00
169.0, 224.63, .84, .93, .94, .96
