4.0, 3.87, .97, NaN, NaN, NaN
3.0, 3.77, .94, NaN, NaN, NaN
4.0, 3.77, .94, NaN, NaN, NaN
4.0, 3.66, .91, NaN, NaN, NaN
4.0, 3.77, .94, NaN, NaN, NaN
3.0, 3.90, .97, NaN, NaN, NaN
3.0, 3.75, .94, NaN, NaN, NaN
4.0, 3.86, .96, NaN, NaN, NaN
4.0, 3.85, .96, NaN, NaN, NaN
4.0, 3.92, .98, NaN, NaN, NaN
4.0, 3.86, .96, NaN, NaN, NaN
4.0, 3.79, .95, NaN, NaN, NaN
4.0, 3.89, .97, NaN, NaN, NaN
4.0, 3.86, .96, NaN, NaN, NaN
4.0, 3.87, .97, NaN, NaN, NaN
9.0, 8.96, .68, .76, NaN, NaN
11.0, 9.99, .81, .74, NaN, NaN
11.0, 10.50, .81, .76, NaN, NaN
10.0, 10.37, .80, .76, NaN, NaN
10.0, 10.30, .77, .76, NaN, NaN
11.0, 10.19, .81, .75, NaN, NaN
10.0, 11.45, .81, .88, NaN, NaN
11.0, 12.60, .79, .98, NaN, NaN
13.0, 11.92, .77, .93, NaN, NaN
11.0, 12.08, .73, .94, NaN, NaN
10.0, 12.34, .80, .96, NaN, NaN
14.0, 12.54, .80, .98, NaN, NaN
13.0, 12.18, .81, .94, NaN, NaN
13.0, 12.44, .81, .96, NaN, NaN
13.0, 12.30, .81, .95, NaN, NaN
13.0, 12.42, .80, .96, NaN, NaN
10.0, 12.69, .86, .97, NaN, NaN
10.0, 12.79, .85, .94, NaN, NaN
15.0, 13.07, .85, .96, NaN, NaN
14.0, 12.96, .84, .95, NaN, NaN
14.0, 13.13, .86, .96, NaN, NaN
13.0, 13.05, .83, .96, NaN, NaN
11.0, 13.09, .85, .94, NaN, NaN
14.0, 13.17, .85, .98, NaN, NaN
13.0, 13.14, .84, .95, NaN, NaN
11.0, 13.17, .86, .96, NaN, NaN
13.0, 13.05, .80, .97, NaN, NaN
14.0, 13.31, .86, .97, NaN, NaN
14.0, 13.32, .86, .97, NaN, NaN
13.0, 13.20, .83, .97, NaN, NaN
10.0, 13.12, .86, .96, NaN, NaN
14.0, 13.30, .86, .97, NaN, NaN
13.0, 13.33, .83, .98, NaN, NaN
13.0, 13.11, .84, .95, NaN, NaN
14.0, 13.27, .87, .97, NaN, NaN
14.0, 13.17, .86, .96, NaN, NaN
13.0, 13.26, .85, .97, NaN, NaN
14.0, 13.12, .87, .95, NaN, NaN
11.0, 12.96, .85, .94, NaN, NaN
13.0, 13.18, .86, .96, NaN, NaN
14.0, 13.12, .86, .94, NaN, NaN
11.0, 12.34, .73, .95, NaN, NaN
12.0, 13.23, .85, .97, NaN, NaN
11.0, 13.26, .86, .96, NaN, NaN
12.0, 13.23, .86, .96, NaN, NaN
12.0, 12.92, .76, .95, NaN, NaN
14.0, 13.17, .85, .96, NaN, NaN
14.0, 13.42, .86, .97, NaN, NaN
14.0, 13.43, .87, .97, NaN, NaN
15.0, 13.68, .90, .96, NaN, NaN
11.0, 14.19, .92, .97, NaN, NaN
12.0, 13.83, .92, .95, NaN, NaN
15.0, 14.05, .89, .97, NaN, NaN
14.0, 14.03, .90, .97, NaN, NaN
15.0, 14.18, .91, .97, NaN, NaN
14.0, 13.62, .90, .94, NaN, NaN
15.0, 14.26, .93, .97, NaN, NaN
12.0, 14.57, .94, .96, NaN, NaN
16.0, 14.85, .97, .97, NaN, NaN
12.0, 15.01, .98, .96, NaN, NaN
11.0, 14.80, .94, .97, NaN, NaN
16.0, 15.00, .98, .97, NaN, NaN
15.0, 14.54, .95, .95, NaN, NaN
16.0, 14.65, .97, .96, NaN, NaN
11.0, 14.63, .97, .98, NaN, NaN
16.0, 14.60, .95, .95, NaN, NaN
16.0, 14.82, .97, .96, NaN, NaN
16.0, 14.94, .96, .97, NaN, NaN
16.0, 14.47, .95, .93, NaN, NaN
16.0, 14.77, .96, .97, NaN, NaN
16.0, 14.22, .95, .94, NaN, NaN
15.0, 14.59, .97, .95, NaN, NaN
12.0, 14.82, .98, .96, NaN, NaN
12.0, 14.94, .97, .97, NaN, NaN
15.0, 14.75, .97, .96, NaN, NaN
16.0, 14.97, .96, .97, NaN, NaN
16.0, 14.70, .96, .96, NaN, NaN
12.0, 14.59, .98, .94, NaN, NaN
12.0, 14.79, .97, .95, NaN, NaN
15.0, 14.36, .97, .93, NaN, NaN
14.0, 14.45, .95, .95, NaN, NaN
12.0, 14.86, .97, .96, NaN, NaN
15.0, 15.04, .97, .97, NaN, NaN
15.0, 14.41, .96, .94, NaN, NaN
16.0, 15.00, .97, .97, NaN, NaN
16.0, 14.43, .97, .94, NaN, NaN
15.0, 14.86, .96, .97, NaN, NaN
16.0, 14.89, .96, .96, NaN, NaN
16.0, 15.13, .97, .98, NaN, NaN
16.0, 14.86, .96, .97, NaN, NaN
10.0, 14.94, .97, .97, NaN, NaN
16.0, 14.88, .97, .97, NaN, NaN
16.0, 14.83, .96, .96, NaN, NaN
16.0, 14.93, .95, .97, NaN, NaN
11.0, 14.97, .97, .98, NaN, NaN
15.0, 14.26, .96, .94, NaN, NaN
12.0, 14.54, .95, .94, NaN, NaN
14.0, 14.95, .94, .97, NaN, NaN
16.0, 14.82, .98, .96, NaN, NaN
14.0, 14.36, .95, .93, NaN, NaN
15.0, 14.84, .98, .97, NaN, NaN
16.0, 14.65, .97, .95, NaN, NaN
16.0, 15.09, .97, .97, NaN, NaN
15.0, 14.84, .97, .95, NaN, NaN
15.0, 14.95, .95, .97, NaN, NaN
16.0, 14.97, .96, .96, NaN, NaN
16.0, 14.90, .95, .96, NaN, NaN
16.0, 15.11, .96, .98, NaN, NaN
16.0, 14.76, .95, .96, NaN, NaN
15.0, 14.96, .97, .97, NaN, NaN
15.0, 14.38, .95, .94, NaN, NaN
15.0, 14.96, .97, .97, NaN, NaN
16.0, 15.08, .97, .97, NaN, NaN
12.0, 14.59, .97, .94, NaN, NaN
12.0, 14.51, .95, .94, NaN, NaN
16.0, 14.92, .96, .97, NaN, NaN
16.0, 15.16, .97, .98, NaN, NaN
16.0, 14.90, .97, .96, NaN, NaN
11.0, 14.65, .95, .95, NaN, NaN
16.0, 15.07, .96, .98, NaN, NaN
16.0, 14.42, .97, .93, NaN, NaN
16.0, 14.89, .96, .97, NaN, NaN
16.0, 14.99, .96, .97, NaN, NaN
16.0, 14.93, .97, .96, NaN, NaN
15.0, 14.68, .95, .95, NaN, NaN
12.0, 14.80, .97, .95, NaN, NaN
14.0, 14.74, .97, .96, NaN, NaN
11.0, 15.03, .96, .97, NaN, NaN
15.0, 15.13, .97, .98, NaN, NaN
14.0, 15.09, .97, .97, NaN, NaN
16.0, 14.96, .97, .96, NaN, NaN
15.0, 14.61, .95, .96, NaN, NaN
15.0, 14.90, .97, .96, NaN, NaN
16.0, 14.66, .98, .95, NaN, NaN
15.0, 14.79, .97, .96, NaN, NaN
15.0, 14.88, .97, .97, NaN, NaN
15.0, 14.43, .94, .94, NaN, NaN
15.0, 15.14, .97, .97, NaN, NaN
15.0, 15.04, .98, .97, NaN, NaN
16.0, 14.78, .97, .95, NaN, NaN
15.0, 14.95, .98, .96, NaN, NaN
16.0, 14.82, .97, .96, NaN, NaN
14.0, 14.70, .94, .96, NaN, NaN
16.0, 14.63, .96, .94, NaN, NaN
16.0, 15.10, .97, .97, NaN, NaN
14.0, 14.69, .96, .96, NaN, NaN
16.0, 14.72, .97, .95, NaN, NaN
16.0, 14.82, .96, .97, NaN, NaN
11.0, 14.96, .95, .98, NaN, NaN
15.0, 15.16, .97, .97, NaN, NaN
15.0, 14.79, .94, .96, NaN, NaN
15.0, 14.71, .96, .95, NaN, NaN
16.0, 15.00, .96, .97, NaN, NaN
15.0, 14.81, .95, .97, NaN, NaN
14.0, 14.97, .98, .96, NaN, NaN
15.0, 14.67, .96, .95, NaN, NaN
16.0, 14.96, .96, .97, NaN, NaN
16.0, 14.82, .98, .95, NaN, NaN
16.0, 15.04, .97, .97, NaN, NaN
14.0, 15.14, .98, .98, NaN, NaN
11.0, 14.98, .96, .97, NaN, NaN
15.0, 14.95, .97, .96, NaN, NaN
16.0, 14.90, .97, .96, NaN, NaN
16.0, 14.92, .95, .96, NaN, NaN
16.0, 14.89, .97, .96, NaN, NaN
15.0, 14.60, .94, .95, NaN, NaN
15.0, 14.88, .97, .96, NaN, NaN
16.0, 14.97, .97, .96, NaN, NaN
12.0, 14.57, .94, .95, NaN, NaN
16.0, 14.70, .94, .96, NaN, NaN
16.0, 14.87, .96, .97, NaN, NaN
15.0, 14.98, .97, .97, NaN, NaN
16.0, 14.68, .98, .95, NaN, NaN
16.0, 14.85, .97, .96, NaN, NaN
12.0, 14.85, .98, .97, NaN, NaN
16.0, 14.88, .97, .96, NaN, NaN
15.0, 15.06, .97, .97, NaN, NaN
16.0, 14.65, .95, .97, NaN, NaN
11.0, 14.71, .97, .95, NaN, NaN
16.0, 15.09, .98, .97, NaN, NaN
11.0, 14.82, .96, .96, NaN, NaN
12.0, 14.64, .97, .95, NaN, NaN
16.0, 14.95, .97, .97, NaN, NaN
16.0, 14.71, .97, .95, NaN, NaN
4.0, 15.01, .97, .97, NaN, NaN
31.0, 22.37, .69, .56, .59, NaN
34.0, 27.25, .71, .61, .74, NaN
26.0, 31.38, .70, .69, .76, NaN
28.0, 31.19, .70, .75, .75, NaN
31.0, 32.53, .74, .75, .75, NaN
31.0, 32.11, .76, .73, .74, NaN
32.0, 32.87, .77, .74, .76, NaN
40.0, 34.32, .79, .75, .79, NaN
37.0, 38.36, .78, .76, .93, NaN
41.0, 40.12, .79, .77, .96, NaN
36.0, 40.68, .79, .78, .99, NaN
42.0, 41.02, .81, .77, .97, NaN
43.0, 41.46, .81, .79, .97, NaN
39.0, 41.84, .83, .77, .98, NaN
44.0, 41.66, .84, .76, .98, NaN
44.0, 41.83, .81, .78, .98, NaN
44.0, 41.68, .81, .79, .97, NaN
46.0, 44.80, .81, .83, .98, NaN
45.0, 45.43, .83, .83, .97, NaN
45.0, 44.45, .80, .84, .95, NaN
43.0, 44.06, .83, .83, .97, NaN
41.0, 43.47, .82, .80, .98, NaN
43.0, 43.78, .83, .80, .98, NaN
49.0, 43.33, .83, .84, .95, NaN
43.0, 44.26, .84, .81, .97, NaN
41.0, 44.84, .83, .83, .97, NaN
45.0, 43.85, .82, .81, .97, NaN
46.0, 44.68, .84, .81, .98, NaN
45.0, 44.89, .84, .84, .96, NaN
44.0, 43.71, .80, .81, .97, NaN
48.0, 44.24, .82, .82, .96, NaN
45.0, 44.65, .82, .81, .98, NaN
37.0, 43.12, .81, .81, .95, NaN
47.0, 44.71, .82, .85, .96, NaN
45.0, 43.87, .83, .84, .96, NaN
46.0, 43.80, .83, .82, .95, NaN
42.0, 45.09, .86, .81, .98, NaN
50.0, 44.68, .86, .84, .94, NaN
47.0, 44.57, .84, .83, .94, NaN
49.0, 46.46, .85, .83, .98, NaN
45.0, 44.99, .83, .82, .95, NaN
47.0, 45.05, .84, .82, .96, NaN
50.0, 45.91, .85, .85, .98, NaN
44.0, 46.38, .84, .84, .98, NaN
45.0, 45.30, .86, .84, .98, NaN
46.0, 45.75, .86, .84, .98, NaN
49.0, 45.14, .86, .82, .97, NaN
45.0, 43.98, .86, .82, .94, NaN
29.0, 45.10, .84, .82, .96, NaN
49.0, 45.02, .87, .82, .96, NaN
49.0, 46.28, .88, .82, .97, NaN
50.0, 46.15, .86, .83, .97, NaN
41.0, 45.03, .85, .83, .95, NaN
38.0, 45.65, .84, .83, .96, NaN
42.0, 42.35, .81, .81, .94, NaN
43.0, 44.12, .87, .83, .98, NaN
47.0, 44.25, .85, .82, .94, NaN
44.0, 45.92, .85, .82, .99, NaN
43.0, 45.51, .86, .82, .97, NaN
45.0, 46.27, .86, .84, .98, NaN
48.0, 45.80, .86, .81, .97, NaN
42.0, 46.34, .86, .82, .96, NaN
46.0, 46.35, .89, .82, .96, NaN
48.0, 46.55, .89, .83, .96, NaN
46.0, 47.25, .86, .84, .98, NaN
49.0, 47.33, .88, .84, .96, NaN
53.0, 48.88, .89, .83, .99, NaN
37.0, 48.19, .88, .84, .97, NaN
40.0, 48.03, .89, .84, .97, NaN
50.0, 45.41, .89, .81, .94, NaN
41.0, 47.37, .89, .83, .98, NaN
51.0, 47.39, .88, .83, .98, NaN
49.0, 47.30, .89, .81, .96, NaN
40.0, 46.54, .89, .81, .96, NaN
48.0, 47.39, .89, .81, .97, NaN
50.0, 47.83, .90, .84, .98, NaN
50.0, 47.09, .90, .83, .96, NaN
44.0, 46.97, .88, .83, .96, NaN
42.0, 46.15, .91, .83, .94, NaN
42.0, 47.38, .90, .83, .96, NaN
46.0, 48.40, .90, .82, .98, NaN
52.0, 46.93, .91, .83, .95, NaN
51.0, 49.12, .89, .84, .98, NaN
52.0, 47.40, .90, .83, .95, NaN
52.0, 48.43, .90, .82, .97, NaN
38.0, 47.54, .91, .84, .95, NaN
44.0, 47.39, .89, .82, .97, NaN
52.0, 48.14, .91, .85, .94, NaN
50.0, 47.95, .90, .84, .97, NaN
49.0, 48.76, .92, .83, .95, NaN
48.0, 47.21, .90, .80, .98, NaN
50.0, 48.24, .87, .84, .97, NaN
50.0, 47.89, .91, .82, .97, NaN
50.0, 48.07, .90, .83, .96, NaN
48.0, 48.22, .91, .82, .98, NaN
43.0, 46.48, .91, .80, .95, NaN
49.0, 48.20, .91, .81, .98, NaN
51.0, 46.90, .91, .81, .96, NaN
50.0, 48.36, .93, .84, .97, NaN
46.0, 48.00, .89, .81, .96, NaN
51.0, 48.02, .91, .84, .96, NaN
48.0, 48.07, .92, .83, .97, NaN
46.0, 48.98, .92, .83, .98, NaN
50.0, 47.81, .90, .84, .96, NaN
52.0, 49.37, .92, .84, .99, NaN
46.0, 47.41, .93, .82, .96, NaN
51.0, 48.14, .94, .83, .98, NaN
46.0, 45.34, .91, .75, .96, NaN
45.0, 43.14, .89, .75, .96, NaN
42.0, 42.87, .89, .74, .94, NaN
34.0, 42.96, .91, .73, .97, NaN
41.0, 44.70, .93, .76, .98, NaN
52.0, 45.06, .93, .76, .98, NaN
55.0, 47.27, .90, .83, .98, NaN
53.0, 50.95, .92, .85, .98, NaN
41.0, 50.34, .92, .89, .95, NaN
56.0, 50.76, .91, .88, .96, NaN
55.0, 50.57, .91, .89, .94, NaN
55.0, 51.54, .93, .90, .97, NaN
56.0, 49.52, .91, .90, .93, NaN
55.0, 51.52, .91, .90, .97, NaN
57.0, 49.90, .93, .88, .94, NaN
53.0, 50.71, .89, .91, .95, NaN
52.0, 51.12, .93, .90, .97, NaN
53.0, 51.85, .91, .88, .96, NaN
49.0, 51.62, .91, .90, .97, NaN
50.0, 50.40, .91, .89, .99, NaN
40.0, 51.48, .89, .89, .98, NaN
51.0, 50.53, .90, .89, .99, NaN
60.0, 53.17, .93, .91, .98, NaN
57.0, 52.55, .93, .90, .98, NaN
53.0, 51.78, .90, .88, .97, NaN
57.0, 52.03, .91, .89, .98, NaN
54.0, 52.34, .95, .90, .98, NaN
52.0, 51.36, .92, .89, .95, NaN
49.0, 51.89, .91, .89, .98, NaN
58.0, 51.60, .94, .88, .97, NaN
49.0, 53.13, .93, .89, .98, NaN
58.0, 52.74, .92, .91, .98, NaN
47.0, 52.74, .95, .89, .97, NaN
52.0, 52.31, .93, .89, .96, NaN
47.0, 52.55, .92, .90, .97, NaN
56.0, 50.83, .94, .87, .94, NaN
59.0, 52.52, .93, .89, .96, NaN
53.0, 51.51, .92, .88, .97, NaN
53.0, 52.76, .92, .88, .97, NaN
52.0, 53.28, .95, .89, .97, NaN
57.0, 51.26, .93, .87, .96, NaN
54.0, 52.64, .93, .88, .98, NaN
48.0, 51.43, .91, .89, .96, NaN
57.0, 53.22, .94, .90, .99, NaN
42.0, 51.66, .92, .89, .94, NaN
53.0, 51.16, .91, .88, .96, NaN
41.0, 52.59, .92, .89, .97, NaN
48.0, 52.51, .92, .88, .98, NaN
49.0, 51.92, .89, .88, .98, NaN
42.0, 51.90, .95, .90, .96, NaN
49.0, 51.29, .93, .89, .96, NaN
57.0, 52.27, .95, .89, .96, NaN
34.0, 53.05, .93, .89, .97, NaN
55.0, 53.06, .94, .92, .98, NaN
47.0, 52.51, .91, .91, .95, NaN
42.0, 52.44, .93, .89, .98, NaN
59.0, 51.20, .93, .89, .95, NaN
44.0, 52.64, .94, .90, .96, NaN
55.0, 52.15, .92, .88, .96, NaN
54.0, 52.70, .93, .89, .97, NaN
55.0, 50.72, .94, .87, .95, NaN
59.0, 52.65, .94, .87, .98, NaN
53.0, 53.47, .91, .92, .96, NaN
46.0, 51.55, .94, .89, .97, NaN
58.0, 52.08, .93, .89, .98, NaN
57.0, 52.95, .94, .89, .97, NaN
54.0, 52.52, .94, .88, .98, NaN
45.0, 52.25, .93, .88, .98, NaN
42.0, 51.61, .92, .89, .95, NaN
55.0, 51.03, .90, .87, .96, NaN
51.0, 52.19, .93, .88, .97, NaN
53.0, 51.94, .94, .89, .96, NaN
52.0, 53.60, .94, .90, .99, NaN
57.0, 53.13, .94, .90, .97, NaN
53.0, 54.14, .95, .90, .98, NaN
53.0, 52.68, .95, .90, .97, NaN
51.0, 52.93, .93, .91, .97, NaN
54.0, 53.10, .91, .90, .97, NaN
49.0, 52.68, .94, .88, .97, NaN
49.0, 53.25, .93, .90, .98, NaN
52.0, 52.89, .92, .89, .97, NaN
52.0, 52.16, .94, .88, .96, NaN
54.0, 52.60, .94, .89, .98, NaN
50.0, 52.15, .92, .88, .97, NaN
54.0, 51.57, .94, .87, .96, NaN
50.0, 52.22, .94, .86, .98, NaN
52.0, 51.86, .93, .87, .98, NaN
56.0, 51.42, .94, .88, .97, NaN
55.0, 51.11, .91, .86, .97, NaN
54.0, 52.32, .93, .88, .98, NaN
57.0, 51.60, .92, .86, .98, NaN
50.0, 49.81, .92, .86, .96, NaN
53.0, 52.41, .92, .87, .98, NaN
54.0, 51.92, .93, .87, .98, NaN
52.0, 51.28, .93, .88, .96, NaN
53.0, 52.31, .92, .90, .97, NaN
54.0, 53.23, .94, .88, .99, NaN
58.0, 51.70, .93, .88, .97, NaN
53.0, 51.73, .93, .89, .96, NaN
55.0, 51.91, .94, .86, .97, NaN
54.0, 52.83, .95, .87, .99, NaN
51.0, 51.62, .95, .89, .94, NaN
53.0, 51.87, .93, .88, .97, NaN
55.0, 52.38, .94, .89, .98, NaN
53.0, 51.23, .95, .85, .96, NaN
58.0, 53.00, .94, .87, .98, NaN
34.0, 51.68, .93, .86, .97, NaN
48.0, 50.82, .94, .87, .96, NaN
54.0, 51.81, .92, .86, .97, NaN
45.0, 50.30, .91, .87, .95, NaN
53.0, 50.59, .89, .86, .96, NaN
42.0, 50.90, .89, .86, .96, NaN
54.0, 51.00, .90, .87, .95, NaN
54.0, 52.32, .90, .88, .99, NaN
50.0, 50.40, .90, .88, .95, NaN
54.0, 51.42, .90, .87, .97, NaN
53.0, 52.04, .91, .86, .99, NaN
56.0, 51.16, .90, .88, .95, NaN
50.0, 51.04, .93, .87, .96, NaN
53.0, 51.78, .93, .86, .98, NaN
51.0, 50.26, .93, .85, .96, NaN
47.0, 51.14, .94, .86, .98, NaN
51.0, 51.26, .92, .87, .96, NaN
52.0, 49.55, .92, .87, .94, NaN
53.0, 50.98, .93, .88, .97, NaN
54.0, 51.18, .95, .87, .95, NaN
53.0, 51.44, .94, .87, .98, NaN
46.0, 51.55, .94, .87, .98, NaN
51.0, 52.12, .94, .87, .98, NaN
56.0, 50.75, .92, .86, .95, NaN
42.0, 51.36, .93, .87, .95, NaN
55.0, 51.20, .95, .87, .96, NaN
54.0, 52.21, .94, .88, .98, NaN
42.0, 51.75, .94, .88, .97, NaN
54.0, 51.79, .93, .86, .97, NaN
53.0, 51.17, .94, .88, .95, NaN
42.0, 51.79, .94, .87, .97, NaN
46.0, 52.33, .95, .87, .98, NaN
57.0, 51.62, .94, .89, .95, NaN
56.0, 52.57, .94, .91, .97, NaN
50.0, 52.50, .95, .89, .96, NaN
50.0, 53.00, .94, .89, .97, NaN
55.0, 52.79, .94, .90, .97, NaN
56.0, 54.41, .94, .91, .99, NaN
49.0, 52.19, .93, .91, .95, NaN
53.0, 53.30, .93, .91, .97, NaN
56.0, 53.06, .91, .91, .98, NaN
57.0, 53.71, .93, .91, .98, NaN
53.0, 53.92, .93, .91, .97, NaN
56.0, 52.62, .95, .90, .95, NaN
57.0, 52.56, .93, .91, .95, NaN
53.0, 53.87, .95, .91, .98, NaN
57.0, 53.87, .94, .91, .97, NaN
58.0, 54.21, .93, .91, .97, NaN
52.0, 54.11, .94, .90, .99, NaN
57.0, 54.06, .94, .91, .97, NaN
51.0, 53.82, .94, .91, .97, NaN
53.0, 52.58, .92, .92, .95, NaN
60.0, 52.87, .93, .91, .96, NaN
50.0, 54.27, .93, .91, .98, NaN
57.0, 53.96, .94, .92, .97, NaN
57.0, 53.34, .94, .92, .96, NaN
46.0, 54.62, .93, .91, .99, NaN
57.0, 52.17, .93, .92, .94, NaN
56.0, 54.20, .93, .92, .97, NaN
57.0, 53.02, .95, .90, .96, NaN
43.0, 53.92, .93, .91, .97, NaN
57.0, 54.10, .94, .91, .98, NaN
52.0, 54.08, .94, .91, .97, NaN
43.0, 55.06, .94, .92, .98, NaN
54.0, 54.63, .94, .92, .99, NaN
45.0, 53.39, .94, .93, .95, NaN
56.0, 53.89, .93, .91, .97, NaN
58.0, 53.59, .94, .92, .97, NaN
57.0, 54.26, .93, .92, .98, NaN
57.0, 52.59, .94, .90, .95, NaN
55.0, 54.04, .94, .93, .97, NaN
57.0, 53.88, .94, .91, .98, NaN
45.0, 55.20, .94, .92, .99, NaN
40.0, 52.43, .94, .92, .93, NaN
55.0, 52.44, .92, .92, .93, NaN
58.0, 53.18, .94, .88, .98, NaN
55.0, 53.37, .95, .92, .97, NaN
54.0, 53.66, .94, .93, .97, NaN
42.0, 54.11, .94, .91, .97, NaN
59.0, 53.88, .95, .92, .97, NaN
41.0, 53.17, .92, .90, .96, NaN
52.0, 54.53, .94, .92, .98, NaN
58.0, 55.13, .96, .91, .98, NaN
58.0, 53.39, .94, .91, .96, NaN
56.0, 54.22, .93, .92, .96, NaN
53.0, 54.70, .94, .90, .98, NaN
4.0, 52.14, .92, .91, .95, NaN
60.0, 51.51, .61, .69, .54, .32
70.0, 66.02, .62, .72, .48, .51
57.0, 62.05, .63, .69, .43, .51
61.0, 62.26, .65, .69, .44, .40
53.0, 54.20, .63, .68, .40, .28
47.0, 54.52, .66, .67, .41, .29
59.0, 56.16, .66, .67, .42, .27
73.0, 56.03, .65, .67, .42, .29
61.0, 58.30, .67, .68, .35, .26
38.0, 49.65, .67, .67, .38, .28
47.0, 52.91, .67, .72, .53, .29
81.0, 59.86, .68, .71, .53, .36
57.0, 58.27, .70, .71, .46, .32
53.0, 61.18, .69, .72, .47, .33
57.0, 60.75, .70, .72, .46, .32
62.0, 57.62, .69, .73, .45, .27
83.0, 61.25, .71, .72, .52, .32
58.0, 56.75, .69, .71, .50, .31
69.0, 60.08, .70, .70, .47, .39
83.0, 70.94, .73, .71, .53, .43
74.0, 76.42, .71, .70, .47, .45
81.0, 71.59, .73, .70, .51, .42
55.0, 80.47, .74, .71, .58, .47
71.0, 80.99, .73, .69, .56, .47
74.0, 59.40, .73, .75, .54, .29
70.0, 65.83, .73, .76, .48, .40
62.0, 80.52, .74, .73, .47, .49
75.0, 72.89, .73, .72, .50, .49
94.0, 77.97, .74, .75, .47, .45
76.0, 64.97, .73, .76, .46, .31
82.0, 76.15, .75, .76, .48, .51
78.0, 65.86, .74, .74, .49, .31
74.0, 64.16, .75, .77, .48, .30
60.0, 60.90, .77, .74, .48, .31
78.0, 81.81, .78, .73, .55, .54
84.0, 87.59, .77, .74, .49, .82
93.0, 94.06, .77, .77, .46, .87
99.0, 105.25, .77, .75, .51, .98
94.0, 99.22, .77, .72, .48, .99
103.0, 98.27, .77, .75, .49, .99
93.0, 102.45, .77, .75, .50, .99
94.0, 96.62, .79, .73, .50, .99
107.0, 97.66, .76, .75, .48, .99
104.0, 106.78, .79, .76, .52, .98
81.0, 102.38, .78, .77, .50, .98
79.0, 94.40, .78, .74, .47, .94
105.0, 91.09, .78, .78, .47, .87
103.0, 106.45, .79, .75, .53, .96
98.0, 99.00, .80, .76, .51, .91
108.0, 99.71, .80, .76, .53, 1.00
115.0, 91.47, .79, .75, .52, .85
102.0, 106.08, .81, .79, .52, .99
124.0, 108.86, .79, .80, .54, .99
111.0, 100.89, .79, .76, .51, .99
137.0, 114.10, .79, .81, .57, .90
110.0, 107.08, .79, .78, .53, .96
110.0, 107.24, .79, .75, .55, .98
102.0, 106.14, .79, .78, .54, .97
124.0, 101.91, .79, .78, .50, .99
91.0, 100.55, .78, .80, .48, 1.00
104.0, 105.99, .79, .79, .50, .99
128.0, 106.16, .79, .80, .52, .97
106.0, 114.68, .80, .81, .54, .99
98.0, 101.76, .81, .82, .49, .98
120.0, 109.12, .81, .84, .53, .94
113.0, 115.07, .81, .81, .57, .94
126.0, 116.14, .80, .81, .58, .97
105.0, 111.91, .79, .82, .56, .95
124.0, 105.19, .78, .83, .59, .84
122.0, 111.60, .78, .84, .63, .83
133.0, 122.55, .79, .86, .58, .99
125.0, 131.49, .79, .86, .64, .98
90.0, 127.53, .78, .85, .63, .99
114.0, 119.92, .78, .86, .58, .99
118.0, 116.89, .78, .81, .58, .97
121.0, 126.15, .79, .80, .62, .98
128.0, 121.71, .81, .80, .59, .97
117.0, 118.09, .80, .83, .60, .90
129.0, 119.02, .80, .82, .57, .97
127.0, 129.08, .78, .81, .63, 1.00
125.0, 116.45, .79, .81, .59, .91
130.0, 120.22, .78, .82, .59, .95
118.0, 120.48, .80, .82, .62, .94
122.0, 121.08, .80, .80, .65, .91
127.0, 122.59, .78, .82, .60, .99
102.0, 124.02, .79, .81, .59, .97
117.0, 111.50, .77, .83, .58, .88
85.0, 116.43, .77, .80, .56, .95
110.0, 114.80, .78, .81, .56, .94
109.0, 120.43, .78, .81, .57, .98
111.0, 110.07, .79, .79, .51, .99
109.0, 110.17, .80, .79, .53, .92
107.0, 100.06, .80, .81, .51, .90
103.0, 108.26, .81, .79, .52, .92
101.0, 108.92, .80, .78, .51, .96
118.0, 111.09, .80, .79, .52, .97
115.0, 113.29, .79, .79, .54, .97
121.0, 111.59, .80, .82, .52, .95
113.0, 102.47, .80, .82, .54, .80
125.0, 114.09, .79, .82, .52, .99
114.0, 117.56, .81, .82, .54, .98
89.0, 118.07, .82, .83, .55, .98
102.0, 112.38, .82, .82, .52, .97
126.0, 118.56, .81, .81, .58, .89
112.0, 121.84, .81, .82, .56, .97
113.0, 115.01, .80, .81, .53, .97
110.0, 115.50, .80, .84, .53, 1.00
112.0, 111.41, .81, .85, .51, .98
128.0, 114.86, .82, .82, .54, .84
108.0, 105.70, .81, .81, .48, .99
94.0, 102.42, .83, .81, .48, .96
118.0, 115.70, .82, .82, .51, .98
118.0, 115.76, .82, .81, .53, .99
112.0, 111.05, .83, .82, .51, .96
109.0, 105.53, .83, .82, .48, .98
116.0, 108.38, .82, .82, .50, .97
120.0, 107.74, .82, .82, .52, .86
127.0, 111.69, .81, .83, .52, .97
126.0, 126.00, .82, .84, .58, .98
125.0, 125.86, .82, .84, .60, .97
124.0, 129.50, .82, .85, .60, 1.00
118.0, 119.71, .83, .80, .58, .94
123.0, 120.36, .81, .83, .58, .95
118.0, 120.95, .81, .85, .57, .95
130.0, 122.50, .83, .84, .58, .97
109.0, 120.41, .82, .84, .56, .96
117.0, 123.74, .82, .84, .57, .99
139.0, 121.48, .81, .83, .58, .97
113.0, 132.38, .83, .84, .63, .97
137.0, 133.07, .82, .84, .63, .97
120.0, 128.90, .82, .83, .61, .97
109.0, 119.17, .82, .83, .55, .98
122.0, 123.17, .81, .84, .57, .99
127.0, 128.77, .82, .85, .62, .97
133.0, 134.37, .82, .84, .65, .97
116.0, 137.44, .81, .82, .69, .94
138.0, 134.36, .81, .82, .68, .95
129.0, 132.70, .81, .82, .70, .96
139.0, 133.94, .81, .83, .67, .92
137.0, 134.03, .82, .83, .66, .93
138.0, 136.01, .80, .81, .71, .98
129.0, 137.17, .82, .83, .71, .95
133.0, 138.48, .82, .82, .68, .98
150.0, 137.79, .82, .83, .69, .99
136.0, 131.08, .80, .83, .70, .84
122.0, 139.44, .80, .84, .72, .94
164.0, 142.12, .81, .84, .74, .99
144.0, 143.69, .82, .83, .73, .96
154.0, 141.19, .82, .83, .70, .98
124.0, 142.50, .83, .84, .71, .96
157.0, 150.55, .83, .83, .76, .96
151.0, 143.42, .82, .84, .71, .94
146.0, 143.06, .82, .84, .74, .94
153.0, 142.36, .84, .84, .71, .99
150.0, 144.31, .83, .85, .70, .99
158.0, 139.45, .84, .85, .73, .88
118.0, 146.67, .83, .83, .75, .98
147.0, 148.92, .84, .83, .73, .98
148.0, 143.41, .81, .81, .75, .99
134.0, 141.42, .83, .82, .75, .98
154.0, 143.97, .82, .81, .76, .95
147.0, 146.63, .82, .83, .72, .99
138.0, 145.90, .83, .85, .72, .99
122.0, 145.69, .84, .83, .73, .97
147.0, 134.67, .82, .85, .70, .90
146.0, 144.11, .83, .82, .72, .99
141.0, 143.43, .84, .83, .72, 1.00
146.0, 143.16, .83, .83, .72, .95
143.0, 145.29, .84, .84, .72, .97
137.0, 145.09, .84, .85, .73, .94
156.0, 146.69, .84, .84, .74, .97
148.0, 149.67, .85, .86, .72, .99
121.0, 144.75, .84, .84, .70, .97
149.0, 136.88, .85, .85, .65, .96
137.0, 140.88, .84, .85, .65, .99
140.0, 141.27, .85, .86, .65, 1.00
133.0, 132.79, .83, .85, .64, .94
129.0, 139.97, .82, .86, .65, .98
142.0, 141.79, .83, .86, .68, .98
149.0, 143.66, .82, .85, .69, .98
143.0, 135.47, .83, .84, .69, .97
134.0, 133.91, .82, .83, .69, .97
139.0, 142.53, .83, .83, .71, .99
139.0, 140.81, .81, .83, .69, .99
132.0, 133.92, .82, .83, .68, .95
136.0, 136.14, .81, .84, .68, .99
107.0, 130.86, .82, .84, .70, .85
136.0, 137.03, .81, .83, .69, .95
120.0, 138.56, .79, .84, .70, .94
136.0, 136.74, .80, .82, .73, .90
151.0, 139.23, .80, .82, .68, .98
150.0, 141.83, .81, .86, .71, .97
165.0, 147.97, .81, .87, .72, .99
135.0, 146.53, .82, .87, .71, .96
123.0, 147.41, .81, .86, .73, .96
148.0, 141.85, .81, .87, .70, .94
144.0, 134.06, .80, .88, .70, .88
146.0, 139.61, .82, .87, .69, .99
157.0, 141.42, .82, .84, .69, 1.00
158.0, 145.83, .82, .86, .72, .97
143.0, 147.58, .83, .89, .72, .98
157.0, 142.97, .81, .87, .70, .98
135.0, 143.53, .81, .87, .71, .97
142.0, 143.33, .83, .87, .70, .96
157.0, 145.65, .81, .88, .72, .97
133.0, 146.69, .83, .88, .71, .98
158.0, 143.64, .83, .87, .70, .97
140.0, 138.55, .81, .87, .68, .96
148.0, 144.68, .82, .86, .70, .99
152.0, 144.96, .83, .87, .71, .98
121.0, 140.56, .81, .86, .71, .97
151.0, 140.77, .81, .89, .71, .94
127.0, 142.34, .80, .87, .70, .96
131.0, 137.75, .82, .88, .71, .92
132.0, 134.11, .80, .86, .70, .91
143.0, 137.30, .81, .88, .71, .92
150.0, 143.24, .80, .88, .72, .98
146.0, 142.79, .82, .87, .69, .99
115.0, 143.58, .81, .88, .70, .99
120.0, 135.64, .81, .87, .70, .93
144.0, 140.33, .81, .87, .72, .98
140.0, 144.24, .80, .88, .72, .99
145.0, 144.36, .82, .89, .70, .97
152.0, 145.59, .82, .88, .72, 1.00
144.0, 140.58, .81, .88, .70, .97
151.0, 141.75, .82, .88, .70, .94
156.0, 143.71, .82, .88, .70, .98
143.0, 145.12, .83, .87, .72, .97
138.0, 147.89, .83, .88, .71, .99
129.0, 141.36, .83, .86, .69, .97
137.0, 142.34, .84, .86, .70, .98
151.0, 145.32, .84, .86, .71, .97
160.0, 148.05, .84, .86, .71, .99
147.0, 138.53, .84, .87, .72, .86
145.0, 147.13, .85, .89, .71, .98
153.0, 150.84, .84, .89, .70, 1.00
143.0, 148.83, .85, .87, .71, .98
146.0, 143.93, .84, .85, .70, .94
155.0, 144.41, .83, .87, .70, .98
145.0, 145.20, .83, .86, .72, .97
144.0, 146.48, .86, .88, .70, .99
141.0, 154.08, .83, .89, .73, 1.00
158.0, 160.95, .84, .88, .78, .95
169.0, 164.02, .84, .88, .81, .98
171.0, 158.38, .85, .87, .81, .94
163.0, 160.50, .86, .87, .81, .96
173.0, 161.28, .85, .88, .80, .95
171.0, 163.44, .85, .87, .80, .97
176.0, 168.30, .84, .89, .81, .96
140.0, 164.14, .83, .88, .83, .97
161.0, 158.19, .84, .87, .81, .93
166.0, 164.77, .83, .88, .82, .99
166.0, 169.09, .86, .88, .82, .99
164.0, 168.24, .85, .88, .81, .99
173.0, 161.69, .85, .86, .79, .97
169.0, 161.97, .85, .88, .78, .96
157.0, 168.43, .85, .86, .81, .99
148.0, 169.35, .86, .88, .84, .98
183.0, 177.24, .86, .89, .87, .97
173.0, 166.78, .85, .87, .81, .99
158.0, 167.88, .84, .87, .86, .95
182.0, 170.86, .86, .86, .86, .99
177.0, 176.61, .86, .88, .87, .99
180.0, 170.47, .82, .88, .84, .99
167.0, 175.55, .85, .84, .87, .99
138.0, 161.79, .85, .87, .85, .94
167.0, 171.45, .85, .87, .86, .97
126.0, 168.13, .85, .87, .85, .95
150.0, 170.73, .84, .88, .84, .99
168.0, 166.36, .85, .87, .82, .98
132.0, 171.29, .85, .86, .86, .98
180.0, 171.85, .86, .85, .87, .99
181.0, 170.47, .83, .84, .86, 1.00
148.0, 161.79, .85, .85, .85, .90
180.0, 169.22, .84, .86, .86, .97
173.0, 173.18, .85, .87, .87, .97
169.0, 168.47, .85, .85, .86, .95
155.0, 174.54, .86, .85, .86, .99
176.0, 166.75, .84, .83, .85, .98
174.0, 171.79, .87, .85, .85, .99
171.0, 174.58, .86, .86, .86, .98
178.0, 171.98, .85, .84, .87, .98
174.0, 170.91, .84, .85, .86, .97
175.0, 170.74, .86, .85, .87, .99
145.0, 161.58, .85, .84, .87, .93
185.0, 174.49, .85, .83, .87, .97
185.0, 173.23, .87, .87, .86, .93
170.0, 170.33, .87, .85, .87, .94
175.0, 172.54, .88, .85, .87, .96
140.0, 160.43, .88, .83, .85, .94
136.0, 170.22, .87, .85, .84, .95
166.0, 156.70, .87, .83, .81, .96
160.0, 164.53, .86, .84, .81, .99
166.0, 169.71, .86, .83, .86, .99
175.0, 175.70, .88, .82, .86, .99
182.0, 178.86, .87, .83, .87, .99
160.0, 170.96, .87, .84, .84, .95
170.0, 171.46, .88, .86, .84, .97
179.0, 172.07, .87, .85, .84, .98
132.0, 169.62, .86, .86, .85, .96
145.0, 171.81, .88, .86, .86, .96
174.0, 168.39, .88, .86, .84, .96
173.0, 172.62, .88, .85, .86, 1.00
166.0, 163.65, .87, .84, .84, .96
181.0, 174.94, .88, .86, .86, .99
140.0, 166.26, .89, .86, .83, .96
185.0, 172.08, .89, .86, .87, .95
175.0, 172.81, .86, .87, .86, .97
176.0, 171.97, .88, .88, .86, .96
181.0, 164.81, .86, .86, .85, .97
161.0, 171.81, .88, .86, .85, .97
169.0, 167.52, .87, .86, .83, .99
179.0, 165.55, .88, .86, .86, .90
182.0, 171.16, .87, .88, .86, .98
164.0, 163.56, .87, .85, .82, .95
172.0, 168.58, .86, .87, .81, .95
156.0, 167.34, .88, .88, .82, .96
152.0, 153.55, .87, .86, .75, .93
157.0, 154.29, .87, .87, .72, .98
155.0, 153.80, .88, .89, .71, .96
156.0, 153.67, .88, .86, .74, .97
155.0, 152.76, .86, .88, .72, .97
154.0, 157.95, .88, .88, .74, .96
160.0, 160.28, .87, .88, .74, .95
174.0, 160.82, .89, .86, .75, .99
189.0, 163.86, .89, .86, .77, .95
162.0, 163.14, .87, .88, .75, 1.00
165.0, 161.35, .87, .88, .74, 1.00
169.0, 159.64, .88, .87, .75, 1.00
168.0, 157.15, .87, .87, .77, .94
180.0, 161.46, .87, .87, .76, .97
164.0, 153.11, .89, .87, .75, .91
151.0, 155.60, .89, .87, .74, .93
167.0, 162.16, .87, .88, .77, .96
156.0, 163.65, .87, .87, .75, .99
132.0, 154.62, .88, .84, .72, 1.00
171.0, 149.68, .87, .86, .74, .94
152.0, 154.87, .89, .87, .75, .93
160.0, 150.84, .86, .85, .77, .88
148.0, 158.13, .87, .87, .75, .99
164.0, 160.86, .87, .86, .75, .99
162.0, 159.02, .88, .86, .75, .99
174.0, 161.07, .89, .88, .75, .99
166.0, 154.88, .88, .88, .75, .92
164.0, 155.46, .89, .88, .73, .98
126.0, 153.33, .86, .86, .75, .94
136.0, 161.68, .88, .89, .76, .96
161.0, 167.53, .87, .87, .79, .98
145.0, 168.19, .85, .86, .82, .97
132.0, 151.64, .86, .81, .78, .95
154.0, 158.97, .88, .83, .77, .99
128.0, 139.31, .87, .82, .69, .99
104.0, 136.24, .89, .85, .69, .97
139.0, 132.38, .88, .83, .64, .87
146.0, 142.22, .88, .84, .66, .99
147.0, 141.20, .87, .85, .68, .96
111.0, 137.17, .88, .83, .64, .99
139.0, 135.97, .87, .84, .64, .98
134.0, 128.01, .88, .85, .63, .87
150.0, 137.61, .88, .84, .64, .97
136.0, 144.63, .88, .84, .68, .98
148.0, 128.45, .86, .85, .60, .98
183.0, 155.21, .88, .84, .71, .99
134.0, 145.37, .88, .82, .75, .92
145.0, 154.97, .88, .84, .74, .98
159.0, 155.80, .89, .84, .72, .99
157.0, 144.28, .90, .85, .65, 1.00
153.0, 146.25, .89, .86, .69, .95
154.0, 154.86, .90, .84, .71, .99
149.0, 148.34, .89, .84, .69, 1.00
160.0, 159.39, .89, .84, .75, .95
148.0, 150.53, .90, .84, .70, .97
149.0, 150.24, .88, .85, .72, .93
149.0, 149.85, .89, .85, .68, 1.00
145.0, 146.34, .90, .84, .68, .96
141.0, 154.86, .89, .85, .75, .98
151.0, 154.38, .89, .84, .77, .91
166.0, 145.68, .90, .84, .73, .93
125.0, 155.04, .88, .85, .76, .97
146.0, 157.50, .90, .86, .78, .96
160.0, 156.27, .90, .85, .75, .97
138.0, 154.88, .87, .84, .74, .95
160.0, 154.36, .89, .85, .75, .96
158.0, 156.53, .90, .85, .75, .99
155.0, 148.26, .89, .82, .72, .99
161.0, 157.27, .88, .84, .73, 1.00
157.0, 152.49, .89, .82, .75, .95
150.0, 158.13, .90, .86, .77, .96
161.0, 161.12, .89, .86, .78, .99
171.0, 161.37, .88, .85, .80, .99
172.0, 164.94, .89, .85, .80, .99
172.0, 163.07, .89, .86, .80, .95
162.0, 165.36, .89, .88, .81, .98
164.0, 170.80, .89, .87, .81, 1.00
154.0, 163.18, .89, .87, .77, .98
168.0, 166.69, .90, .88, .82, .98
159.0, 167.39, .89, .86, .80, .97
172.0, 172.34, .89, .85, .81, 1.00
179.0, 169.97, .89, .87, .81, .97
167.0, 167.29, .90, .87, .80, .98
174.0, 162.03, .88, .87, .81, .95
183.0, 168.85, .89, .86, .80, .98
177.0, 180.44, .90, .88, .86, .99
189.0, 184.36, .90, .88, .87, .99
178.0, 172.82, .90, .87, .85, .94
191.0, 175.19, .89, .87, .88, .93
174.0, 179.73, .91, .87, .86, 1.00
195.0, 178.04, .90, .86, .86, .99
178.0, 182.16, .88, .86, .87, .98
187.0, 182.37, .89, .89, .86, .99
160.0, 182.79, .90, .88, .84, .99
176.0, 181.84, .90, .87, .87, .97
199.0, 176.12, .90, .86, .86, .96
176.0, 183.99, .90, .87, .87, .99
189.0, 184.14, .89, .87, .87, .99
143.0, 179.90, .89, .87, .86, .98
160.0, 175.56, .91, .87, .87, .95
180.0, 177.81, .90, .87, .86, .97
172.0, 178.85, .90, .87, .86, .98
182.0, 175.93, .89, .87, .86, .94
185.0, 179.97, .89, .85, .88, .98
169.0, 181.05, .88, .86, .88, .99
191.0, 181.65, .90, .87, .86, .99
194.0, 184.47, .88, .86, .90, .96
183.0, 193.10, .91, .87, .93, .99
165.0, 184.55, .90, .87, .92, .94
146.0, 177.84, .87, .87, .90, .95
207.0, 179.04, .88, .86, .90, .96
149.0, 194.00, .88, .89, .93, .99
190.0, 175.87, .89, .86, .89, .94
150.0, 177.44, .90, .88, .87, .96
197.0, 188.43, .89, .89, .93, .94
193.0, 190.98, .89, .87, .91, .98
184.0, 178.49, .87, .87, .93, .91
197.0, 188.14, .89, .87, .93, .98
185.0, 181.77, .89, .86, .92, .97
172.0, 173.60, .88, .85, .91, .93
190.0, 171.86, .89, .85, .89, .94
185.0, 174.33, .88, .86, .92, .92
157.0, 178.50, .87, .84, .91, .98
201.0, 178.78, .90, .85, .90, .99
176.0, 183.89, .88, .85, .91, .99
197.0, 182.19, .87, .90, .91, .99
165.0, 192.26, .88, .89, .93, .99
206.0, 180.35, .90, .89, .92, .91
186.0, 184.05, .89, .87, .91, .97
197.0, 184.30, .89, .88, .90, .98
195.0, 189.47, .89, .89, .92, .98
200.0, 193.95, .90, .89, .91, .99
201.0, 185.44, .89, .89, .92, .95
168.0, 186.34, .88, .90, .92, .96
183.0, 187.74, .87, .89, .90, .98
142.0, 184.87, .89, .88, .91, .96
186.0, 184.91, .87, .90, .91, .96
187.0, 182.85, .88, .90, .87, .98
187.0, 184.34, .88, .90, .90, .96
197.0, 183.77, .88, .89, .91, .95
157.0, 189.85, .87, .89, .92, .97
193.0, 184.21, .87, .90, .93, .94
190.0, 185.65, .87, .90, .90, .99
176.0, 183.31, .89, .89, .89, .98
184.0, 188.22, .89, .90, .91, .97
197.0, 186.22, .89, .89, .91, .97
199.0, 190.88, .89, .89, .91, .99
190.0, 189.64, .88, .90, .91, .97
193.0, 187.34, .88, .90, .92, .96
193.0, 179.70, .88, .89, .87, .98
192.0, 173.14, .87, .90, .91, .89
200.0, 185.47, .89, .90, .91, .96
182.0, 188.98, .86, .89, .93, .99
199.0, 179.75, .88, .90, .91, .92
192.0, 193.25, .88, .90, .93, .99
166.0, 186.38, .88, .90, .90, .98
184.0, 186.10, .87, .90, .92, .96
184.0, 182.93, .88, .89, .88, .98
191.0, 183.24, .89, .90, .90, .96
199.0, 184.14, .89, .89, .90, .98
208.0, 191.35, .88, .90, .93, .99
183.0, 184.86, .89, .90, .93, .95
189.0, 191.42, .88, .88, .94, .99
206.0, 193.00, .88, .89, .98, .96
204.0, 180.79, .87, .89, .91, .92
197.0, 188.78, .88, .89, .95, .98
197.0, 195.47, .89, .91, .96, 1.00
199.0, 193.96, .88, .90, .96, .95
195.0, 191.26, .88, .90, .96, .96
205.0, 189.82, .89, .87, .96, .98
191.0, 186.11, .88, .90, .94, .95
194.0, 198.13, .87, .89, .98, .99
201.0, 198.65, .89, .90, .97, 1.00
186.0, 197.41, .88, .89, .97, .99
202.0, 194.18, .88, .89, .96, .99
195.0, 187.56, .90, .88, .93, .98
192.0, 190.34, .89, .90, .92, .99
204.0, 189.56, .89, .90, .94, .95
196.0, 193.54, .89, .89, .94, .98
208.0, 202.69, .89, .91, .98, 1.00
206.0, 198.64, .89, .88, .98, .98
209.0, 187.36, .88, .90, .98, .91
189.0, 200.55, .91, .90, .98, .97
197.0, 195.55, .91, .88, .95, .97
175.0, 189.55, .89, .89, .94, .93
169.0, 201.16, .91, .90, .96, .99
155.0, 194.19, .90, .85, .97, .97
204.0, 189.93, .90, .88, .94, .96
160.0, 195.54, .88, .89, .96, .97
206.0, 193.35, .89, .89, .99, .94
205.0, 194.58, .91, .88, .96, .97
199.0, 198.35, .91, .89, .97, .98
205.0, 198.13, .91, .88, .96, .99
198.0, 190.47, .91, .87, .99, .93
203.0, 193.15, .91, .88, .98, .95
202.0, 194.40, .91, .90, .98, .94
195.0, 190.36, .89, .87, .97, .95
205.0, 202.09, .91, .91, .97, .99
198.0, 201.02, .90, .90, .94, 1.00
203.0, 194.70, .91, .88, .95, .97
196.0, 191.16, .90, .89, .94, .96
170.0, 196.98, .91, .90, .98, .94
208.0, 200.12, .91, .91, .97, .96
203.0, 196.91, .91, .90, .96, .97
208.0, 182.11, .89, .90, .95, .90
206.0, 190.32, .90, .88, .96, .94
204.0, 187.62, .88, .89, .94, .94
154.0, 194.08, .89, .90, .96, .96
191.0, 192.21, .90, .89, .95, .95
221.0, 192.88, .91, .90, .95, .95
206.0, 198.23, .89, .89, .96, .99
205.0, 184.49, .89, .89, .95, .92
204.0, 195.60, .90, .89, .97, .96
207.0, 203.98, .89, .90, .99, .98
160.0, 200.79, .89, .89, .99, .97
214.0, 184.14, .89, .88, .96, .89
203.0, 197.08, .91, .90, .96, .96
164.0, 193.18, .90, .89, .93, .97
206.0, 199.42, .89, .91, .98, .97
216.0, 200.94, .90, .90, .97, .97
199.0, 203.49, .91, .90, .97, 1.00
172.0, 196.04, .89, .89, .97, .97
192.0, 198.44, .89, .90, .95, .99
199.0, 204.37, .90, .90, .98, .98
203.0, 194.09, .91, .91, .93, .97
219.0, 201.00, .92, .89, .96, .98
203.0, 195.98, .90, .91, .96, .94
215.0, 196.08, .91, .91, .95, .96
213.0, 205.75, .89, .91, .97, .99
209.0, 199.91, .91, .89, .97, .97
206.0, 192.31, .90, .90, .97, .93
204.0, 200.10, .90, .92, .98, .98
215.0, 206.94, .92, .90, .98, .99
199.0, 199.17, .90, .90, .98, .95
178.0, 196.26, .90, .92, .95, .96
211.0, 200.46, .90, .90, .97, .99
210.0, 206.53, .90, .91, .98, .99
203.0, 200.24, .91, .89, .97, .98
201.0, 204.76, .91, .92, .96, .99
212.0, 203.06, .90, .92, .98, .98
198.0, 195.02, .89, .91, .98, .93
209.0, 197.78, .91, .90, .94, .99
214.0, 198.57, .90, .92, .96, .96
208.0, 202.32, .89, .90, .97, .98
206.0, 198.77, .91, .89, .97, .95
211.0, 205.78, .91, .90, .98, 1.00
204.0, 199.12, .92, .92, .97, .94
219.0, 207.75, .90, .91, .97, 1.00
186.0, 201.08, .90, .91, .95, .99
213.0, 204.54, .92, .92, .97, .98
198.0, 202.18, .92, .92, .97, .97
164.0, 196.45, .90, .91, .96, .95
151.0, 200.65, .90, .91, .99, .94
211.0, 207.49, .90, .91, .98, .99
167.0, 184.58, .90, .89, .95, .90
197.0, 193.53, .91, .89, .97, .94
197.0, 195.12, .92, .89, .94, .97
210.0, 199.11, .90, .90, .95, .97
213.0, 203.65, .90, .90, .98, .99
213.0, 203.75, .91, .90, .97, 1.00
203.0, 199.88, .90, .90, .96, .97
201.0, 203.52, .94, .88, .98, .99
194.0, 195.58, .91, .89, .96, .96
206.0, 191.21, .91, .89, .95, .94
195.0, 196.45, .93, .89, .95, .95
206.0, 198.15, .92, .89, .95, 1.00
205.0, 202.78, .91, .91, .98, .97
213.0, 197.21, .90, .89, .99, .95
211.0, 200.68, .92, .89, .98, .96
210.0, 199.73, .92, .88, .97, .99
214.0, 202.79, .91, .91, .96, .99
205.0, 198.24, .90, .89, .99, .96
188.0, 198.50, .90, .90, .96, .97
201.0, 198.81, .92, .89, .94, .99
169.0, 196.42, .91, .89, .97, .96
206.0, 201.22, .91, .90, .98, .97
208.0, 207.90, .91, .90, .98, .98
214.0, 203.42, .90, .89, .97, .99
198.0, 200.31, .92, .90, .96, .97
213.0, 196.06, .90, .89, .96, .97
195.0, 198.53, .90, .88, .97, .97
200.0, 194.72, .91, .90, .98, .95
212.0, 199.96, .91, .90, .97, .98
169.0, 197.65, .89, .89, .97, .97
200.0, 192.25, .91, .90, .98, .92
197.0, 200.91, .90, .90, .97, .97
203.0, 202.99, .91, .89, .97, .99
208.0, 191.27, .91, .91, .94, .92
206.0, 199.11, .90, .89, .97, .97
153.0, 189.98, .91, .91, .94, .94
192.0, 188.01, .91, .89, .95, .92
174.0, 195.84, .90, .89, .97, .96
163.0, 201.64, .90, .90, .98, .98
213.0, 198.73, .92, .89, .97, .97
176.0, 197.69, .90, .90, .97, .95
209.0, 196.90, .89, .90, .97, .97
205.0, 200.97, .91, .90, .98, .97
197.0, 200.67, .91, .90, .98, .97
201.0, 198.59, .89, .90, .95, .99
163.0, 196.20, .92, .89, .97, .96
163.0, 195.22, .90, .88, .97, .94
199.0, 197.38, .90, .90, .98, .95
192.0, 195.93, .90, .90, .93, .98
210.0, 191.97, .89, .91, .92, .96
189.0, 200.84, .90, .90, .94, 1.00
209.0, 202.15, .91, .90, .96, .99
206.0, 200.68, .91, .90, .98, .96
201.0, 207.55, .89, .91, .99, .98
204.0, 197.10, .91, .92, .98, .93
209.0, 205.79, .92, .91, .97, .98
222.0, 210.89, .92, .92, .98, .99
197.0, 211.46, .91, .90, .99, 1.00
215.0, 205.94, .89, .91, .97, .99
174.0, 195.05, .90, .92, .94, .96
204.0, 202.07, .91, .92, .98, .95
196.0, 200.76, .91, .89, .95, .99
215.0, 195.53, .90, .92, .96, .96
203.0, 203.33, .91, .90, .97, .97
197.0, 202.19, .89, .91, .98, .97
210.0, 199.05, .91, .90, .95, .99
214.0, 205.58, .91, .90, .98, .98
211.0, 201.36, .91, .92, .97, .94
200.0, 193.44, .91, .92, .92, .95
205.0, 197.56, .89, .90, .93, .98
196.0, 201.31, .90, .92, .95, .99
220.0, 205.28, .91, .92, .98, .97
204.0, 200.78, .91, .90, .97, .96
213.0, 210.31, .92, .91, .97, 1.00
218.0, 201.95, .91, .90, .98, .98
205.0, 201.76, .92, .89, .96, .97
199.0, 207.25, .91, .92, .98, .98
205.0, 198.30, .91, .92, .94, .95
218.0, 197.37, .91, .91, .95, .94
219.0, 197.36, .92, .92, .97, .93
167.0, 205.39, .91, .92, .94, .99
209.0, 204.48, .92, .89, .97, .98
229.0, 197.97, .92, .92, .95, .95
204.0, 208.47, .91, .90, .96, 1.00
202.0, 200.08, .92, .90, .94, .97
201.0, 200.02, .93, .91, .98, .94
204.0, 206.33, .93, .91, .98, .96
213.0, 205.29, .90, .91, .98, .96
203.0, 185.44, .92, .91, .93, .92
220.0, 201.67, .92, .90, .96, .97
216.0, 208.07, .93, .90, .97, .99
209.0, 203.71, .94, .90, .95, .99
204.0, 210.90, .90, .90, .97, .99
162.0, 200.24, .90, .89, .98, .93
218.0, 196.26, .91, .92, .96, .94
203.0, 206.14, .91, .91, .97, .99
216.0, 204.53, .92, .92, .97, .96
209.0, 201.64, .92, .91, .96, .97
213.0, 202.10, .92, .89, .99, .95
164.0, 204.33, .92, .90, .98, .97
226.0, 199.77, .91, .92, .97, .93
209.0, 201.73, .92, .91, .96, .96
215.0, 205.34, .91, .91, .98, .97
201.0, 203.52, .91, .91, .97, .96
176.0, 202.08, .91, .90, .96, .99
188.0, 205.38, .92, .91, .99, .96
202.0, 198.69, .90, .91, .93, .99
216.0, 203.84, .91, .89, .97, .99
201.0, 205.81, .91, .93, .95, .99
213.0, 203.78, .92, .91, .96, .97
208.0, 208.00, .92, .90, .98, .98
166.0, 198.58, .90, .90, .95, .96
192.0, 198.87, .91, .91, .97, .95
198.0, 197.92, .92, .89, .97, .96
187.0, 205.79, .91, .90, .96, .99
203.0, 196.24, .91, .90, .96, .97
208.0, 199.24, .92, .89, .97, .95
211.0, 189.78, .91, .91, .93, .92
203.0, 205.31, .92, .90, .97, .99
201.0, 200.79, .91, .89, .98, .94
194.0, 201.61, .91, .88, .98, .97
206.0, 207.00, .91, .90, .97, .99
214.0, 197.81, .91, .90, .95, .95
192.0, 202.19, .92, .90, .97, .97
219.0, 210.85, .92, .92, .98, .99
219.0, 207.25, .92, .91, .97, .98
149.0, 205.42, .91, .91, .97, .97
170.0, 193.25, .90, .91, .95, .93
188.0, 201.25, .92, .91, .97, .96
189.0, 192.30, .92, .92, .94, .90
176.0, 196.14, .91, .91, .95, .96
205.0, 202.09, .90, .92, .97, .96
195.0, 203.84, .91, .91, .96, .98
208.0, 205.44, .90, .91, .97, .98
200.0, 195.98, .91, .90, .96, .96
209.0, 194.53, .90, .91, .96, .93
201.0, 202.09, .91, .89, .98, .99
208.0, 202.25, .90, .92, .99, .95
161.0, 206.32, .91, .91, .97, .99
216.0, 192.21, .92, .91, .97, .93
152.0, 200.63, .91, .90, .97, .97
212.0, 193.28, .91, .91, .95, .94
192.0, 191.98, .91, .88, .94, .95
195.0, 200.93, .89, .89, .96, .98
216.0, 199.11, .91, .89, .94, .99
206.0, 204.88, .91, .90, .99, .98
214.0, 202.24, .92, .88, .97, .98
209.0, 193.89, .90, .90, .94, .97
170.0, 198.48, .89, .89, .96, .98
216.0, 202.15, .91, .92, .96, .98
203.0, 199.24, .92, .90, .95, .98
215.0, 205.31, .90, .91, .97, 1.00
205.0, 198.72, .90, .92, .97, .95
198.0, 207.90, .91, .90, .97, .99
203.0, 205.94, .91, .92, .95, .99
209.0, 200.86, .91, .91, .96, .97
214.0, 206.33, .90, .91, .98, .98
203.0, 208.19, .91, .92, .99, .99
211.0, 200.55, .89, .91, .97, .97
157.0, 202.97, .91, .90, .95, .99
202.0, 197.98, .91, .91, .96, .94
216.0, 205.15, .91, .91, .97, .98
214.0, 206.55, .92, .90, .98, .98
199.0, 201.08, .90, .91, .98, .95
210.0, 205.77, .91, .91, .96, 1.00
211.0, 207.17, .91, .92, .96, .99
203.0, 207.66, .91, .90, .99, .99
217.0, 206.74, .92, .92, .97, .98
147.0, 196.29, .91, .90, .95, .97
214.0, 202.97, .92, .89, .97, .97
208.0, 204.83, .91, .90, .97, .98
199.0, 201.79, .91, .90, .98, .95
167.0, 204.98, .91, .92, .98, .97
208.0, 201.60, .88, .92, .95, .99
209.0, 193.87, .91, .90, .96, .94
214.0, 198.75, .92, .92, .96, .96
144.0, 199.31, .91, .91, .96, .97
194.0, 201.67, .91, .92, .94, .98
215.0, 203.80, .91, .91, .96, .99
209.0, 207.36, .92, .91, .98, .99
218.0, 210.84, .91, .92, .99, .99
220.0, 203.86, .91, .92, .98, .97
208.0, 206.07, .91, .90, .97, 1.00
206.0, 199.34, .91, .91, .97, .94
218.0, 188.81, .91, .91, .95, .91
211.0, 204.08, .90, .92, .95, .98
218.0, 203.64, .91, .89, .97, .98
227.0, 202.90, .92, .90, .97, .97
196.0, 203.47, .91, .91, .96, .98
212.0, 197.15, .92, .91, .95, .95
216.0, 197.99, .91, .91, .94, .96
213.0, 202.83, .91, .91, .96, .98
219.0, 194.15, .93, .91, .98, .89
212.0, 209.07, .93, .91, .96, .99
215.0, 205.19, .91, .90, .98, .98
227.0, 204.54, .92, .91, .95, .99
201.0, 200.70, .92, .91, .95, .95
208.0, 206.68, .92, .91, .97, .96
197.0, 193.37, .92, .90, .96, .91
213.0, 206.56, .93, .92, .95, .99
198.0, 203.40, .92, .91, .97, .95
221.0, 210.30, .93, .91, .97, .99
189.0, 208.35, .92, .89, .96, 1.00
217.0, 198.06, .93, .91, .96, .93
214.0, 209.48, .93, .90, .97, .99
222.0, 204.93, .93, .91, .98, .95
207.0, 201.26, .92, .89, .95, .97
215.0, 209.14, .93, .91, .97, .99
221.0, 202.92, .94, .91, .97, .95
213.0, 205.53, .94, .89, .99, .96
162.0, 203.45, .94, .92, .97, .93
154.0, 208.83, .93, .91, .97, .98
210.0, 211.54, .93, .92, .97, .99
216.0, 205.45, .91, .91, .97, .97
199.0, 205.56, .92, .92, .96, .97
206.0, 204.64, .92, .91, .96, .97
209.0, 210.03, .93, .91, .98, .97
203.0, 200.76, .92, .90, .97, .96
166.0, 201.89, .92, .89, .98, .96
208.0, 208.97, .93, .91, .97, .98
210.0, 203.47, .92, .90, .97, .96
196.0, 211.64, .92, .91, .97, .99
207.0, 209.64, .93, .91, .96, .99
194.0, 187.36, .92, .90, .96, .89
220.0, 208.80, .93, .92, .97, .97
216.0, 204.05, .93, .91, .96, .98
208.0, 208.92, .93, .90, .98, .97
212.0, 201.96, .93, .91, .98, .95
214.0, 208.30, .93, .91, .96, .99
209.0, 207.01, .92, .92, .98, .96
223.0, 209.34, .93, .91, .97, .99
210.0, 214.47, .92, .93, .99, .98
165.0, 211.12, .92, .91, .98, .98
203.0, 208.99, .93, .91, .98, .98
225.0, 203.73, .92, .89, .96, .97
211.0, 209.04, .92, .91, .97, .99
214.0, 206.75, .93, .91, .96, .99
209.0, 198.25, .92, .91, .98, .91
215.0, 206.96, .92, .91, .96, .99
213.0, 197.03, .94, .89, .93, .93
213.0, 200.14, .93, .89, .94, .97
212.0, 204.85, .91, .91, .96, .98
221.0, 195.82, .92, .88, .97, .94
215.0, 202.93, .93, .90, .97, .98
204.0, 206.50, .93, .90, .97, .99
214.0, 186.26, .93, .89, .94, .89
213.0, 207.20, .93, .90, .98, .99
170.0, 198.17, .93, .90, .95, .96
154.0, 199.85, .92, .89, .98, .93
171.0, 205.41, .94, .87, .98, .98
213.0, 200.64, .93, .90, .96, .97
216.0, 206.40, .93, .90, .98, .97
216.0, 197.22, .93, .90, .96, .93
193.0, 192.20, .91, .91, .97, .92
186.0, 199.60, .92, .90, .96, .97
200.0, 203.74, .92, .90, .98, .97
190.0, 202.63, .93, .90, .98, .96
201.0, 201.53, .93, .91, .95, .98
160.0, 205.71, .94, .89, .96, .99
193.0, 203.75, .92, .89, .98, .96
220.0, 201.02, .94, .91, .97, .95
193.0, 204.16, .94, .89, .97, .98
199.0, 201.81, .92, .89, .96, .97
220.0, 211.75, .94, .91, .99, .99
202.0, 202.82, .92, .90, .96, .98
219.0, 199.50, .94, .89, .96, .96
205.0, 195.94, .91, .90, .96, .95
204.0, 194.66, .93, .89, .97, .93
189.0, 198.20, .93, .90, .96, .94
170.0, 197.80, .94, .88, .96, .95
196.0, 198.81, .94, .90, .94, .96
198.0, 205.13, .93, .91, .97, .95
215.0, 208.39, .93, .91, .97, .99
215.0, 214.38, .93, .92, .97, .99
218.0, 205.56, .92, .91, .98, .95
209.0, 204.71, .93, .93, .97, .95
201.0, 209.37, .93, .91, .98, .97
157.0, 202.64, .93, .91, .97, .96
175.0, 201.97, .93, .92, .95, .95
221.0, 202.22, .95, .91, .99, .92
229.0, 206.30, .94, .91, .97, .96
222.0, 210.15, .94, .90, .96, .99
202.0, 210.55, .93, .92, .97, .97
178.0, 212.44, .94, .92, .97, .99
166.0, 204.78, .94, .92, .97, .94
223.0, 196.49, .94, .92, .97, .90
174.0, 214.14, .93, .91, .97, .99
217.0, 209.76, .94, .90, .97, .99
223.0, 212.62, .94, .91, .97, .98
209.0, 209.09, .93, .91, .98, .96
214.0, 209.62, .92, .91, .97, 1.00
212.0, 198.69, .94, .90, .95, .94
220.0, 211.79, .93, .92, .97, .99
214.0, 210.59, .93, .91, .97, .99
205.0, 202.97, .92, .91, .97, .95
211.0, 210.36, .93, .91, .97, .99
214.0, 208.10, .94, .91, .97, .98
220.0, 209.37, .93, .93, .98, .96
219.0, 213.47, .93, .92, .97, 1.00
201.0, 197.04, .94, .89, .97, .93
201.0, 204.87, .94, .89, .97, .99
217.0, 201.28, .93, .88, .98, .95
166.0, 192.72, .95, .89, .97, .90
206.0, 205.52, .93, .90, .98, .95
174.0, 196.42, .93, .91, .95, .94
200.0, 209.46, .93, .90, .99, .97
161.0, 204.60, .94, .90, .97, .97
219.0, 205.41, .94, .89, .97, .97
183.0, 208.53, .94, .90, .98, .98
207.0, 210.21, .93, .89, .98, 1.00
202.0, 192.96, .92, .90, .91, .97
150.0, 189.04, .94, .90, .96, .89
217.0, 198.04, .94, .88, .96, .96
200.0, 200.17, .93, .90, .94, .99
149.0, 198.64, .93, .88, .97, .94
209.0, 194.15, .94, .90, .93, .94
212.0, 201.48, .94, .90, .95, .98
221.0, 204.79, .94, .89, .97, .97
208.0, 197.11, .93, .90, .97, .93
191.0, 201.75, .92, .90, .96, .98
224.0, 201.68, .94, .88, .98, .96
210.0, 206.53, .94, .88, .97, .98
208.0, 203.65, .94, .91, .97, .96
217.0, 201.55, .95, .90, .96, .95
165.0, 201.73, .94, .90, .97, .95
201.0, 207.28, .94, .90, .96, .98
216.0, 212.15, .94, .91, .99, .99
216.0, 201.60, .94, .90, .96, .96
161.0, 210.42, .94, .91, .98, .99
215.0, 199.98, .94, .90, .96, .95
206.0, 209.01, .93, .89, .98, .98
197.0, 192.99, .94, .90, .96, .92
219.0, 208.26, .93, .89, .97, .99
219.0, 202.45, .93, .91, .97, .95
191.0, 202.47, .94, .91, .97, .96
210.0, 207.82, .93, .89, .97, 1.00
212.0, 204.81, .94, .89, .97, .98
214.0, 203.82, .93, .91, .95, .96
220.0, 207.64, .93, .91, .97, .97
210.0, 202.96, .94, .89, .96, .99
214.0, 200.49, .94, .90, .96, .96
145.0, 200.19, .94, .88, .97, .94
205.0, 187.86, .94, .90, .96, .88
213.0, 204.90, .94, .90, .97, .97
220.0, 201.71, .94, .90, .96, .96
216.0, 207.88, .94, .89, .98, .99
205.0, 203.08, .93, .90, .97, .97
206.0, 207.36, .95, .90, .96, .99
204.0, 204.99, .93, .89, .98, .98
203.0, 202.06, .93, .89, .96, .97
216.0, 202.42, .92, .90, .95, .98
169.0, 207.92, .93, .90, .99, .98
203.0, 198.03, .94, .89, .97, .94
209.0, 195.81, .95, .89, .96, .94
217.0, 199.21, .94, .89, .97, .94
154.0, 202.34, .93, .90, .99, .94
204.0, 192.75, .94, .88, .98, .90
203.0, 211.19, .94, .90, .98, 1.00
188.0, 208.42, .93, .90, .97, 1.00
186.0, 204.12, .94, .90, .97, .97
206.0, 202.27, .93, .91, .95, .97
171.0, 205.62, .94, .91, .97, .97
195.0, 204.69, .94, .90, .97, .95
211.0, 200.19, .94, .89, .97, .96
220.0, 198.12, .94, .90, .94, .97
212.0, 205.93, .94, .89, .97, .99
200.0, 208.27, .94, .90, .96, .97
219.0, 203.05, .93, .89, .98, .96
197.0, 203.08, .93, .90, .96, .96
213.0, 198.77, .94, .89, .98, .94
209.0, 210.40, .92, .90, .97, .99
205.0, 206.18, .93, .91, .97, .98
210.0, 203.22, .93, .89, .98, .95
199.0, 204.93, .93, .89, .97, .98
194.0, 196.64, .94, .89, .95, .95
212.0, 199.22, .95, .89, .97, .96
163.0, 191.29, .93, .89, .93, .93
214.0, 206.52, .93, .91, .97, .97
195.0, 201.75, .94, .89, .98, .94
220.0, 204.81, .93, .90, .97, .99
204.0, 198.10, .94, .90, .98, .91
195.0, 204.98, .94, .91, .95, .97
215.0, 202.66, .95, .90, .94, .97
213.0, 207.47, .94, .90, .97, .98
214.0, 202.75, .94, .90, .97, .96
200.0, 202.06, .92, .89, .97, .96
215.0, 208.56, .92, .91, .99, .97
217.0, 202.08, .94, .90, .97, .96
224.0, 209.48, .95, .91, .97, .98
203.0, 206.06, .93, .90, .95, .99
226.0, 205.46, .95, .90, .98, .96
214.0, 201.50, .95, .91, .96, .94
218.0, 206.18, .93, .90, .97, .97
217.0, 205.98, .94, .91, .98, .96
217.0, 207.70, .95, .91, .97, .99
220.0, 211.74, .94, .90, .98, .99
207.0, 204.34, .93, .90, .98, .96
173.0, 205.41, .94, .88, .97, .98
226.0, 193.89, .95, .91, .95, .91
218.0, 204.41, .94, .89, .97, .95
154.0, 192.97, .93, .89, .95, .92
221.0, 203.29, .93, .91, .98, .94
208.0, 211.03, .95, .90, .97, .99
210.0, 203.45, .93, .89, .97, .96
217.0, 210.53, .94, .89, .97, 1.00
216.0, 204.77, .93, .91, .96, .97
220.0, 210.42, .93, .90, .98, .99
219.0, 198.43, .93, .90, .98, .92
154.0, 193.59, .93, .89, .96, .93
209.0, 200.46, .94, .90, .97, .95
214.0, 199.67, .92, .89, .98, .95
218.0, 205.21, .93, .91, .97, .97
216.0, 205.03, .93, .90, .95, .99
210.0, 209.76, .93, .90, .97, .99
213.0, 200.69, .92, .91, .95, .96
207.0, 202.96, .93, .88, .96, .97
198.0, 206.92, .95, .90, .96, .98
221.0, 203.81, .94, .90, .97, .97
214.0, 201.23, .94, .89, .97, .95
209.0, 203.73, .93, .91, .98, .95
200.0, 205.08, .93, .90, .98, .96
201.0, 206.02, .94, .90, .96, .99
177.0, 203.45, .94, .89, .95, .97
193.0, 206.63, .94, .90, .97, .97
219.0, 211.61, .94, .90, .97, 1.00
211.0, 207.56, .94, .90, .98, .97
214.0, 208.03, .94, .90, .96, .99
169.0, 208.00, .94, .91, .97, .97
191.0, 208.37, .93, .90, .96, 1.00
197.0, 196.19, .94, .90, .92, .97
222.0, 201.36, .94, .90, .95, .96
220.0, 208.11, .93, .91, .98, .97
169.0, 208.87, .93, .89, .97, .99
214.0, 203.55, .93, .90, .95, .97
219.0, 208.57, .94, .91, .97, .98
211.0, 208.33, .93, .90, .97, .98
211.0, 208.41, .94, .90, .98, .96
152.0, 210.77, .94, .90, .97, 1.00
212.0, 196.98, .94, .89, .98, .91
202.0, 200.74, .94, .89, .97, .97
221.0, 204.23, .93, .90, .95, .95
210.0, 208.97, .94, .90, .98, .98
217.0, 204.27, .92, .91, .96, .97
220.0, 207.42, .94, .89, .97, .98
194.0, 204.17, .92, .90, .94, .99
220.0, 208.64, .94, .91, .95, .98
173.0, 209.73, .93, .90, .98, .98
224.0, 203.36, .96, .89, .97, .96
223.0, 205.57, .93, .90, .97, .97
212.0, 206.16, .93, .91, .98, .94
215.0, 201.37, .94, .89, .98, .96
189.0, 209.69, .94, .89, .98, .99
224.0, 202.79, .93, .90, .95, .99
207.0, 209.05, .93, .89, .97, .99
207.0, 209.04, .92, .91, .98, .99
219.0, 209.54, .93, .90, .98, 1.00
200.0, 203.62, .93, .89, .97, .98
191.0, 200.99, .93, .91, .96, .97
195.0, 206.09, .93, .90, .96, .99
219.0, 198.97, .94, .89, .95, .95
185.0, 201.73, .93, .90, .97, .95
179.0, 205.86, .93, .90, .98, .97
182.0, 193.85, .93, .90, .96, .91
207.0, 204.58, .93, .90, .98, .96
223.0, 205.50, .92, .91, .96, .98
164.0, 208.32, .93, .91, .98, .97
196.0, 204.42, .93, .91, .97, .97
170.0, 208.60, .94, .91, .97, .97
225.0, 208.90, .93, .90, .96, .98
219.0, 214.52, .94, .92, .99, .98
199.0, 206.84, .93, .91, .96, .98
223.0, 207.53, .93, .90, .97, .99
166.0, 205.61, .92, .92, .97, .95
207.0, 203.01, .94, .91, .97, .95
217.0, 212.43, .91, .91, .98, .99
218.0, 206.89, .93, .91, .98, .96
203.0, 208.84, .93, .90, .97, .98
214.0, 208.78, .92, .91, .97, .97
221.0, 212.13, .93, .91, .97, 1.00
232.0, 210.27, .93, .92, .98, .97
221.0, 207.33, .92, .92, .97, .96
212.0, 208.06, .93, .92, .98, .96
208.0, 209.93, .94, .92, .97, .98
221.0, 208.58, .95, .92, .95, .99
206.0, 209.31, .93, .93, .95, .99
220.0, 207.27, .92, .90, .96, .99
216.0, 211.05, .93, .92, .96, .99
197.0, 207.03, .93, .91, .98, .96
204.0, 213.45, .92, .91, .98, .99
177.0, 208.16, .94, .91, .98, .95
209.0, 205.85, .93, .92, .97, .96
167.0, 200.47, .93, .91, .94, .95
196.0, 202.08, .93, .89, .96, .97
201.0, 208.52, .94, .90, .97, .99
219.0, 208.50, .94, .92, .96, .99
209.0, 207.81, .93, .92, .93, .99
224.0, 208.70, .94, .90, .98, .97
225.0, 208.71, .94, .92, .97, .97
159.0, 211.15, .94, .91, .99, .99
207.0, 203.76, .93, .92, .97, .94
222.0, 207.71, .94, .92, .96, .97
223.0, 206.75, .93, .92, .98, .94
218.0, 205.69, .94, .91, .96, .97
218.0, 211.81, .93, .92, .97, .99
204.0, 211.41, .93, .91, .98, .99
213.0, 201.27, .93, .91, .96, .94
193.0, 208.77, .93, .91, .97, .97
224.0, 209.32, .95, .91, .96, .97
224.0, 208.36, .96, .90, .97, .99
212.0, 207.22, .93, .91, .96, .99
218.0, 207.67, .95, .92, .95, .97
181.0, 204.05, .93, .91, .97, .95
209.0, 209.36, .94, .92, .96, .99
204.0, 207.38, .93, .89, .97, 1.00
222.0, 203.81, .94, .91, .94, .97
199.0, 203.82, .94, .90, .95, .98
222.0, 212.91, .94, .91, .97, .99
227.0, 201.33, .95, .90, .94, .97
217.0, 207.07, .94, .91, .98, .96
187.0, 214.89, .94, .91, .99, .98
225.0, 211.84, .94, .92, .97, .97
223.0, 212.11, .94, .92, .98, .98
215.0, 209.13, .93, .92, .98, .96
213.0, 207.46, .94, .90, .98, .97
225.0, 210.78, .94, .91, .98, .96
170.0, 205.07, .92, .93, .95, .96
169.0, 199.81, .93, .91, .96, .93
226.0, 201.89, .95, .91, .97, .93
203.0, 209.47, .94, .90, .97, .99
226.0, 207.14, .94, .91, .96, .97
202.0, 203.39, .93, .91, .97, .93
212.0, 206.23, .94, .93, .95, .98
209.0, 194.46, .94, .89, .95, .91
206.0, 209.95, .94, .90, .98, .98
205.0, 203.42, .95, .90, .97, .95
152.0, 205.96, .95, .90, .96, .99
209.0, 201.66, .94, .88, .97, .96
207.0, 202.86, .94, .88, .97, .97
219.0, 193.42, .94, .86, .96, .95
219.0, 204.58, .94, .88, .96, .99
191.0, 202.69, .94, .89, .95, 1.00
201.0, 196.64, .94, .88, .95, .94
199.0, 204.31, .91, .88, .97, .99
210.0, 203.90, .93, .89, .96, .99
213.0, 204.38, .95, .88, .97, 1.00
195.0, 197.67, .94, .88, .98, .95
205.0, 204.72, .94, .88, .96, 1.00
216.0, 208.21, .94, .89, .98, .99
193.0, 204.89, .93, .87, .98, .98
207.0, 198.15, .93, .89, .94, .99
214.0, 202.73, .93, .89, .97, .97
217.0, 201.77, .94, .89, .95, .99
189.0, 202.39, .92, .86, .98, .99
212.0, 198.86, .94, .89, .98, .93
211.0, 201.42, .93, .88, .95, .99
213.0, 201.14, .94, .88, .97, .96
219.0, 191.88, .93, .89, .95, .91
202.0, 201.03, .95, .88, .95, .97
220.0, 200.21, .93, .88, .96, .96
213.0, 211.03, .93, .88, .99, 1.00
217.0, 205.30, .94, .89, .96, .99
221.0, 209.06, .95, .90, .98, .98
211.0, 206.77, .93, .89, .98, .98
201.0, 204.55, .94, .88, .96, .99
209.0, 202.17, .95, .89, .95, .98
204.0, 198.02, .94, .87, .97, .95
203.0, 204.22, .95, .90, .96, .99
219.0, 203.21, .93, .90, .95, .99
199.0, 201.60, .94, .88, .98, .97
216.0, 199.42, .92, .88, .94, .99
211.0, 206.68, .94, .89, .99, .98
196.0, 202.61, .94, .89, .97, .98
213.0, 207.04, .93, .90, .97, .98
204.0, 202.35, .95, .89, .97, .96
196.0, 201.00, .95, .88, .96, .98
171.0, 201.91, .95, .88, .95, .99
171.0, 199.64, .93, .89, .98, .94
213.0, 199.28, .94, .89, .93, .96
158.0, 199.94, .95, .89, .94, .96
208.0, 188.81, .93, .88, .98, .89
215.0, 202.03, .94, .90, .97, .96
217.0, 198.23, .94, .87, .97, .95
221.0, 205.95, .94, .89, .98, .99
222.0, 200.31, .94, .89, .97, .95
207.0, 201.32, .94, .87, .97, .98
203.0, 200.53, .94, .87, .95, .97
218.0, 207.79, .94, .90, .99, .96
209.0, 203.85, .94, .88, .97, .99
208.0, 204.90, .94, .91, .97, .97
169.0, 206.29, .93, .91, .97, .96
203.0, 193.05, .93, .90, .96, .90
176.0, 214.17, .93, .93, .97, .99
199.0, 196.91, .94, .90, .94, .94
217.0, 212.67, .94, .91, .98, .98
220.0, 216.86, .94, .92, .99, .99
191.0, 208.82, .94, .91, .95, .99
195.0, 212.14, .94, .91, .98, .98
223.0, 201.70, .93, .92, .97, .92
223.0, 208.56, .93, .91, .98, .96
174.0, 211.03, .93, .92, .98, .96
174.0, 207.66, .93, .91, .98, .96
206.0, 201.63, .94, .92, .96, .94
216.0, 211.59, .93, .90, .97, .99
126.0, 207.77, .94, .91, .96, .99
205.0, 208.71, .95, .91, .96, .97
204.0, 204.03, .95, .92, .96, .95
219.0, 208.08, .94, .90, .98, .97
215.0, 207.76, .93, .89, .97, .99
225.0, 206.42, .94, .91, .95, .98
203.0, 206.40, .94, .91, .96, .97
204.0, 201.11, .94, .91, .97, .93
206.0, 203.13, .94, .91, .96, .94
205.0, 211.52, .94, .93, .97, .97
160.0, 197.45, .92, .91, .97, .91
170.0, 202.64, .94, .91, .97, .94
213.0, 210.29, .95, .91, .98, .99
220.0, 208.54, .94, .92, .98, .97
216.0, 208.46, .93, .90, .98, .97
208.0, 210.38, .94, .91, .97, .97
166.0, 209.59, .95, .91, .96, .99
225.0, 211.40, .94, .91, .98, .97
211.0, 210.39, .95, .91, .97, .97
220.0, 210.65, .95, .89, .96, 1.00
224.0, 208.20, .95, .90, .97, .97
207.0, 206.73, .94, .91, .97, .95
173.0, 206.09, .94, .90, .96, .95
196.0, 191.25, .94, .91, .97, .87
225.0, 211.35, .94, .90, .98, .98
221.0, 207.84, .94, .91, .95, .99
223.0, 188.86, .95, .91, .98, .86
228.0, 201.19, .95, .91, .99, .91
205.0, 212.19, .93, .92, .97, 1.00
198.0, 207.81, .94, .90, .98, .96
210.0, 210.34, .93, .92, .96, .99
223.0, 213.53, .93, .90, .98, 1.00
222.0, 204.49, .94, .91, .98, .93
167.0, 210.99, .95, .91, .96, .99
222.0, 208.32, .94, .93, .97, .97
216.0, 211.68, .94, .91, .97, .99
217.0, 208.11, .93, .92, .97, .96
233.0, 208.75, .95, .92, .95, .98
202.0, 214.62, .94, .91, .98, 1.00
216.0, 206.08, .94, .91, .98, .95
195.0, 211.98, .94, .91, .96, 1.00
229.0, 214.03, .94, .91, .97, 1.00
220.0, 214.01, .94, .91, .98, .99
221.0, 213.13, .93, .91, .97, .99
201.0, 203.19, .94, .91, .95, .97
215.0, 210.13, .93, .91, .96, .99
225.0, 210.97, .93, .93, .97, .98
212.0, 215.47, .94, .92, .97, .99
192.0, 204.61, .93, .92, .96, .97
208.0, 200.62, .95, .91, .93, .96
212.0, 208.79, .94, .92, .97, .96
225.0, 212.35, .94, .91, .97, 1.00
216.0, 206.74, .94, .91, .97, .96
224.0, 202.17, .94, .91, .94, .97
195.0, 200.34, .94, .89, .98, .92
227.0, 213.14, .94, .92, .96, .99
220.0, 208.59, .93, .91, .99, .94
199.0, 200.03, .93, .88, .97, .94
223.0, 195.37, .94, .90, .96, .93
221.0, 213.10, .93, .91, .97, 1.00
230.0, 196.02, .94, .90, .94, .94
203.0, 196.39, .93, .91, .98, .87
214.0, 214.74, .93, .91, .98, .99
222.0, 206.16, .94, .89, .97, .98
210.0, 211.27, .94, .90, .96, .99
161.0, 204.95, .95, .90, .97, .95
224.0, 211.64, .95, .92, .98, .97
215.0, 202.97, .93, .91, .97, .94
197.0, 202.31, .94, .91, .95, .96
215.0, 212.35, .94, .91, .98, .98
201.0, 209.19, .94, .92, .98, .97
217.0, 207.63, .94, .92, .95, .98
219.0, 212.84, .94, .93, .97, .98
202.0, 200.42, .95, .90, .97, .91
206.0, 205.48, .95, .90, .96, .97
225.0, 200.86, .94, .90, .96, .95
216.0, 213.13, .96, .91, .98, .97
209.0, 210.96, .94, .92, .99, .95
229.0, 203.58, .95, .90, .96, .95
221.0, 212.48, .94, .92, .98, .98
228.0, 214.65, .95, .92, .97, .99
215.0, 213.14, .95, .92, .99, .97
224.0, 213.03, .95, .92, .95, 1.00
226.0, 207.25, .94, .92, .97, .95
173.0, 200.52, .95, .91, .98, .91
189.0, 214.94, .94, .92, .98, .99
212.0, 211.89, .94, .92, .97, .98
228.0, 210.68, .94, .92, .96, .98
219.0, 210.65, .94, .92, .97, .98
223.0, 207.72, .94, .92, .96, .96
201.0, 210.01, .94, .92, .95, .99
188.0, 209.10, .93, .91, .95, 1.00
232.0, 206.95, .94, .92, .97, .97
175.0, 204.74, .95, .92, .97, .94
172.0, 195.50, .94, .90, .97, .90
213.0, 206.85, .94, .90, .98, .96
202.0, 207.15, .94, .91, .95, .98
207.0, 211.06, .95, .92, .96, .98
202.0, 211.88, .93, .93, .99, .96
232.0, 202.40, .94, .92, .98, .92
219.0, 214.14, .94, .92, .97, .99
223.0, 209.61, .94, .91, .96, .99
214.0, 203.14, .94, .92, .98, .93
198.0, 210.75, .94, .89, .97, .99
179.0, 214.23, .95, .92, .96, .99
221.0, 206.33, .94, .92, .96, .97
228.0, 213.93, .95, .93, .96, .99
163.0, 211.52, .93, .91, .97, .98
204.0, 212.25, .94, .90, .97, .99
157.0, 211.67, .93, .91, .97, .99
208.0, 207.41, .95, .92, .99, .94
214.0, 205.64, .92, .90, .97, .97
223.0, 201.69, .93, .90, .95, .96
165.0, 198.76, .93, .92, .96, .93
223.0, 210.20, .95, .91, .98, .98
213.0, 211.53, .94, .91, .97, .98
212.0, 209.20, .95, .90, .98, .98
212.0, 202.60, .93, .89, .97, .97
222.0, 209.14, .95, .91, .98, .97
214.0, 204.22, .94, .91, .96, .97
210.0, 213.00, .94, .91, .98, .98
218.0, 212.25, .94, .91, .97, .99
215.0, 209.23, .93, .91, .97, .97
159.0, 200.67, .93, .92, .96, .94
224.0, 207.55, .94, .90, .96, .99
214.0, 217.02, .94, .92, .98, .99
213.0, 208.93, .93, .91, .97, .97
225.0, 207.32, .94, .91, .98, .94
212.0, 209.36, .94, .90, .98, .97
218.0, 215.13, .94, .91, .98, 1.00
224.0, 210.99, .93, .91, .98, 1.00
215.0, 207.09, .93, .91, .96, .98
207.0, 207.16, .93, .89, .98, .97
220.0, 203.53, .92, .90, .96, .97
213.0, 211.51, .94, .90, .98, .99
186.0, 211.61, .93, .92, .97, .98
195.0, 210.09, .94, .91, .96, .99
217.0, 212.33, .93, .92, .97, .99
219.0, 212.19, .93, .92, .98, .98
182.0, 206.83, .93, .92, .95, .97
208.0, 209.73, .95, .90, .99, .96
218.0, 207.36, .94, .91, .97, .96
196.0, 210.53, .93, .91, .98, .97
159.0, 206.74, .95, .92, .98, .95
212.0, 203.31, .93, .91, .93, .98
228.0, 211.38, .95, .92, .98, .97
223.0, 211.35, .93, .91, .98, .99
220.0, 210.60, .93, .90, .98, .99
204.0, 211.54, .94, .90, .97, .99
205.0, 207.99, .93, .92, .98, .95
204.0, 211.70, .94, .91, .97, 1.00
210.0, 212.86, .94, .91, .98, .98
202.0, 198.69, .95, .90, .94, .96
211.0, 206.35, .95, .91, .97, .97
221.0, 201.63, .94, .92, .94, .96
213.0, 206.72, .93, .90, .97, .96
220.0, 204.76, .94, .91, .98, .95
218.0, 209.95, .93, .91, .96, .99
217.0, 209.54, .94, .91, .96, .98
215.0, 213.86, .93, .91, .98, .98
208.0, 205.04, .94, .91, .96, .96
219.0, 211.97, .95, .92, .95, .99
218.0, 214.15, .93, .91, .98, .99
213.0, 211.56, .94, .92, .97, .98
193.0, 206.03, .94, .90, .95, .98
213.0, 212.97, .94, .92, .96, 1.00
220.0, 208.02, .94, .91, .97, .97
206.0, 211.58, .93, .91, .98, .97
213.0, 205.72, .94, .90, .95, .99
227.0, 211.57, .94, .91, .97, .99
215.0, 210.27, .94, .88, .98, .98
204.0, 207.53, .95, .91, .98, .94
220.0, 213.65, .94, .92, .97, .99
218.0, 208.07, .92, .91, .98, .96
206.0, 204.74, .93, .91, .97, .95
179.0, 203.60, .94, .92, .94, .95
224.0, 207.46, .94, .90, .95, .98
214.0, 205.61, .95, .91, .97, .96
228.0, 210.53, .95, .91, .98, .97
224.0, 205.26, .95, .91, .97, .95
196.0, 207.40, .94, .91, .97, .97
212.0, 211.69, .94, .90, .97, .99
197.0, 204.43, .94, .90, .96, .97
217.0, 215.67, .93, .92, .97, 1.00
168.0, 205.37, .94, .91, .98, .94
220.0, 206.33, .95, .91, .96, .97
205.0, 208.25, .93, .90, .97, .97
222.0, 207.47, .95, .92, .98, .96
210.0, 211.10, .95, .92, .96, .97
210.0, 205.85, .93, .90, .97, .97
211.0, 216.90, .94, .92, .99, .99
227.0, 210.43, .94, .92, .96, .98
223.0, 214.65, .94, .91, .98, 1.00
205.0, 209.28, .94, .90, .97, .99
220.0, 205.94, .95, .91, .98, .97
209.0, 210.89, .93, .92, .96, .99
213.0, 208.97, .93, .91, .98, .97
205.0, 192.80, .94, .90, .94, .93
175.0, 205.97, .93, .92, .97, .96
209.0, 200.86, .94, .90, .93, .97
217.0, 210.77, .93, .91, .98, .97
201.0, 204.69, .93, .92, .96, .96
222.0, 212.72, .94, .91, .97, .99
216.0, 202.38, .94, .89, .95, .97
150.0, 208.29, .94, .93, .97, .96
211.0, 204.85, .93, .90, .97, .96
154.0, 201.53, .94, .91, .93, .99
169.0, 202.29, .93, .91, .98, .93
201.0, 214.17, .94, .91, .98, .98
201.0, 207.17, .93, .90, .98, .97
204.0, 208.00, .94, .92, .95, .98
212.0, 206.15, .93, .90, .97, .96
218.0, 208.01, .94, .92, .98, .95
170.0, 201.93, .95, .91, .96, .94
220.0, 211.21, .93, .91, .97, .98
201.0, 205.50, .94, .91, .95, .97
220.0, 203.85, .95, .91, .98, .92
190.0, 209.49, .93, .92, .95, .98
223.0, 215.51, .95, .92, .97, 1.00
207.0, 207.74, .94, .90, .96, .97
213.0, 210.99, .94, .91, .96, .99
211.0, 191.08, .93, .91, .94, .89
215.0, 215.24, .93, .91, .98, 1.00
210.0, 211.01, .93, .92, .97, .98
202.0, 211.24, .94, .91, .96, .99
221.0, 214.91, .93, .92, .97, .99
221.0, 209.22, .95, .91, .97, .96
222.0, 212.40, .93, .90, .98, .99
217.0, 206.36, .93, .90, .96, .99
225.0, 204.60, .94, .90, .95, .97
195.0, 207.11, .94, .90, .97, .99
225.0, 213.51, .95, .89, .98, .98
220.0, 213.68, .94, .92, .97, .98
231.0, 210.97, .95, .91, .98, .97
209.0, 202.78, .95, .91, .94, .97
189.0, 206.48, .95, .90, .97, .95
189.0, 208.33, .95, .92, .95, .98
224.0, 202.97, .94, .88, .97, .95
223.0, 212.63, .95, .91, .97, .98
188.0, 203.03, .94, .91, .93, .97
209.0, 214.02, .94, .92, .97, .99
217.0, 205.62, .96, .90, .96, .97
210.0, 204.79, .93, .92, .95, .96
231.0, 215.52, .95, .92, .97, .99
158.0, 215.74, .95, .92, .98, .98
229.0, 202.03, .95, .91, .94, .96
210.0, 204.40, .94, .91, .97, .93
220.0, 208.94, .94, .90, .96, .98
213.0, 217.70, .94, .91, .98, 1.00
210.0, 211.58, .95, .91, .97, .98
180.0, 209.17, .94, .92, .98, .96
213.0, 205.43, .95, .91, .98, .93
219.0, 209.80, .95, .90, .95, .98
206.0, 209.85, .95, .91, .97, .98
219.0, 212.17, .94, .91, .96, 1.00
211.0, 208.13, .94, .91, .95, .99
212.0, 206.68, .95, .92, .96, .95
206.0, 209.73, .95, .91, .95, .98
222.0, 213.44, .95, .90, .97, .99
193.0, 218.90, .94, .92, .98, 1.00
204.0, 211.79, .95, .90, .96, 1.00
199.0, 198.47, .94, .90, .96, .92
173.0, 203.08, .94, .91, .97, .92
230.0, 212.68, .94, .93, .99, .96
170.0, 208.88, .95, .91, .98, .96
222.0, 212.78, .93, .91, .98, .98
202.0, 214.12, .95, .92, .97, .98
210.0, 214.17, .93, .91, .98, .98
224.0, 214.51, .94, .91, .98, .98
210.0, 214.16, .94, .91, .98, .97
220.0, 197.19, .95, .91, .97, .91
203.0, 212.72, .93, .91, .97, .97
158.0, 206.18, .94, .92, .96, .96
201.0, 208.72, .95, .92, .98, .95
202.0, 206.50, .94, .90, .95, .99
221.0, 206.73, .94, .92, .95, .95
151.0, 205.38, .94, .91, .97, .95
220.0, 203.48, .94, .89, .96, .97
169.0, 208.68, .95, .90, .96, .98
210.0, 209.77, .95, .90, .97, .99
225.0, 210.31, .95, .91, .96, .99
175.0, 210.97, .95, .89, .99, .97
204.0, 190.87, .94, .90, .96, .88
207.0, 202.81, .94, .90, .97, .95
197.0, 210.37, .95, .90, .97, .98
219.0, 202.69, .95, .88, .97, .96
212.0, 205.44, .94, .90, .95, .96
169.0, 205.62, .95, .89, .98, .95
218.0, 213.05, .94, .91, .96, .99
170.0, 211.99, .94, .92, .95, .98
226.0, 199.50, .95, .91, .96, .92
222.0, 214.60, .94, .91, .98, .98
211.0, 203.42, .94, .92, .97, .93
228.0, 217.27, .94, .92, .98, .99
225.0, 215.36, .95, .92, .97, .99
230.0, 211.74, .95, .92, .95, .99
207.0, 206.02, .94, .91, .95, .95
175.0, 205.69, .96, .91, .96, .94
201.0, 205.90, .95, .92, .96, .94
176.0, 214.47, .94, .91, .98, .97
176.0, 199.58, .96, .92, .97, .91
226.0, 217.93, .95, .92, .99, .99
223.0, 215.36, .95, .91, .97, .98
174.0, 209.67, .94, .92, .98, .95
217.0, 206.67, .96, .91, .97, .94
198.0, 219.00, .95, .92, .99, .99
177.0, 214.98, .95, .92, .97, .99
189.0, 208.40, .94, .91, .96, .98
213.0, 212.53, .95, .93, .96, .98
221.0, 212.98, .94, .92, .97, .99
220.0, 214.38, .94, .91, .98, .98
164.0, 203.33, .95, .90, .96, .96
171.0, 194.78, .95, .90, .94, .93
216.0, 208.92, .94, .89, .97, .98
210.0, 200.76, .94, .89, .98, .93
230.0, 211.74, .96, .90, .97, .97
200.0, 207.10, .94, .90, .96, .97
218.0, 201.05, .95, .91, .98, .92
169.0, 199.84, .94, .90, .96, .93
221.0, 201.64, .95, .90, .95, .95
172.0, 205.59, .95, .89, .97, .96
182.0, 201.76, .95, .91, .94, .96
211.0, 214.94, .96, .92, .98, .99
228.0, 206.18, .96, .91, .97, .94
203.0, 216.95, .95, .92, .97, 1.00
178.0, 211.13, .96, .92, .96, .98
213.0, 202.64, .94, .90, .96, .95
223.0, 208.30, .95, .89, .98, .98
178.0, 208.57, .96, .90, .97, .99
161.0, 208.46, .94, .89, .98, .97
219.0, 203.75, .95, .89, .96, .96
185.0, 206.75, .96, .89, .96, 1.00
157.0, 206.08, .96, .91, .96, .96
204.0, 205.97, .95, .88, .98, .98
212.0, 202.71, .95, .88, .97, .97
207.0, 208.16, .94, .89, .98, .98
190.0, 208.42, .94, .89, .97, .99
212.0, 207.86, .94, .91, .96, .97
208.0, 207.84, .93, .89, .96, .99
200.0, 197.58, .94, .89, .97, .93
156.0, 210.58, .95, .89, .97, .99
230.0, 202.62, .96, .90, .96, .96
206.0, 216.09, .95, .92, .97, .98
224.0, 213.09, .94, .92, .96, 1.00
196.0, 207.74, .94, .89, .95, 1.00
207.0, 209.65, .94, .92, .98, .96
219.0, 213.05, .94, .92, .98, .97
176.0, 214.97, .96, .93, .97, .98
211.0, 213.72, .94, .92, .98, .96
214.0, 213.29, .95, .92, .97, .97
222.0, 207.36, .95, .91, .96, .96
201.0, 212.61, .94, .93, .97, .99
232.0, 216.82, .95, .92, .98, .99
214.0, 213.20, .95, .91, .96, .99
208.0, 206.59, .94, .91, .98, .95
213.0, 213.34, .96, .92, .96, .99
200.0, 211.01, .95, .92, .95, .97
219.0, 202.99, .93, .91, .94, .95
220.0, 206.57, .95, .87, .98, .98
208.0, 208.06, .94, .88, .98, .98
220.0, 207.01, .96, .89, .98, .98
214.0, 210.43, .95, .89, .99, .98
180.0, 200.08, .96, .88, .97, .95
222.0, 207.84, .94, .91, .98, .96
209.0, 208.53, .95, .89, .96, .99
205.0, 202.44, .95, .87, .98, .97
209.0, 205.21, .94, .89, .98, .97
214.0, 202.47, .94, .89, .98, .95
215.0, 201.35, .95, .87, .95, .98
220.0, 208.13, .95, .89, .98, .97
166.0, 194.99, .95, .86, .96, .96
205.0, 196.92, .95, .89, .95, .94
218.0, 197.44, .94, .89, .92, .97
217.0, 199.31, .96, .87, .98, .93
205.0, 205.32, .95, .88, .95, .99
171.0, 204.13, .95, .89, .95, .97
215.0, 199.15, .94, .89, .97, .94
213.0, 205.23, .95, .90, .98, .97
221.0, 213.74, .94, .89, .98, .99
166.0, 206.87, .95, .88, .96, .99
213.0, 202.57, .96, .89, .96, .96
195.0, 199.97, .96, .90, .97, .93
200.0, 206.17, .94, .90, .97, .97
191.0, 202.44, .95, .88, .97, .96
176.0, 198.92, .93, .88, .96, .96
217.0, 212.67, .95, .92, .99, .96
228.0, 214.33, .95, .92, .96, .99
226.0, 208.31, .94, .94, .94, .97
189.0, 211.97, .93, .93, .95, .98
223.0, 218.15, .94, .92, .98, .99
227.0, 207.26, .94, .93, .98, .92
236.0, 216.49, .95, .93, .97, .98
207.0, 218.32, .94, .92, .98, 1.00
172.0, 210.64, .95, .92, .97, .95
183.0, 206.34, .95, .92, .94, .96
204.0, 207.55, .95, .92, .97, .94
229.0, 212.86, .95, .91, .96, .99
220.0, 215.63, .95, .92, .98, .98
217.0, 217.50, .95, .91, .98, .99
210.0, 210.20, .94, .90, .97, .99
220.0, 215.21, .95, .91, .98, .99
208.0, 201.68, .95, .90, .97, .95
189.0, 206.96, .95, .89, .98, .97
219.0, 202.89, .94, .90, .95, .95
169.0, 205.90, .95, .90, .97, .96
210.0, 207.10, .95, .90, .97, .96
211.0, 213.26, .94, .90, .99, .99
224.0, 216.34, .95, .91, .98, 1.00
218.0, 207.14, .95, .90, .95, .97
213.0, 212.92, .95, .90, .97, 1.00
217.0, 210.47, .95, .88, .97, 1.00
189.0, 204.44, .94, .88, .96, .97
209.0, 203.40, .96, .89, .93, .99
222.0, 211.03, .95, .89, .98, .99
204.0, 210.70, .95, .90, .98, .98
205.0, 206.47, .95, .89, .98, .96
213.0, 211.18, .94, .90, .98, .97
215.0, 210.21, .94, .90, .95, .98
160.0, 206.74, .95, .90, .96, .97
224.0, 202.52, .96, .89, .96, .94
220.0, 213.00, .95, .90, .97, 1.00
211.0, 203.95, .96, .90, .94, .98
210.0, 206.81, .94, .89, .96, .98
225.0, 193.54, .95, .89, .93, .91
209.0, 203.12, .95, .88, .96, .97
208.0, 208.17, .95, .90, .98, .98
196.0, 202.40, .94, .89, .97, .96
217.0, 205.92, .94, .90, .97, .95
211.0, 199.70, .95, .88, .95, .97
177.0, 207.71, .94, .88, .96, .99
213.0, 211.77, .94, .89, .97, .99
210.0, 204.80, .94, .88, .96, .98
213.0, 204.46, .94, .89, .97, .99
195.0, 211.87, .94, .89, .98, .99
196.0, 202.31, .96, .90, .98, .95
192.0, 205.37, .94, .91, .96, .99
187.0, 202.82, .95, .90, .94, .94
227.0, 212.15, .94, .90, .98, 1.00
215.0, 211.99, .94, .90, .98, .98
223.0, 209.49, .95, .90, .97, .99
219.0, 205.16, .95, .90, .96, .97
224.0, 205.92, .95, .90, .97, .95
218.0, 196.82, .93, .87, .95, .97
203.0, 194.14, .94, .89, .97, .92
207.0, 204.58, .94, .90, .97, .97
218.0, 209.89, .94, .91, .98, .97
217.0, 206.30, .94, .89, .98, .97
211.0, 199.19, .94, .90, .95, .96
158.0, 214.45, .96, .90, .98, 1.00
212.0, 200.56, .94, .90, .96, .95
218.0, 208.76, .94, .90, .96, .99
211.0, 213.18, .94, .91, .98, .99
207.0, 206.62, .94, .92, .96, .97
213.0, 211.03, .95, .91, .96, .98
227.0, 212.91, .94, .92, .99, .98
216.0, 210.56, .94, .92, .97, .97
223.0, 209.50, .94, .90, .97, .98
204.0, 212.02, .93, .91, .96, .99
221.0, 205.49, .94, .89, .97, .97
210.0, 216.95, .95, .92, .98, .98
222.0, 200.15, .95, .90, .98, .92
169.0, 213.27, .95, .89, .97, .99
215.0, 215.04, .95, .90, .98, 1.00
225.0, 209.99, .95, .89, .99, .98
199.0, 206.28, .94, .90, .98, .97
211.0, 210.41, .96, .88, .98, .99
165.0, 203.72, .94, .88, .98, .97
194.0, 205.71, .95, .89, .98, .96
212.0, 194.39, .94, .87, .95, .96
214.0, 203.51, .95, .85, .99, .97
172.0, 193.58, .95, .86, .96, .94
208.0, 190.25, .94, .88, .94, .92
168.0, 198.15, .95, .87, .94, .97
197.0, 205.68, .94, .88, .98, .97
219.0, 201.52, .95, .90, .95, .97
229.0, 210.76, .94, .92, .98, .95
227.0, 217.60, .95, .94, .97, .98
208.0, 219.43, .95, .94, .96, 1.00
218.0, 210.71, .94, .94, .97, .94
224.0, 217.88, .95, .94, .97, .99
236.0, 218.21, .95, .94, .96, .99
202.0, 215.51, .95, .93, .97, .99
215.0, 209.53, .94, .93, .97, .95
200.0, 209.12, .94, .92, .97, .96
165.0, 204.82, .94, .93, .98, .91
237.0, 220.56, .96, .95, .97, .98
175.0, 210.01, .94, .94, .96, .95
227.0, 218.79, .94, .94, .98, .97
201.0, 212.70, .95, .95, .97, .95
213.0, 211.05, .95, .93, .96, .96
232.0, 203.28, .94, .93, .97, .93
216.0, 211.30, .94, .94, .94, .97
224.0, 217.25, .95, .93, .98, .97
193.0, 209.95, .93, .93, .97, .95
204.0, 211.40, .94, .94, .94, .98
171.0, 218.42, .94, .94, .98, .97
231.0, 214.58, .94, .94, .98, .96
156.0, 220.17, .94, .94, .98, .97
227.0, 219.57, .95, .94, .96, 1.00
229.0, 215.03, .96, .94, .98, .95
226.0, 212.64, .94, .94, .95, .97
214.0, 205.55, .95, .93, .95, .93
212.0, 217.65, .94, .94, .97, .98
241.0, 217.14, .96, .95, .97, .97
215.0, 207.61, .95, .93, .98, .91
214.0, 220.35, .94, .93, .98, .99
227.0, 214.73, .95, .96, .97, .96
213.0, 214.55, .95, .94, .96, .97
232.0, 221.94, .95, .93, .98, .99
241.0, 218.42, .95, .95, .98, .97
219.0, 216.39, .95, .94, .97, .94
170.0, 213.31, .95, .93, .97, .95
225.0, 208.92, .95, .94, .97, .94
238.0, 215.56, .95, .95, .98, .95
230.0, 221.04, .94, .93, .98, .98
208.0, 214.36, .94, .91, .96, 1.00
195.0, 203.68, .94, .90, .96, .95
230.0, 210.23, .94, .92, .97, .96
206.0, 212.74, .96, .92, .96, .98
232.0, 213.97, .95, .91, .96, .99
214.0, 203.19, .95, .91, .96, .94
168.0, 210.24, .96, .90, .97, .98
221.0, 212.97, .95, .91, .98, .98
203.0, 209.41, .93, .91, .96, .98
227.0, 209.94, .95, .91, .96, .99
182.0, 208.92, .95, .92, .98, .95
128.0, 205.16, .95, .93, .95, .94
224.0, 215.09, .95, .94, .98, .95
234.0, 221.15, .96, .93, .97, .99
213.0, 216.03, .96, .94, .95, .99
222.0, 218.23, .95, .94, .96, .99
224.0, 218.09, .94, .95, .97, .98
220.0, 205.60, .95, .94, .97, .91
227.0, 219.12, .94, .94, .97, .98
227.0, 221.59, .94, .93, .97, 1.00
228.0, 212.80, .96, .93, .96, .96
231.0, 222.60, .95, .94, .97, 1.00
228.0, 215.73, .94, .94, .97, .95
230.0, 220.93, .95, .93, .98, .98
215.0, 210.16, .95, .92, .96, .97
213.0, 207.97, .93, .95, .96, .93
238.0, 219.48, .95, .93, .97, .99
228.0, 220.06, .94, .94, .97, .99
206.0, 209.61, .95, .93, .96, .95
225.0, 220.56, .94, .94, .98, .99
217.0, 218.43, .94, .92, .98, .97
183.0, 219.30, .95, .94, .97, .98
225.0, 213.37, .94, .95, .95, .99
226.0, 219.22, .94, .93, .97, 1.00
211.0, 205.48, .94, .93, .97, .92
222.0, 218.74, .96, .94, .97, .97
178.0, 214.48, .96, .92, .98, .98
233.0, 211.96, .96, .92, .96, .97
189.0, 213.87, .95, .95, .99, .93
223.0, 218.02, .94, .94, .98, .98
215.0, 214.14, .96, .91, .96, .99
204.0, 207.26, .94, .90, .97, .96
211.0, 204.93, .95, .91, .95, .96
202.0, 214.47, .96, .91, .97, .99
231.0, 206.51, .95, .91, .93, .98
223.0, 211.18, .94, .90, .97, .98
211.0, 212.19, .95, .91, .96, .99
202.0, 198.62, .94, .89, .96, .92
218.0, 206.39, .95, .91, .94, .98
228.0, 203.32, .96, .91, .96, .93
196.0, 207.67, .93, .91, .97, .96
210.0, 208.47, .94, .92, .95, .96
182.0, 204.44, .95, .90, .93, .97
223.0, 201.41, .94, .90, .95, .94
223.0, 203.78, .95, .92, .94, .96
227.0, 212.33, .94, .90, .95, .99
211.0, 213.64, .95, .89, .98, .99
207.0, 207.00, .96, .89, .98, .95
161.0, 204.49, .95, .91, .97, .93
224.0, 205.69, .94, .90, .98, .94
218.0, 212.69, .95, .90, .96, .99
219.0, 216.43, .96, .92, .98, .99
202.0, 209.56, .95, .92, .98, .96
169.0, 213.81, .94, .92, .98, .98
221.0, 207.52, .95, .92, .98, .94
220.0, 211.16, .93, .90, .97, .98
228.0, 213.83, .95, .92, .98, .98
215.0, 205.54, .95, .92, .95, .96
214.0, 208.53, .95, .90, .97, .96
219.0, 209.14, .94, .91, .97, .98
227.0, 212.08, .94, .92, .98, .96
221.0, 209.09, .93, .91, .97, .97
224.0, 218.52, .95, .93, .96, 1.00
226.0, 218.55, .95, .91, .97, 1.00
162.0, 209.81, .94, .91, .97, .98
197.0, 214.23, .94, .91, .98, .99
222.0, 216.78, .95, .91, .98, 1.00
222.0, 211.88, .96, .89, .98, .98
158.0, 209.77, .95, .89, .98, .98
229.0, 204.97, .95, .92, .96, .94
215.0, 217.03, .96, .90, .98, .99
222.0, 211.26, .94, .91, .96, .99
212.0, 212.85, .96, .92, .97, .99
215.0, 213.37, .95, .92, .97, .97
229.0, 191.55, .95, .92, .95, .86
227.0, 215.87, .95, .92, .97, 1.00
225.0, 206.82, .95, .92, .93, .97
211.0, 212.36, .95, .91, .97, .98
229.0, 221.07, .95, .92, .99, .99
225.0, 212.55, .95, .90, .97, .99
224.0, 211.47, .95, .92, .95, .99
223.0, 212.59, .94, .91, .97, .98
220.0, 212.13, .95, .90, .96, .99
161.0, 205.20, .93, .91, .96, .97
215.0, 209.09, .96, .92, .96, .97
215.0, 211.95, .94, .92, .94, .98
224.0, 206.50, .94, .91, .93, .96
167.0, 213.97, .96, .90, .97, .98
217.0, 196.17, .94, .91, .97, .89
206.0, 212.69, .95, .90, .98, .97
205.0, 210.49, .94, .91, .97, .97
208.0, 210.96, .94, .91, .95, .99
218.0, 205.25, .95, .90, .97, .95
205.0, 203.67, .95, .90, .91, 1.00
223.0, 206.19, .95, .89, .93, .99
204.0, 206.96, .95, .92, .98, .94
218.0, 213.79, .95, .90, .98, .99
233.0, 208.97, .95, .91, .95, .99
201.0, 219.01, .95, .91, .98, .99
201.0, 210.77, .96, .90, .97, .98
212.0, 209.18, .95, .90, .96, .99
179.0, 205.61, .94, .92, .95, .96
221.0, 208.20, .94, .91, .95, .98
219.0, 200.51, .94, .90, .96, .93
215.0, 207.14, .96, .91, .95, .98
192.0, 200.18, .95, .90, .93, .95
168.0, 207.67, .96, .92, .92, .96
210.0, 211.20, .96, .91, .97, .98
226.0, 214.04, .95, .90, .96, .99
179.0, 212.32, .95, .91, .97, .98
224.0, 212.19, .94, .89, .97, 1.00
218.0, 206.04, .95, .93, .95, .97
159.0, 214.54, .95, .93, .96, .98
219.0, 209.47, .96, .92, .98, .95
188.0, 215.14, .95, .90, .97, 1.00
224.0, 220.08, .95, .93, .98, .99
228.0, 206.86, .95, .92, .96, .95
208.0, 207.19, .95, .90, .98, .95
205.0, 212.70, .96, .92, .96, .98
222.0, 210.49, .94, .90, .97, .98
220.0, 207.38, .94, .93, .95, .96
222.0, 203.21, .94, .91, .95, .93
208.0, 213.41, .96, .90, .97, 1.00
228.0, 203.86, .95, .91, .96, .95
220.0, 209.72, .96, .89, .95, .99
204.0, 212.04, .94, .92, .96, .97
222.0, 206.67, .93, .91, .91, .97
228.0, 204.13, .94, .92, .96, .92
166.0, 212.41, .94, .90, .98, .97
176.0, 207.00, .95, .92, .96, .96
218.0, 213.62, .96, .93, .97, .96
212.0, 207.32, .95, .93, .97, .94
224.0, 221.83, .95, .94, .98, .98
234.0, 219.13, .94, .96, .97, .98
235.0, 223.56, .96, .95, .98, .99
228.0, 218.08, .94, .96, .97, .95
232.0, 226.10, .95, .95, .98, .99
225.0, 211.53, .94, .94, .97, .94
218.0, 217.78, .95, .94, .96, .98
209.0, 223.64, .95, .93, .97, 1.00
215.0, 214.05, .94, .94, .92, .99
213.0, 222.22, .94, .95, .98, .98
184.0, 212.32, .95, .95, .98, .92
215.0, 212.39, .94, .96, .94, .96
240.0, 218.37, .95, .95, .97, .97
230.0, 225.03, .94, .96, .97, .98
232.0, 226.71, .96, .96, .98, 1.00
202.0, 220.51, .94, .97, .96, .98
223.0, 219.09, .94, .96, .97, .97
228.0, 225.31, .94, .96, .97, .99
240.0, 214.97, .95, .96, .98, .93
183.0, 223.13, .95, .95, .98, .97
211.0, 218.08, .94, .95, .97, .95
183.0, 221.99, .94, .96, .98, .98
126.0, 213.91, .94, .96, .95, .96
224.0, 214.97, .96, .95, .97, .95
218.0, 204.69, .94, .95, .98, .89
203.0, 215.04, .95, .92, .96, .98
229.0, 216.90, .95, .94, .97, .96
234.0, 219.12, .93, .95, .97, .97
215.0, 218.60, .95, .95, .96, .96
242.0, 222.66, .96, .94, .98, .97
216.0, 216.52, .94, .95, .95, .97
217.0, 216.76, .95, .94, .98, .96
222.0, 210.90, .95, .96, .96, .92
222.0, 211.55, .95, .94, .96, .94
218.0, 217.92, .93, .93, .97, .98
225.0, 222.66, .94, .95, .98, .97
230.0, 222.86, .95, .96, .96, .99
175.0, 214.30, .94, .95, .96, .96
218.0, 212.78, .96, .94, .97, .95
233.0, 215.46, .94, .95, .98, .95
226.0, 221.58, .95, .94, .98, .96
230.0, 211.15, .96, .96, .96, .94
178.0, 214.41, .95, .95, .97, .95
220.0, 211.01, .93, .95, .94, .97
230.0, 222.66, .94, .95, .96, .99
234.0, 225.40, .95, .96, .98, .99
224.0, 223.69, .94, .96, .97, .98
225.0, 216.12, .95, .95, .95, .98
213.0, 216.13, .95, .95, .98, .96
221.0, 224.15, .95, .95, .97, .99
215.0, 218.31, .95, .95, .96, .97
232.0, 214.77, .95, .95, .97, .94
240.0, 223.35, .94, .96, .99, .98
243.0, 225.79, .95, .97, .98, .98
234.0, 219.98, .95, .96, .98, .95
226.0, 214.09, .96, .96, .96, .95
241.0, 223.39, .95, .96, .97, .99
226.0, 219.57, .94, .93, .97, .98
227.0, 219.21, .95, .96, .96, .98
187.0, 217.94, .95, .96, .97, .96
219.0, 219.16, .94, .96, .96, .98
230.0, 222.02, .95, .96, .97, .98
237.0, 222.51, .94, .95, .99, .96
181.0, 215.27, .94, .95, .96, .96
169.0, 210.61, .95, .94, .95, .96
214.0, 224.87, .94, .95, .98, .99
180.0, 224.28, .94, .94, .98, .99
239.0, 220.86, .95, .95, .98, .98
215.0, 218.46, .94, .94, .96, .99
238.0, 207.74, .96, .92, .99, .92
161.0, 210.52, .95, .95, .95, .95
236.0, 211.65, .94, .96, .96, .94
171.0, 213.30, .95, .96, .98, .92
212.0, 224.02, .95, .96, .97, 1.00
221.0, 216.25, .94, .95, .96, .97
169.0, 218.86, .95, .93, .98, .97
239.0, 216.86, .94, .95, .97, .94
221.0, 219.56, .94, .93, .96, .98
220.0, 221.31, .95, .94, .97, .99
238.0, 218.29, .95, .96, .96, .97
226.0, 220.09, .95, .95, .97, .97
210.0, 216.61, .96, .96, .94, .97
227.0, 222.74, .95, .95, .96, .99
228.0, 224.51, .95, .95, .99, .97
239.0, 224.21, .96, .95, .99, .98
233.0, 225.13, .95, .95, .98, .99
178.0, 225.79, .95, .97, .97, .99
228.0, 221.48, .95, .95, .98, .98
182.0, 214.27, .95, .94, .97, .96
218.0, 221.09, .95, .95, .97, .97
156.0, 209.46, .95, .95, .95, .95
222.0, 222.45, .94, .95, .96, .99
230.0, 222.23, .95, .95, .98, .96
226.0, 217.60, .96, .95, .95, .98
165.0, 220.16, .94, .95, .96, .99
236.0, 219.64, .93, .97, .96, .98
223.0, 229.22, .95, .97, .98, 1.00
217.0, 221.79, .95, .96, .95, .99
232.0, 221.66, .94, .94, .97, .99
217.0, 216.54, .94, .93, .96, .99
230.0, 217.44, .94, .96, .97, .97
177.0, 211.81, .95, .95, .97, .94
233.0, 216.65, .94, .96, .96, .97
231.0, 217.69, .94, .94, .97, .97
219.0, 227.89, .94, .94, .99, .99
194.0, 207.83, .95, .95, .99, .90
216.0, 220.61, .95, .95, .97, .98
177.0, 224.94, .95, .95, .98, .99
224.0, 219.42, .95, .95, .98, .96
204.0, 222.05, .96, .96, .97, .98
217.0, 206.61, .94, .96, .96, .91
228.0, 214.20, .95, .94, .96, .96
228.0, 217.16, .94, .95, .97, .96
241.0, 225.49, .95, .96, .98, .98
185.0, 226.15, .95, .94, .98, .99
214.0, 209.55, .96, .95, .95, .94
238.0, 222.80, .95, .95, .97, .99
214.0, 221.50, .94, .95, .98, .97
230.0, 215.97, .95, .96, .99, .94
226.0, 226.49, .97, .95, .98, .99
234.0, 218.54, .95, .95, .96, .98
224.0, 226.95, .96, .94, .97, 1.00
243.0, 219.97, .94, .95, .97, .96
225.0, 221.58, .94, .95, .97, .96
228.0, 222.68, .94, .95, .97, .99
217.0, 220.08, .94, .95, .96, .99
219.0, 219.83, .95, .95, .94, 1.00
171.0, 221.26, .95, .96, .98, .97
233.0, 215.29, .94, .95, .98, .94
223.0, 215.90, .93, .95, .95, .97
228.0, 210.16, .95, .95, .96, .95
233.0, 210.22, .94, .95, .96, .95
225.0, 207.81, .93, .93, .97, .93
225.0, 221.47, .95, .96, .97, .99
213.0, 222.21, .93, .96, .97, .98
224.0, 207.69, .94, .94, .97, .92
210.0, 221.51, .94, .95, .97, .99
220.0, 217.32, .94, .96, .95, .98
232.0, 202.38, .95, .96, .96, .90
180.0, 214.35, .95, .96, .99, .92
223.0, 215.68, .95, .96, .96, .96
219.0, 217.75, .94, .94, .97, .97
231.0, 213.80, .95, .95, .95, .97
179.0, 215.64, .95, .95, .96, .96
217.0, 220.54, .96, .95, .97, .99
173.0, 214.73, .95, .94, .96, .96
214.0, 197.70, .95, .96, .99, .85
223.0, 218.14, .93, .95, .95, .99
219.0, 215.97, .93, .96, .97, .95
225.0, 213.85, .95, .95, .95, .97
223.0, 219.36, .94, .94, .97, .98
179.0, 221.45, .95, .95, .99, .97
230.0, 220.34, .96, .95, .97, .96
233.0, 220.62, .94, .94, .98, .98
170.0, 209.70, .95, .95, .97, .93
156.0, 209.36, .95, .94, .96, .93
226.0, 216.97, .96, .95, .98, .95
176.0, 223.15, .95, .96, .98, .99
237.0, 217.75, .96, .96, .97, .96
239.0, 217.92, .96, .94, .96, .99
229.0, 213.03, .93, .93, .97, .95
223.0, 214.92, .94, .95, .97, .95
229.0, 217.08, .95, .96, .96, .98
228.0, 217.72, .95, .95, .99, .94
183.0, 224.75, .95, .94, .98, .98
193.0, 222.58, .94, .95, .97, 1.00
237.0, 216.44, .94, .95, .97, .96
224.0, 227.66, .95, .96, .97, 1.00
