429.0, 429.00, 429.00 
858.0, 643.50, 643.50 
858.0, 715.00, 715.00 
858.0, 750.75, 750.75 
858.0, 772.20, 772.20 
858.0, 786.50, 786.50 
1635.0, 907.71, 907.71 
1381.0, 966.88, 966.88 
858.0, 954.78, 954.78 
1639.0, 1023.20, 1023.20 
858.0, 1008.18, 1008.18 
858.0, 995.67, 995.67 
858.0, 985.08, 985.08 
858.0, 976.00, 976.00 
858.0, 968.13, 968.13 
858.0, 961.25, 961.25 
858.0, 955.18, 955.18 
858.0, 949.78, 949.78 
858.0, 944.95, 944.95 
858.0, 940.60, 940.60 
858.0, 936.67, 936.67 
858.0, 933.09, 933.09 
858.0, 929.83, 929.83 
858.0, 926.83, 926.83 
1646.0, 955.60, 955.60 
858.0, 951.85, 951.85 
858.0, 948.37, 948.37 
858.0, 945.14, 945.14 
858.0, 942.14, 942.14 
858.0, 939.33, 939.33 
858.0, 936.71, 936.71 
858.0, 934.25, 934.25 
858.0, 931.94, 931.94 
858.0, 929.76, 929.76 
858.0, 927.71, 927.71 
1913.0, 955.08, 955.08 
858.0, 952.46, 952.46 
858.0, 949.97, 949.97 
1915.0, 974.72, 974.72 
858.0, 971.80, 971.80 
858.0, 969.02, 969.02 
858.0, 966.38, 966.38 
858.0, 963.86, 963.86 
851.0, 961.30, 961.30 
1313.0, 969.11, 969.11 
851.0, 966.54, 966.54 
1311.0, 973.87, 973.87 
851.0, 971.31, 971.31 
851.0, 968.86, 968.86 
851.0, 966.50, 966.50 
851.0, 964.24, 964.24 
851.0, 962.06, 962.06 
851.0, 959.96, 959.96 
851.0, 957.94, 957.94 
851.0, 956.00, 956.00 
975.0, 956.34, 956.34 
975.0, 956.67, 956.67 
1313.0, 962.81, 962.81 
1417.0, 970.51, 970.51 
1313.0, 976.22, 976.22 
1313.0, 981.74, 981.74 
1313.0, 987.08, 987.08 
1532.0, 995.73, 995.73 
1532.0, 1004.11, 1004.11 
1313.0, 1008.86, 1008.86 
1532.0, 1016.79, 1016.79 
1532.0, 1024.48, 1024.48 
1160.0, 1026.47, 1026.47 
1532.0, 1033.80, 1033.80 
1169.0, 1035.73, 1035.73 
528.0, 1028.58, 1028.58 
528.0, 1021.62, 1021.62 
1438.0, 1027.33, 1027.33 
1284.0, 1030.80, 1030.80 
528.0, 1024.09, 1024.09 
1306.0, 1027.80, 1027.80 
1306.0, 1031.42, 1031.42 
1306.0, 1034.94, 1034.94 
1306.0, 1038.37, 1038.37 
1225.0, 1040.70, 1040.70 
1225.0, 1042.98, 1042.98 
1225.0, 1045.20, 1045.20 
1225.0, 1047.36, 1047.36 
1517.0, 1052.95, 1052.95 
1225.0, 1054.98, 1054.98 
1477.0, 1059.88, 1059.88 
1477.0, 1064.68, 1064.68 
1477.0, 1069.36, 1069.36 
1477.0, 1073.94, 1073.94 
1477.0, 1078.42, 1078.42 
1769.0, 1086.01, 1086.01 
1200.0, 1087.25, 1087.25 
1335.0, 1089.91, 1089.91 
1335.0, 1092.52, 1092.52 
1200.0, 1093.65, 1093.65 
1669.0, 1099.65, 1099.65 
1414.0, 1102.89, 1102.89 
1532.0, 1107.27, 1107.27 
1705.0, 1113.30, 1113.30 
1705.0, 1119.22, 1119.22 
429.0, 1112.39, 1119.22 
1119.0, 1112.45, 1121.83 
1119.0, 1112.51, 1124.44 
1425.0, 1115.52, 1130.11 
1119.0, 1115.55, 1132.72 
1119.0, 1115.58, 1135.33 
1119.0, 1115.62, 1130.17 
1336.0, 1117.66, 1129.72 
893.0, 1115.60, 1130.07 
1321.0, 1117.46, 1126.89 
1236.0, 1118.53, 1130.67 
1236.0, 1119.58, 1134.45 
1236.0, 1120.61, 1138.23 
1325.0, 1122.40, 1142.90 
1558.0, 1126.19, 1149.90 
1558.0, 1129.91, 1156.90 
819.0, 1127.26, 1156.51 
1558.0, 1130.91, 1163.51 
1289.0, 1132.24, 1167.82 
1138.0, 1132.28, 1170.62 
944.0, 1130.73, 1171.48 
944.0, 1129.20, 1172.34 
944.0, 1127.69, 1173.20 
944.0, 1126.21, 1174.06 
1349.0, 1127.99, 1171.09 
1382.0, 1130.01, 1176.33 
1326.0, 1131.55, 1181.01 
1454.0, 1134.07, 1186.97 
1454.0, 1136.55, 1192.93 
1454.0, 1138.99, 1198.89 
1454.0, 1141.40, 1204.85 
1454.0, 1143.77, 1210.81 
1332.0, 1145.18, 1215.55 
1537.0, 1148.10, 1222.34 
1332.0, 1149.47, 1227.08 
1332.0, 1150.81, 1221.27 
1769.0, 1155.32, 1230.38 
1484.0, 1157.70, 1236.64 
1769.0, 1162.10, 1235.18 
1769.0, 1166.44, 1244.29 
1337.0, 1167.65, 1249.08 
1337.0, 1168.84, 1253.87 
1530.0, 1171.36, 1260.59 
1517.0, 1173.76, 1267.25 
1517.0, 1176.13, 1269.29 
1517.0, 1178.47, 1275.95 
1273.0, 1179.11, 1275.57 
1517.0, 1181.39, 1282.23 
1273.0, 1182.01, 1286.45 
1528.0, 1184.31, 1293.22 
1225.0, 1184.58, 1296.96 
1225.0, 1184.85, 1300.70 
1528.0, 1187.09, 1307.47 
1225.0, 1187.34, 1311.21 
1460.0, 1189.10, 1317.30 
1460.0, 1190.83, 1322.15 
1460.0, 1192.55, 1327.00 
1132.0, 1192.16, 1325.19 
1546.0, 1194.39, 1326.48 
1484.0, 1196.20, 1328.19 
1556.0, 1198.43, 1330.62 
849.0, 1196.28, 1325.98 
849.0, 1194.15, 1319.15 
1325.0, 1194.95, 1317.08 
1325.0, 1195.73, 1317.20 
1325.0, 1196.51, 1315.13 
1325.0, 1197.28, 1313.06 
1122.0, 1196.83, 1312.68 
1325.0, 1197.59, 1310.61 
1122.0, 1197.15, 1310.14 
1459.0, 1198.68, 1319.45 
905.0, 1196.97, 1323.22 
830.0, 1194.85, 1317.14 
905.0, 1193.18, 1313.35 
1746.0, 1196.34, 1325.53 
985.0, 1195.14, 1322.32 
1381.0, 1196.19, 1323.07 
985.0, 1195.01, 1319.86 
985.0, 1193.83, 1316.65 
1477.0, 1195.41, 1319.17 
1413.0, 1196.61, 1321.05 
1536.0, 1198.47, 1324.16 
1536.0, 1200.32, 1327.27 
1536.0, 1202.14, 1327.46 
1536.0, 1203.95, 1330.57 
1536.0, 1205.73, 1331.16 
1698.0, 1208.36, 1333.37 
1536.0, 1210.11, 1333.96 
1147.0, 1209.77, 1330.66 
1273.0, 1210.11, 1328.62 
1147.0, 1209.77, 1322.40 
1936.0, 1213.56, 1329.76 
528.0, 1210.01, 1321.69 
1273.0, 1210.33, 1321.07 
1225.0, 1210.41, 1321.32 
1225.0, 1210.48, 1316.88 
1225.0, 1210.55, 1314.99 
1225.0, 1210.63, 1311.92 
1225.0, 1210.70, 1307.12 
1105.0, 1210.17, 1301.12 
429.0, 1206.28, 1301.12 
1146.0, 1205.99, 1301.39 
712.0, 1203.55, 1297.32 
712.0, 1201.14, 1290.19 
1424.0, 1202.23, 1293.24 
712.0, 1199.85, 1289.17 
1108.0, 1199.41, 1289.06 
1105.0, 1198.95, 1286.75 
1476.0, 1200.28, 1292.58 
1326.0, 1200.88, 1292.63 
1262.0, 1201.17, 1292.89 
1262.0, 1201.45, 1293.15 
1262.0, 1201.74, 1293.41 
1262.0, 1202.02, 1292.78 
1095.0, 1201.52, 1288.15 
1326.0, 1202.10, 1285.83 
1095.0, 1201.60, 1288.59 
1095.0, 1201.11, 1283.96 
1095.0, 1200.63, 1282.02 
918.0, 1199.35, 1279.82 
918.0, 1198.07, 1279.56 
918.0, 1196.81, 1279.30 
918.0, 1195.56, 1279.04 
1121.0, 1195.23, 1280.81 
1244.0, 1195.44, 1279.76 
1121.0, 1195.12, 1277.15 
1428.0, 1196.14, 1278.17 
1819.0, 1198.87, 1281.82 
1428.0, 1199.87, 1281.56 
1428.0, 1200.87, 1281.30 
1428.0, 1201.85, 1281.04 
1428.0, 1202.82, 1280.78 
1483.0, 1204.03, 1282.29 
1536.0, 1205.44, 1282.28 
1428.0, 1206.39, 1283.24 
1428.0, 1207.33, 1284.20 
1426.0, 1208.25, 1280.77 
1332.0, 1208.77, 1279.25 
1193.0, 1208.71, 1273.49 
1315.0, 1209.15, 1268.95 
1332.0, 1209.66, 1268.90 
1423.0, 1210.54, 1269.76 
1332.0, 1211.04, 1267.78 
1332.0, 1211.54, 1265.93 
1273.0, 1211.79, 1263.49 
1332.0, 1212.28, 1261.64 
1412.0, 1213.09, 1263.03 
1730.0, 1215.17, 1265.16 
1332.0, 1215.64, 1265.75 
1332.0, 1216.10, 1263.79 
1372.0, 1216.73, 1265.26 
1743.0, 1218.81, 1270.44 
1372.0, 1219.42, 1268.88 
1273.0, 1219.63, 1269.36 
1372.0, 1220.23, 1268.48 
1372.0, 1220.82, 1267.60 
1273.0, 1221.02, 1265.73 
1372.0, 1221.61, 1268.13 
1484.0, 1222.62, 1267.51 
1441.0, 1223.46, 1267.08 
794.0, 1221.82, 1259.46 
1146.0, 1221.53, 1262.43 
1932.0, 1224.23, 1273.26 
712.0, 1222.29, 1267.13 
1175.0, 1222.11, 1265.63 
1460.0, 1223.00, 1266.98 
1175.0, 1222.82, 1265.48 
1676.0, 1224.51, 1271.02 
851.0, 1223.13, 1266.28 
1175.0, 1222.95, 1266.81 
1175.0, 1222.77, 1263.97 
1175.0, 1222.60, 1266.67 
1484.0, 1223.55, 1273.21 
1228.0, 1223.57, 1276.44 
1411.0, 1224.25, 1273.09 
1122.0, 1223.88, 1274.46 
898.0, 1222.70, 1269.63 
849.0, 1221.36, 1268.27 
849.0, 1220.03, 1266.91 
898.0, 1218.88, 1261.12 
1089.0, 1218.41, 1257.88 
1278.0, 1218.62, 1255.30 
1278.0, 1218.83, 1252.72 
1278.0, 1219.04, 1250.14 
1278.0, 1219.25, 1247.56 
1278.0, 1219.45, 1244.98 
1475.0, 1220.34, 1242.75 
1278.0, 1220.55, 1240.17 
1278.0, 1220.74, 1241.48 
1278.0, 1220.94, 1241.53 
1228.0, 1220.97, 1242.34 
1536.0, 1222.04, 1238.34 
1536.0, 1223.12, 1248.42 
1225.0, 1223.12, 1247.94 
1225.0, 1223.13, 1247.94 
1608.0, 1224.43, 1251.77 
1225.0, 1224.43, 1251.77 
1694.0, 1226.01, 1256.46 
799.0, 1224.58, 1252.20 
1335.0, 1224.95, 1254.50 
429.0, 1222.30, 1254.50 
799.0, 1220.90, 1251.03 
1335.0, 1221.28, 1257.26 
1335.0, 1221.65, 1263.49 
1608.0, 1222.92, 1265.33 
1195.0, 1222.83, 1270.16 
1335.0, 1223.19, 1272.43 
1335.0, 1223.56, 1274.73 
1583.0, 1224.72, 1275.80 
1335.0, 1225.07, 1275.89 
1335.0, 1225.43, 1276.62 
1306.0, 1225.69, 1277.06 
528.0, 1223.46, 1269.72 
1625.0, 1224.74, 1273.35 
528.0, 1222.52, 1267.68 
1248.0, 1222.60, 1266.90 
1819.0, 1224.49, 1274.14 
1881.0, 1226.55, 1282.00 
1367.0, 1226.99, 1284.72 
1460.0, 1227.72, 1290.14 
1367.0, 1228.15, 1294.63 
1367.0, 1228.58, 1299.12 
1367.0, 1229.01, 1303.61 
1624.0, 1230.23, 1308.64 
1237.0, 1230.25, 1308.57 
1137.0, 1229.97, 1308.73 
1589.0, 1231.06, 1310.34 
1137.0, 1230.78, 1303.52 
1014.0, 1230.12, 1299.38 
1014.0, 1229.46, 1295.24 
1014.0, 1228.81, 1291.10 
756.0, 1227.39, 1284.38 
1567.0, 1228.41, 1285.22 
1733.0, 1229.92, 1287.19 
1716.0, 1231.37, 1290.07 
1436.0, 1231.98, 1290.15 
1590.0, 1233.04, 1291.79 
1289.0, 1233.21, 1291.36 
1289.0, 1233.37, 1292.32 
1289.0, 1233.54, 1292.06 
1078.0, 1233.08, 1289.52 
1289.0, 1233.24, 1288.18 
1078.0, 1232.79, 1285.64 
1289.0, 1232.95, 1285.21 
1710.0, 1234.34, 1289.58 
1486.0, 1235.06, 1291.12 
1262.0, 1235.14, 1289.62 
1262.0, 1235.22, 1284.94 
1262.0, 1235.30, 1284.24 
1262.0, 1235.37, 1283.54 
1262.0, 1235.45, 1282.44 
1262.0, 1235.52, 1277.63 
1262.0, 1235.60, 1276.53 
1262.0, 1235.67, 1276.42 
1262.0, 1235.75, 1275.32 
1262.0, 1235.82, 1274.22 
1262.0, 1235.89, 1274.11 
1641.0, 1237.03, 1276.80 
1262.0, 1237.09, 1274.58 
1262.0, 1237.16, 1272.79 
1262.0, 1237.23, 1277.47 
1262.0, 1237.30, 1278.63 
1078.0, 1236.86, 1270.09 
1078.0, 1236.43, 1273.75 
1078.0, 1235.99, 1272.78 
1078.0, 1235.56, 1268.96 
1246.0, 1235.59, 1269.67 
1246.0, 1235.62, 1265.37 
1246.0, 1235.64, 1269.32 
1078.0, 1235.22, 1268.35 
1298.0, 1235.39, 1269.58 
1078.0, 1234.97, 1268.61 
1078.0, 1234.54, 1264.55 
1246.0, 1234.57, 1264.73 
1246.0, 1234.61, 1263.08 
1246.0, 1234.64, 1264.32 
1383.0, 1235.03, 1269.17 
1365.0, 1235.37, 1274.33 
1521.0, 1236.13, 1281.05 
1225.0, 1236.10, 1284.32 
1769.0, 1237.50, 1291.12 
1152.0, 1237.27, 1289.86 
1769.0, 1238.66, 1294.77 
1152.0, 1238.43, 1293.51 
1152.0, 1238.21, 1292.25 
1911.0, 1239.95, 1298.58 
1474.0, 1240.56, 1298.57 
1160.0, 1240.35, 1297.39 
1160.0, 1240.14, 1296.21 
1588.0, 1241.04, 1299.31 
1698.0, 1242.20, 1304.01 
1292.0, 1242.33, 1301.57 
1244.0, 1242.34, 1298.65 
1463.0, 1242.90, 1301.03 
1164.0, 1242.70, 1300.42 
1347.0, 1242.96, 1297.81 
1244.0, 1242.96, 1298.00 
1648.0, 1243.98, 1297.54 
1454.0, 1244.51, 1304.09 
1454.0, 1245.03, 1305.28 
429.0, 1243.00, 1305.28 
1335.0, 1243.22, 1310.64 
528.0, 1241.45, 1302.57 
528.0, 1239.68, 1294.50 
1335.0, 1239.92, 1291.77 
1551.0, 1240.68, 1295.33 
1698.0, 1241.81, 1298.96 
1339.0, 1242.05, 1299.00 
1832.0, 1243.49, 1301.49 
1648.0, 1244.48, 1304.62 
1616.0, 1245.38, 1307.43 
1616.0, 1246.28, 1310.53 
1616.0, 1247.17, 1321.41 
1586.0, 1247.99, 1321.02 
1616.0, 1248.88, 1331.90 
1289.0, 1248.98, 1332.31 
1228.0, 1248.93, 1326.40 
1228.0, 1248.88, 1319.87 
1228.0, 1248.83, 1318.48 
1228.0, 1248.78, 1316.16 
1228.0, 1248.73, 1314.77 
1682.0, 1249.75, 1317.92 
1440.0, 1250.20, 1318.65 
1682.0, 1251.22, 1319.23 
1682.0, 1252.24, 1323.68 
1728.0, 1253.35, 1329.59 
972.0, 1252.69, 1323.42 
1164.0, 1252.49, 1323.69 
1627.0, 1253.36, 1329.82 
1164.0, 1253.15, 1331.32 
1164.0, 1252.94, 1332.82 
1442.0, 1253.38, 1339.68 
1164.0, 1253.18, 1335.65 
1705.0, 1254.22, 1335.37 
1648.0, 1255.12, 1334.69 
1648.0, 1256.02, 1336.81 
1289.0, 1256.10, 1333.80 
1289.0, 1256.17, 1333.80 
1289.0, 1256.25, 1333.80 
2069.0, 1258.10, 1341.60 
1289.0, 1258.17, 1343.71 
1413.0, 1258.52, 1344.95 
1843.0, 1259.84, 1352.60 
1289.0, 1259.90, 1352.60 
1147.0, 1259.65, 1346.97 
1234.0, 1259.59, 1344.45 
1234.0, 1259.53, 1344.17 
1234.0, 1259.48, 1343.89 
1234.0, 1259.42, 1343.61 
1234.0, 1259.36, 1343.33 
1234.0, 1259.31, 1343.05 
1248.0, 1259.28, 1342.91 
1831.0, 1260.54, 1348.60 
957.0, 1259.87, 1345.55 
957.0, 1259.21, 1342.50 
957.0, 1258.55, 1339.45 
1327.0, 1258.70, 1340.10 
1249.0, 1258.67, 1336.18 
1531.0, 1259.27, 1338.87 
1669.0, 1260.16, 1342.94 
957.0, 1259.50, 1339.89 
1583.0, 1260.20, 1343.10 
1242.0, 1260.16, 1344.74 
1583.0, 1260.86, 1349.79 
1249.0, 1260.83, 1351.50 
1628.0, 1261.62, 1357.00 
1628.0, 1262.40, 1360.82 
1268.0, 1262.42, 1361.04 
1662.0, 1263.27, 1365.20 
1067.0, 1262.85, 1365.09 
1494.0, 1263.34, 1367.05 
1126.0, 1263.05, 1367.53 
1067.0, 1262.64, 1367.42 
1791.0, 1263.75, 1372.87 
1301.0, 1263.83, 1373.42 
1750.0, 1264.85, 1378.46 
1160.0, 1264.63, 1376.23 
1160.0, 1264.41, 1374.18 
1160.0, 1264.19, 1370.57 
1160.0, 1263.98, 1369.92 
1160.0, 1263.76, 1363.83 
1865.0, 1265.01, 1370.96 
1308.0, 1265.10, 1366.35 
1534.0, 1265.65, 1370.17 
998.0, 1265.10, 1368.63 
998.0, 1264.55, 1359.50 
998.0, 1264.00, 1354.74 
1038.0, 1263.54, 1353.52 
1038.0, 1263.08, 1352.30 
1038.0, 1262.62, 1346.80 
1043.0, 1262.17, 1340.25 
1675.0, 1263.01, 1344.08 
1147.0, 1262.78, 1343.11 
1147.0, 1262.54, 1339.95 
1789.0, 1263.61, 1346.20 
1457.0, 1264.00, 1347.30 
1457.0, 1264.38, 1349.43 
1457.0, 1264.77, 1347.52 
1457.0, 1265.16, 1347.55 
1307.0, 1265.24, 1346.08 
429.0, 1263.57, 1346.08 
1457.0, 1263.96, 1347.30 
1147.0, 1263.72, 1353.49 
1415.0, 1264.02, 1362.36 
1133.0, 1263.76, 1360.34 
1133.0, 1263.51, 1356.16 
872.0, 1262.73, 1347.90 
1147.0, 1262.51, 1345.98 
1147.0, 1262.28, 1339.13 
1246.0, 1262.25, 1335.11 
1536.0, 1262.78, 1334.31 
1460.0, 1263.17, 1332.75 
1246.0, 1263.13, 1329.05 
1605.0, 1263.80, 1329.24 
1460.0, 1264.18, 1327.68 
1460.0, 1264.56, 1329.39 
1484.0, 1264.98, 1331.95 
1267.0, 1264.99, 1332.34 
1321.0, 1265.10, 1333.27 
1460.0, 1265.47, 1335.59 
1246.0, 1265.43, 1335.77 
1246.0, 1265.40, 1331.41 
1332.0, 1265.52, 1330.33 
1778.0, 1266.50, 1331.29 
1542.0, 1267.03, 1329.89 
1309.0, 1267.11, 1325.70 
1617.0, 1267.77, 1332.15 
1309.0, 1267.85, 1333.60 
1309.0, 1267.93, 1330.42 
1200.0, 1267.80, 1330.78 
1200.0, 1267.67, 1331.14 
898.0, 1266.98, 1325.70 
898.0, 1266.28, 1323.04 
1236.0, 1266.23, 1318.35 
1236.0, 1266.17, 1314.23 
1608.0, 1266.81, 1313.83 
799.0, 1265.94, 1308.93 
799.0, 1265.07, 1304.03 
799.0, 1264.20, 1299.13 
1126.0, 1263.95, 1289.70 
1126.0, 1263.69, 1288.07 
1674.0, 1264.45, 1290.68 
1721.0, 1265.29, 1289.46 
1395.0, 1265.53, 1290.52 
1608.0, 1266.16, 1295.13 
1395.0, 1266.39, 1296.74 
1367.0, 1266.58, 1298.07 
1941.0, 1267.81, 1305.14 
1395.0, 1268.04, 1306.75 
1246.0, 1268.00, 1306.87 
1941.0, 1269.22, 1313.94 
1378.0, 1269.42, 1315.24 
1378.0, 1269.61, 1310.71 
1228.0, 1269.54, 1313.42 
1592.0, 1270.12, 1319.77 
1816.0, 1271.10, 1328.36 
1457.0, 1271.44, 1329.66 
1457.0, 1271.77, 1331.74 
849.0, 1271.01, 1324.92 
849.0, 1270.26, 1316.72 
1457.0, 1270.59, 1321.72 
849.0, 1269.84, 1314.38 
1457.0, 1270.17, 1316.53 
1508.0, 1270.60, 1315.78 
1394.0, 1270.81, 1317.23 
1761.0, 1271.68, 1318.56 
1539.0, 1272.15, 1317.67 
1466.0, 1272.49, 1319.65 
1714.0, 1273.27, 1320.17 
1373.0, 1273.44, 1323.23 
1466.0, 1273.78, 1322.95 
1981.0, 1275.02, 1331.50 
1446.0, 1275.32, 1335.29 
1648.0, 1275.97, 1333.86 
1437.0, 1276.25, 1335.22 
1235.0, 1276.17, 1330.07 
1570.0, 1276.68, 1334.17 
1411.0, 1276.92, 1336.68 
756.0, 1276.02, 1332.64 
756.0, 1275.12, 1328.60 
1648.0, 1275.76, 1333.48 
1570.0, 1276.27, 1330.53 
1234.0, 1276.19, 1329.79 
1606.0, 1276.76, 1330.51 
1234.0, 1276.69, 1332.87 
1234.0, 1276.61, 1335.23 
1234.0, 1276.54, 1337.59 
1234.0, 1276.47, 1339.55 
1234.0, 1276.40, 1341.51 
1234.0, 1276.32, 1343.47 
1476.0, 1276.66, 1347.80 
1457.0, 1276.97, 1345.62 
1752.0, 1277.77, 1351.67 
1443.0, 1278.05, 1354.63 
1643.0, 1278.66, 1353.17 
1443.0, 1278.93, 1353.03 
1411.0, 1279.16, 1352.57 
957.0, 1278.62, 1347.57 
957.0, 1278.08, 1342.57 
1246.0, 1278.03, 1341.96 
429.0, 1276.61, 1341.96 
957.0, 1276.08, 1336.96 
957.0, 1275.55, 1335.06 
1303.0, 1275.60, 1333.94 
1583.0, 1276.11, 1338.44 
1128.0, 1275.86, 1338.39 
1537.0, 1276.29, 1345.04 
1657.0, 1276.92, 1350.14 
1537.0, 1277.35, 1354.04 
1436.0, 1277.61, 1355.94 
1078.0, 1277.28, 1351.36 
1078.0, 1276.95, 1347.54 
1509.0, 1277.33, 1350.17 
1728.0, 1278.07, 1351.40 
1457.0, 1278.36, 1351.37 
1509.0, 1278.73, 1351.86 
1894.0, 1279.73, 1355.96 
1457.0, 1280.02, 1357.86 
1457.0, 1280.30, 1359.22 
1227.0, 1280.22, 1356.89 
1457.0, 1280.50, 1359.00 
1457.0, 1280.78, 1361.11 
1457.0, 1281.07, 1362.36 
1537.0, 1281.48, 1359.95 
1197.0, 1281.34, 1356.50 
1875.0, 1282.29, 1362.16 
1268.0, 1282.27, 1358.67 
1268.0, 1282.25, 1358.26 
1268.0, 1282.22, 1357.85 
1268.0, 1282.20, 1358.53 
1289.0, 1282.21, 1359.42 
1268.0, 1282.19, 1363.12 
1268.0, 1282.17, 1366.82 
1055.0, 1281.81, 1365.01 
1549.0, 1282.23, 1368.14 
1536.0, 1282.63, 1367.42 
1323.0, 1282.69, 1372.66 
1421.0, 1282.91, 1378.88 
1323.0, 1282.97, 1384.12 
1241.0, 1282.90, 1385.27 
1241.0, 1282.84, 1386.42 
1241.0, 1282.77, 1382.09 
1416.0, 1282.98, 1379.04 
1241.0, 1282.92, 1377.50 
906.0, 1282.33, 1370.48 
906.0, 1281.75, 1365.59 
906.0, 1281.17, 1360.98 
1700.0, 1281.81, 1358.57 
972.0, 1281.34, 1354.34 
972.0, 1280.86, 1351.60 
1733.0, 1281.56, 1349.52 
1062.0, 1281.22, 1346.36 
1420.0, 1281.43, 1346.78 
1293.0, 1281.45, 1347.43 
1293.0, 1281.47, 1344.44 
1556.0, 1281.89, 1341.84 
872.0, 1281.26, 1335.99 
1305.0, 1281.30, 1334.47 
1515.0, 1281.65, 1341.13 
1029.0, 1281.27, 1342.93 
872.0, 1280.65, 1337.08 
872.0, 1280.03, 1337.31 
1378.0, 1280.18, 1336.52 
1207.0, 1280.07, 1333.51 
1207.0, 1279.96, 1331.64 
1207.0, 1279.85, 1326.10 
1105.0, 1279.59, 1321.76 
1105.0, 1279.33, 1318.15 
1105.0, 1279.07, 1312.06 
1105.0, 1278.81, 1309.38 
872.0, 1278.20, 1303.44 
872.0, 1277.60, 1292.35 
1676.0, 1278.19, 1294.65 
1105.0, 1277.93, 1289.22 
1105.0, 1277.68, 1285.90 
1457.0, 1277.94, 1288.12 
1412.0, 1278.14, 1286.54 
1722.0, 1278.79, 1289.65 
872.0, 1278.19, 1290.81 
1457.0, 1278.46, 1297.82 
1457.0, 1278.72, 1295.91 
1457.0, 1278.98, 1294.78 
1457.0, 1279.24, 1297.01 
1338.0, 1279.33, 1294.33 
1343.0, 1279.42, 1295.42 
872.0, 1278.83, 1291.80 
1121.0, 1278.60, 1290.67 
1722.0, 1279.24, 1295.55 
1571.0, 1279.66, 1298.92 
1121.0, 1279.43, 1297.79 
1121.0, 1279.21, 1294.24 
1457.0, 1279.46, 1294.24 
1457.0, 1279.72, 1291.29 
1121.0, 1279.49, 1288.07 
1415.0, 1279.68, 1285.79 
1246.0, 1279.64, 1283.82 
1622.0, 1280.13, 1285.93 
1084.0, 1279.85, 1287.20 
1084.0, 1279.57, 1288.47 
1218.0, 1279.48, 1288.19 
429.0, 1278.27, 1288.19 
1362.0, 1278.38, 1292.24 
1378.0, 1278.53, 1296.45 
1378.0, 1278.67, 1297.20 
1659.0, 1279.21, 1297.96 
799.0, 1278.53, 1294.67 
1126.0, 1278.31, 1290.56 
1338.0, 1278.40, 1287.37 
1338.0, 1278.48, 1285.38 
1338.0, 1278.56, 1284.40 
1378.0, 1278.70, 1287.40 
1457.0, 1278.95, 1291.19 
1261.0, 1278.93, 1288.71 
1378.0, 1279.07, 1285.21 
1457.0, 1279.32, 1285.21 
1457.0, 1279.56, 1284.69 
1457.0, 1279.81, 1280.32 
1723.0, 1280.43, 1282.98 
1466.0, 1280.69, 1283.07 
1311.0, 1280.73, 1283.91 
1311.0, 1280.77, 1282.45 
1246.0, 1280.72, 1280.34 
1246.0, 1280.67, 1278.23 
1225.0, 1280.60, 1275.11 
1225.0, 1280.52, 1275.39 
1249.0, 1280.48, 1269.13 
1249.0, 1280.43, 1268.94 
1249.0, 1280.39, 1268.75 
1249.0, 1280.35, 1268.56 
1249.0, 1280.31, 1268.37 
1249.0, 1280.26, 1267.97 
1152.0, 1280.09, 1266.81 
1360.0, 1280.20, 1267.73 
1225.0, 1280.12, 1269.43 
1360.0, 1280.23, 1267.54 
1225.0, 1280.15, 1264.43 
1253.0, 1280.12, 1263.73 
1360.0, 1280.23, 1263.12 
1253.0, 1280.19, 1262.42 
1253.0, 1280.15, 1262.54 
1253.0, 1280.12, 1262.66 
1266.0, 1280.10, 1262.91 
1218.0, 1280.01, 1260.93 
1360.0, 1280.12, 1262.12 
1380.0, 1280.26, 1266.86 
1147.0, 1280.08, 1269.27 
1288.0, 1280.09, 1273.09 
1288.0, 1280.10, 1268.97 
1288.0, 1280.11, 1272.13 
1288.0, 1280.12, 1275.29 
1288.0, 1280.13, 1270.84 
1288.0, 1280.14, 1273.10 
1288.0, 1280.15, 1271.78 
1288.0, 1280.16, 1271.73 
1288.0, 1280.17, 1271.68 
1716.0, 1280.75, 1273.28 
1830.0, 1281.47, 1282.86 
1043.0, 1281.16, 1280.24 
1043.0, 1280.84, 1275.52 
1043.0, 1280.53, 1275.66 
1043.0, 1280.22, 1277.37 
1043.0, 1279.91, 1279.08 
1715.0, 1280.48, 1282.45 
1043.0, 1280.17, 1280.81 
1043.0, 1279.86, 1279.17 
1043.0, 1279.55, 1277.53 
948.0, 1279.12, 1275.96 
1043.0, 1278.81, 1275.34 
1042.0, 1278.50, 1274.71 
1042.0, 1278.19, 1274.08 
1522.0, 1278.51, 1280.58 
1747.0, 1279.12, 1289.33 
872.0, 1278.59, 1281.29 
1121.0, 1278.39, 1281.45 
1121.0, 1278.18, 1281.61 
978.0, 1277.80, 1276.82 
1121.0, 1277.59, 1273.91 
1338.0, 1277.67, 1270.07 
1259.0, 1277.65, 1273.94 
1132.0, 1277.46, 1270.69 
1132.0, 1277.28, 1267.44 
1132.0, 1277.09, 1264.19 
1132.0, 1276.90, 1260.94 
1132.0, 1276.72, 1258.88 
1132.0, 1276.54, 1256.77 
1132.0, 1276.35, 1259.37 
1132.0, 1276.17, 1259.48 
1132.0, 1275.98, 1253.58 
1132.0, 1275.80, 1249.19 
1132.0, 1275.62, 1249.30 
1132.0, 1275.44, 1249.41 
722.0, 1274.74, 1242.06 
722.0, 1274.04, 1234.71 
722.0, 1273.35, 1230.72 
978.0, 1272.98, 1226.35 
978.0, 1272.61, 1223.67 
799.0, 1272.01, 1215.44 
799.0, 1271.42, 1212.59 
799.0, 1270.83, 1209.74 
799.0, 1270.24, 1205.55 
429.0, 1269.19, 1205.55 
1195.0, 1269.09, 1203.88 
1195.0, 1269.00, 1202.05 
1195.0, 1268.91, 1200.22 
1763.0, 1269.52, 1201.26 
1233.0, 1269.48, 1205.60 
1233.0, 1269.43, 1206.67 
1429.0, 1269.63, 1207.58 
1628.0, 1270.07, 1210.48 
1176.0, 1269.96, 1208.86 
1761.0, 1270.56, 1212.69 
1239.0, 1270.52, 1210.51 
1360.0, 1270.63, 1211.50 
1429.0, 1270.83, 1212.01 
1360.0, 1270.94, 1211.04 
1187.0, 1270.84, 1208.34 
1187.0, 1270.73, 1205.64 
1187.0, 1270.63, 1200.28 
1132.0, 1270.46, 1196.94 
1132.0, 1270.29, 1195.15 
1731.0, 1270.85, 1199.35 
1397.0, 1271.01, 1200.86 
1132.0, 1270.84, 1199.72 
1132.0, 1270.67, 1198.79 
1668.0, 1271.15, 1203.22 
1132.0, 1270.98, 1202.05 
1132.0, 1270.81, 1200.88 
1132.0, 1270.65, 1199.71 
1132.0, 1270.48, 1198.54 
1132.0, 1270.31, 1197.37 
1132.0, 1270.15, 1196.20 
1132.0, 1269.98, 1196.00 
1808.0, 1270.63, 1200.48 
1088.0, 1270.41, 1199.11 
1157.0, 1270.27, 1197.08 
1177.0, 1270.16, 1196.60 
1716.0, 1270.69, 1201.23 
1442.0, 1270.90, 1202.05 
1707.0, 1271.42, 1206.59 
1157.0, 1271.28, 1205.63 
1151.0, 1271.14, 1204.61 
1162.0, 1271.01, 1203.57 
1157.0, 1270.87, 1202.96 
1451.0, 1271.09, 1203.87 
1451.0, 1271.30, 1204.58 
1782.0, 1271.90, 1210.93 
1162.0, 1271.77, 1209.67 
1443.0, 1271.98, 1211.22 
1287.0, 1271.99, 1211.21 
1151.0, 1271.85, 1209.84 
1151.0, 1271.71, 1208.47 
1033.0, 1271.43, 1205.92 
1033.0, 1271.15, 1203.37 
1033.0, 1270.87, 1200.82 
1738.0, 1271.42, 1205.32 
972.0, 1271.07, 1197.88 
972.0, 1270.72, 1189.30 
972.0, 1270.37, 1188.59 
1335.0, 1270.44, 1191.51 
1453.0, 1270.66, 1195.61 
1335.0, 1270.73, 1198.53 
1158.0, 1270.60, 1199.68 
1472.0, 1270.83, 1197.25 
1396.0, 1270.98, 1200.78 
1281.0, 1270.99, 1203.16 
1472.0, 1271.22, 1207.45 
1158.0, 1271.09, 1209.55 
1281.0, 1271.10, 1211.93 
1472.0, 1271.33, 1216.23 
1225.0, 1271.28, 1218.06 
1225.0, 1271.23, 1215.09 
1281.0, 1271.24, 1210.43 
1225.0, 1271.19, 1213.96 
1225.0, 1271.13, 1215.00 
1225.0, 1271.08, 1216.04 
1841.0, 1271.73, 1224.67 
1187.0, 1271.64, 1225.33 
1187.0, 1271.54, 1223.82 
1187.0, 1271.44, 1223.10 
1228.0, 1271.39, 1224.06 
1174.0, 1271.28, 1224.48 
954.0, 1270.92, 1222.70 
954.0, 1270.56, 1220.92 
1812.0, 1271.18, 1227.72 
1481.0, 1271.41, 1231.21 
1481.0, 1271.65, 1234.70 
1713.0, 1272.15, 1240.51 
1481.0, 1272.38, 1244.00 
1481.0, 1272.62, 1247.49 
1451.0, 1272.82, 1250.68 
1457.0, 1273.02, 1253.93 
1457.0, 1273.23, 1261.28 
1457.0, 1273.44, 1268.63 
1654.0, 1273.86, 1277.95 
1246.0, 1273.83, 1280.63 
1246.0, 1273.80, 1283.31 
872.0, 1273.35, 1284.04 
1355.0, 1273.44, 1289.60 
1355.0, 1273.53, 1295.16 
1699.0, 1274.01, 1304.16 
429.0, 1273.07, 1304.16 
1246.0, 1273.04, 1304.67 
1355.0, 1273.13, 1306.27 
1246.0, 1273.10, 1306.78 
1737.0, 1273.61, 1306.52 
1233.0, 1273.57, 1306.52 
1360.0, 1273.66, 1307.79 
1233.0, 1273.62, 1305.83 
1360.0, 1273.71, 1303.15 
1569.0, 1274.04, 1307.08 
1128.0, 1273.88, 1300.75 
1187.0, 1273.78, 1300.23 
1233.0, 1273.74, 1298.96 
1148.0, 1273.60, 1296.15 
1693.0, 1274.06, 1299.48 
1187.0, 1273.96, 1299.48 
1619.0, 1274.34, 1303.80 
1187.0, 1274.24, 1303.80 
1148.0, 1274.11, 1303.96 
1693.0, 1274.56, 1309.57 
1666.0, 1274.99, 1308.92 
1510.0, 1275.24, 1310.05 
1187.0, 1275.15, 1310.60 
1148.0, 1275.01, 1310.76 
1693.0, 1275.46, 1311.01 
1187.0, 1275.37, 1311.56 
1148.0, 1275.23, 1311.72 
1693.0, 1275.68, 1317.33 
1526.0, 1275.95, 1321.27 
1187.0, 1275.85, 1321.82 
1439.0, 1276.03, 1324.89 
1148.0, 1275.89, 1325.05 
1311.0, 1275.93, 1320.08 
1311.0, 1275.96, 1322.31 
1693.0, 1276.41, 1327.67 
1110.0, 1276.23, 1327.00 
1110.0, 1276.06, 1320.94 
1522.0, 1276.32, 1321.74 
1110.0, 1276.14, 1315.77 
1110.0, 1275.96, 1315.30 
1110.0, 1275.79, 1314.89 
926.0, 1275.42, 1312.53 
926.0, 1275.05, 1310.22 
1574.0, 1275.36, 1311.45 
1597.0, 1275.70, 1312.91 
1110.0, 1275.53, 1306.19 
926.0, 1275.16, 1303.83 
926.0, 1274.79, 1298.66 
1322.0, 1274.84, 1299.01 
926.0, 1274.47, 1296.76 
1110.0, 1274.30, 1296.35 
1110.0, 1274.13, 1297.12 
1420.0, 1274.28, 1300.99 
1131.0, 1274.13, 1301.97 
1131.0, 1273.98, 1295.90 
1693.0, 1274.42, 1303.11 
1187.0, 1274.33, 1305.26 
849.0, 1273.88, 1304.03 
849.0, 1273.44, 1299.17 
1620.0, 1273.80, 1300.84 
1187.0, 1273.71, 1299.36 
849.0, 1273.27, 1296.27 
1543.0, 1273.55, 1296.98 
1187.0, 1273.46, 1294.89 
1425.0, 1273.62, 1296.33 
1311.0, 1273.66, 1294.72 
1573.0, 1273.96, 1298.87 
1133.0, 1273.82, 1297.39 
1133.0, 1273.67, 1294.00 
1078.0, 1273.47, 1292.53 
1133.0, 1273.33, 1291.61 
1661.0, 1273.73, 1295.41 
1078.0, 1273.53, 1293.94 
1078.0, 1273.32, 1292.47 
1078.0, 1273.12, 1291.00 
1133.0, 1272.98, 1283.92 
1133.0, 1272.84, 1283.38 
1078.0, 1272.64, 1282.29 
1078.0, 1272.44, 1281.20 
1680.0, 1272.86, 1285.72 
1246.0, 1272.83, 1286.44 
1246.0, 1272.80, 1289.36 
1693.0, 1273.23, 1296.75 
1661.0, 1273.62, 1295.24 
1781.0, 1274.14, 1298.24 
1528.0, 1274.39, 1298.71 
1693.0, 1274.82, 1298.51 
1827.0, 1275.38, 1301.97 
1537.0, 1275.64, 1302.53 
1335.0, 1275.70, 1301.37 
1375.0, 1275.80, 1300.55 
1375.0, 1275.90, 1299.73 
1610.0, 1276.24, 1301.26 
1500.0, 1276.46, 1299.72 
1148.0, 1276.33, 1298.74 
1044.0, 1276.10, 1296.72 
1044.0, 1275.87, 1298.44 
1500.0, 1276.09, 1299.89 
1131.0, 1275.95, 1297.65 
1873.0, 1276.55, 1299.39 
429.0, 1275.70, 1299.39 
1044.0, 1275.47, 1297.37 
1613.0, 1275.80, 1299.95 
1500.0, 1276.03, 1302.49 
1392.0, 1276.14, 1299.04 
1044.0, 1275.91, 1297.15 
1210.0, 1275.85, 1295.65 
1148.0, 1275.72, 1294.80 
1148.0, 1275.59, 1292.68 
1211.0, 1275.53, 1289.10 
1148.0, 1275.40, 1289.30 
1148.0, 1275.28, 1288.91 
1797.0, 1275.79, 1294.55 
1704.0, 1276.21, 1300.11 
1407.0, 1276.34, 1297.25 
1512.0, 1276.57, 1300.50 
1704.0, 1277.00, 1301.35 
1512.0, 1277.23, 1304.60 
1704.0, 1277.64, 1310.16 
1229.0, 1277.60, 1305.52 
1704.0, 1278.01, 1305.90 
1704.0, 1278.43, 1307.84 
1351.0, 1278.50, 1309.48 
1620.0, 1278.84, 1314.20 
1620.0, 1279.17, 1313.47 
1250.0, 1279.14, 1314.10 
1707.0, 1279.56, 1319.69 
1620.0, 1279.89, 1318.96 
1416.0, 1280.02, 1317.86 
1620.0, 1280.35, 1322.19 
1620.0, 1280.68, 1324.00 
1006.0, 1280.41, 1322.58 
1620.0, 1280.74, 1325.67 
1255.0, 1280.72, 1325.11 
1694.0, 1281.12, 1325.12 
1325.0, 1281.16, 1327.27 
1787.0, 1281.65, 1334.04 
1378.0, 1281.74, 1332.60 
1861.0, 1282.30, 1340.11 
1378.0, 1282.39, 1342.79 
1255.0, 1282.36, 1344.24 
1255.0, 1282.34, 1347.53 
1255.0, 1282.31, 1350.82 
1255.0, 1282.28, 1347.63 
1255.0, 1282.26, 1344.21 
1255.0, 1282.23, 1345.66 
1255.0, 1282.21, 1348.95 
1255.0, 1282.18, 1352.24 
1255.0, 1282.15, 1351.57 
1613.0, 1282.47, 1358.44 
1031.0, 1282.23, 1357.65 
1031.0, 1281.99, 1356.86 
1031.0, 1281.75, 1352.97 
1018.0, 1281.50, 1351.84 
1018.0, 1281.25, 1350.71 
1621.0, 1281.57, 1349.99 
1018.0, 1281.33, 1348.30 
1018.0, 1281.08, 1349.99 
1018.0, 1280.83, 1351.68 
1018.0, 1280.58, 1345.66 
1311.0, 1280.61, 1346.90 
1311.0, 1280.64, 1351.52 
1311.0, 1280.67, 1349.20 
1188.0, 1280.58, 1349.21 
1678.0, 1280.95, 1351.74 
1040.0, 1280.73, 1349.03 
1040.0, 1280.50, 1343.70 
1040.0, 1280.28, 1342.77 
1199.0, 1280.20, 1343.43 
1820.0, 1280.70, 1350.85 
1087.0, 1280.52, 1350.39 
1040.0, 1280.30, 1344.18 
1338.0, 1280.35, 1346.78 
1631.0, 1280.68, 1352.31 
968.0, 1280.39, 1351.21 
1213.0, 1280.33, 1352.01 
1384.0, 1280.42, 1354.52 
1213.0, 1280.36, 1355.87 
1213.0, 1280.30, 1357.22 
1384.0, 1280.39, 1354.26 
1213.0, 1280.33, 1353.93 
1384.0, 1280.43, 1355.31 
1384.0, 1280.52, 1352.22 
1384.0, 1280.62, 1349.45 
1384.0, 1280.71, 1345.48 
799.0, 1280.27, 1338.19 
799.0, 1279.83, 1329.25 
799.0, 1279.38, 1318.97 
1384.0, 1279.48, 1317.44 
1500.0, 1279.68, 1319.09 
1338.0, 1279.74, 1318.72 
799.0, 1279.30, 1312.96 
1522.0, 1279.52, 1312.08 
1384.0, 1279.61, 1310.92 
1384.0, 1279.71, 1313.28 
1384.0, 1279.80, 1316.68 
1078.0, 1279.62, 1317.02 
1078.0, 1279.44, 1312.80 
849.0, 1279.04, 1309.98 
1288.0, 1279.05, 1304.13 
429.0, 1278.28, 1304.13 
1288.0, 1278.29, 1306.57 
1288.0, 1278.30, 1303.32 
1299.0, 1278.32, 1301.31 
1299.0, 1278.34, 1300.38 
1299.0, 1278.35, 1302.93 
1806.0, 1278.83, 1308.89 
1299.0, 1278.85, 1310.40 
1299.0, 1278.87, 1311.91 
1299.0, 1278.89, 1312.79 
1299.0, 1278.90, 1314.30 
1744.0, 1279.32, 1320.26 
1299.0, 1279.34, 1315.28 
1814.0, 1279.82, 1316.38 
1582.0, 1280.09, 1318.13 
1777.0, 1280.54, 1320.78 
1299.0, 1280.55, 1316.73 
1309.0, 1280.58, 1314.70 
1299.0, 1280.59, 1310.65 
1587.0, 1280.87, 1314.23 
1800.0, 1281.33, 1315.19 
1454.0, 1281.48, 1312.69 
925.0, 1281.17, 1308.43 
925.0, 1280.85, 1301.48 
1262.0, 1280.83, 1297.90 
925.0, 1280.52, 1294.65 
925.0, 1280.20, 1286.83 
849.0, 1279.82, 1279.12 
1262.0, 1279.80, 1277.58 
849.0, 1279.42, 1269.87 
1484.0, 1279.60, 1268.51 
1419.0, 1279.73, 1272.64 
1484.0, 1279.91, 1271.28 
1918.0, 1280.47, 1277.91 
1363.0, 1280.54, 1274.60 
1699.0, 1280.91, 1278.34 
1132.0, 1280.78, 1271.79 
1132.0, 1280.65, 1269.33 
712.0, 1280.15, 1257.84 
1419.0, 1280.27, 1258.25 
1221.0, 1280.22, 1257.91 
1495.0, 1280.41, 1260.31 
1484.0, 1280.59, 1262.60 
1613.0, 1280.88, 1266.18 
1623.0, 1281.18, 1269.86 
1409.0, 1281.29, 1271.40 
1335.0, 1281.33, 1272.20 
1310.0, 1281.36, 1272.75 
1335.0, 1281.41, 1273.55 
1310.0, 1281.43, 1270.52 
1310.0, 1281.46, 1273.31 
1421.0, 1281.58, 1277.21 
839.0, 1281.19, 1275.29 
1692.0, 1281.55, 1282.03 
963.0, 1281.27, 1281.48 
963.0, 1281.00, 1274.90 
954.0, 1280.71, 1274.26 
963.0, 1280.44, 1273.71 
954.0, 1280.16, 1273.07 
1246.0, 1280.13, 1275.35 
1176.0, 1280.04, 1274.00 
1176.0, 1279.95, 1272.65 
1176.0, 1279.86, 1271.30 
1246.0, 1279.83, 1271.88 
1714.0, 1280.20, 1272.24 
1246.0, 1280.17, 1274.30 
1106.0, 1280.03, 1274.96 
1106.0, 1279.88, 1275.62 
1106.0, 1279.73, 1274.69 
849.0, 1279.36, 1264.98 
849.0, 1278.99, 1262.60 
1459.0, 1279.15, 1266.79 
1113.0, 1279.00, 1264.54 
926.0, 1278.70, 1257.49 
926.0, 1278.40, 1257.07 
926.0, 1278.10, 1254.20 
926.0, 1277.80, 1249.62 
1113.0, 1277.66, 1248.62 
1572.0, 1277.91, 1252.21 
1725.0, 1278.29, 1255.62 
926.0, 1277.99, 1252.75 
1113.0, 1277.86, 1250.04 
926.0, 1277.56, 1245.46 
1039.0, 1277.36, 1242.01 
1149.0, 1277.25, 1239.66 
1019.0, 1277.03, 1241.86 
1791.0, 1277.46, 1251.78 
1534.0, 1277.68, 1259.13 
1534.0, 1277.89, 1260.63 
1534.0, 1278.11, 1260.97 
1534.0, 1278.32, 1262.93 
1311.0, 1278.35, 1268.05 
1311.0, 1278.38, 1265.94 
1311.0, 1278.41, 1265.21 
1534.0, 1278.62, 1266.71 
1311.0, 1278.65, 1265.98 
1311.0, 1278.68, 1268.31 
1843.0, 1279.15, 1275.96 
1534.0, 1279.36, 1282.81 
1534.0, 1279.57, 1285.27 
429.0, 1278.86, 1285.27 
1496.0, 1279.04, 1287.35 
1534.0, 1279.26, 1289.81 
1534.0, 1279.47, 1292.16 
1701.0, 1279.82, 1296.18 
1500.0, 1280.00, 1298.19 
1311.0, 1280.02, 1293.24 
1534.0, 1280.24, 1295.59 
1833.0, 1280.69, 1300.93 
1534.0, 1280.90, 1303.28 
1534.0, 1281.11, 1305.63 
1311.0, 1281.14, 1301.30 
1311.0, 1281.16, 1301.42 
1534.0, 1281.37, 1298.62 
1311.0, 1281.39, 1295.91 
849.0, 1281.04, 1286.63 
1056.0, 1280.85, 1284.20 
1056.0, 1280.67, 1281.67 
1534.0, 1280.88, 1284.02 
1547.0, 1281.09, 1283.62 
1215.0, 1281.04, 1277.77 
1056.0, 1280.86, 1273.79 
1056.0, 1280.67, 1275.10 
1779.0, 1281.08, 1283.64 
1534.0, 1281.28, 1286.36 
1534.0, 1281.49, 1292.45 
912.0, 1281.19, 1292.32 
1550.0, 1281.41, 1299.33 
1056.0, 1281.23, 1297.27 
1745.0, 1281.60, 1306.23 
1684.0, 1281.93, 1308.23 
1526.0, 1282.13, 1309.30 
799.0, 1281.74, 1302.45 
1176.0, 1281.65, 1295.03 
1225.0, 1281.60, 1293.65 
985.0, 1281.36, 1286.51 
985.0, 1281.12, 1285.04 
1225.0, 1281.08, 1285.97 
1805.0, 1281.50, 1296.90 
985.0, 1281.26, 1292.56 
1225.0, 1281.22, 1292.60 
985.0, 1280.98, 1287.50 
1225.0, 1280.93, 1284.91 
985.0, 1280.70, 1278.63 
1225.0, 1280.65, 1274.65 
985.0, 1280.41, 1270.41 
1225.0, 1280.37, 1269.31 
1532.0, 1280.57, 1271.53 
1178.0, 1280.49, 1269.96 
1532.0, 1280.69, 1272.18 
722.0, 1280.24, 1266.30 
722.0, 1279.80, 1259.31 
722.0, 1279.35, 1258.14 
722.0, 1278.91, 1248.44 
722.0, 1278.46, 1246.03 
712.0, 1278.01, 1243.52 
1028.0, 1277.81, 1244.26 
1734.0, 1278.18, 1251.97 
1534.0, 1278.38, 1257.77 
1534.0, 1278.58, 1260.65 
1534.0, 1278.79, 1264.23 
1534.0, 1278.99, 1267.81 
1534.0, 1279.19, 1271.39 
1311.0, 1279.22, 1272.04 
1644.0, 1279.50, 1271.34 
849.0, 1279.16, 1267.37 
1355.0, 1279.22, 1269.86 
1355.0, 1279.28, 1272.35 
1355.0, 1279.34, 1274.84 
1355.0, 1279.40, 1279.90 
1355.0, 1279.46, 1284.96 
1638.0, 1279.74, 1286.75 
1355.0, 1279.80, 1289.17 
1355.0, 1279.86, 1293.46 
1355.0, 1279.92, 1297.75 
1355.0, 1279.98, 1302.04 
1355.0, 1280.04, 1306.33 
1355.0, 1280.10, 1308.75 
1355.0, 1280.16, 1306.58 
1461.0, 1280.30, 1303.94 
1355.0, 1280.36, 1308.23 
1355.0, 1280.41, 1310.65 
1355.0, 1280.47, 1314.94 
1531.0, 1280.67, 1319.86 
1884.0, 1281.14, 1327.21 
1355.0, 1281.19, 1330.57 
1082.0, 1281.04, 1323.48 
1355.0, 1281.10, 1321.69 
1355.0, 1281.15, 1319.90 
1512.0, 1281.33, 1319.68 
1246.0, 1281.31, 1316.80 
1311.0, 1281.33, 1316.80 
1284.0, 1281.33, 1316.53 
1311.0, 1281.35, 1316.53 
1772.0, 1281.73, 1318.91 
849.0, 1281.40, 1314.29 
849.0, 1281.06, 1309.67 
849.0, 1280.73, 1299.73 
2027.0, 1281.31, 1304.66 
849.0, 1280.97, 1297.81 
429.0, 1280.32, 1297.81 
1107.0, 1280.19, 1293.92 
1107.0, 1280.05, 1289.65 
1534.0, 1280.25, 1289.65 
1534.0, 1280.44, 1287.98 
1311.0, 1280.47, 1286.09 
1534.0, 1280.66, 1288.32 
1503.0, 1280.83, 1288.01 
1288.0, 1280.83, 1282.56 
1199.0, 1280.77, 1279.21 
1288.0, 1280.78, 1276.75 
1288.0, 1280.78, 1276.52 
906.0, 1280.50, 1272.47 
906.0, 1280.21, 1266.19 
1056.0, 1280.04, 1263.64 
1056.0, 1279.87, 1265.71 
1056.0, 1279.70, 1265.71 
1056.0, 1279.53, 1265.71 
1534.0, 1279.73, 1265.71 
1056.0, 1279.56, 1260.80 
1056.0, 1279.39, 1259.21 
1056.0, 1279.22, 1259.21 
1968.0, 1279.74, 1268.33 
1599.0, 1279.98, 1266.53 
1673.0, 1280.28, 1267.92 
1353.0, 1280.33, 1266.11 
1685.0, 1280.64, 1273.84 
1353.0, 1280.69, 1271.87 
1353.0, 1280.74, 1274.84 
1672.0, 1281.04, 1274.11 
1353.0, 1281.09, 1270.80 
1353.0, 1281.15, 1269.07 
1464.0, 1281.28, 1275.72 
927.0, 1281.02, 1273.23 
1764.0, 1281.38, 1278.62 
927.0, 1281.12, 1278.04 
927.0, 1280.85, 1277.46 
927.0, 1280.59, 1274.48 
927.0, 1280.32, 1265.70 
927.0, 1280.06, 1265.12 
927.0, 1279.79, 1262.14 
1511.0, 1279.97, 1267.40 
799.0, 1279.61, 1263.14 
799.0, 1279.25, 1261.28 
1814.0, 1279.65, 1267.17 
799.0, 1279.29, 1265.31 
1138.0, 1279.19, 1264.44 
1138.0, 1279.08, 1260.50 
1126.0, 1278.97, 1259.98 
1610.0, 1279.21, 1260.76 
1860.0, 1279.64, 1272.14 
1138.0, 1279.54, 1276.30 
1617.0, 1279.79, 1285.25 
1507.0, 1279.96, 1293.10 
1138.0, 1279.85, 1297.26 
1507.0, 1280.02, 1305.21 
1137.0, 1279.91, 1306.30 
1137.0, 1279.81, 1300.33 
1138.0, 1279.70, 1296.37 
1083.0, 1279.56, 1291.86 
1083.0, 1279.42, 1287.35 
1416.0, 1279.52, 1286.17 
1799.0, 1279.90, 1288.82 
1204.0, 1279.84, 1287.75 
1787.0, 1280.21, 1289.18 
1083.0, 1280.07, 1291.52 
1083.0, 1279.92, 1288.80 
1388.0, 1280.00, 1289.13 
1083.0, 1279.86, 1286.41 
1083.0, 1279.72, 1283.69 
1083.0, 1279.57, 1280.97 
1204.0, 1279.52, 1276.63 
1204.0, 1279.46, 1275.12 
1204.0, 1279.41, 1273.61 
1311.0, 1279.43, 1273.17 
1311.0, 1279.45, 1272.73 
1599.0, 1279.68, 1275.17 
1783.0, 1280.05, 1279.45 
1311.0, 1280.07, 1279.01 
1311.0, 1280.09, 1277.51 
1311.0, 1280.12, 1277.07 
1311.0, 1280.14, 1276.63 
1133.0, 1280.03, 1274.41 
1133.0, 1279.93, 1270.43 
1065.0, 1279.77, 1262.24 
1065.0, 1279.62, 1259.34 
1303.0, 1279.63, 1261.55 
1065.0, 1279.48, 1258.65 
1448.0, 1279.60, 1259.58 
722.0, 1279.20, 1251.68 
1144.0, 1279.10, 1250.66 
1144.0, 1279.01, 1248.99 
1144.0, 1278.91, 1247.59 
722.0, 1278.51, 1241.70 
1144.0, 1278.41, 1235.42 
1144.0, 1278.32, 1238.37 
1628.0, 1278.57, 1246.16 
1107.0, 1278.44, 1248.74 
1107.0, 1278.32, 1239.54 
1138.0, 1278.22, 1242.43 
429.0, 1277.61, 1242.43 
1138.0, 1277.51, 1242.74 
851.0, 1277.21, 1240.18 
1134.0, 1277.11, 1236.18 
1134.0, 1277.01, 1232.18 
1134.0, 1276.91, 1230.41 
1417.0, 1277.00, 1229.24 
1134.0, 1276.90, 1225.55 
1134.0, 1276.80, 1224.01 
1431.0, 1276.91, 1226.33 
1445.0, 1277.03, 1227.90 
1138.0, 1276.93, 1226.40 
1048.0, 1276.77, 1227.82 
1048.0, 1276.61, 1229.24 
1246.0, 1276.59, 1231.14 
1246.0, 1276.56, 1233.04 
1138.0, 1276.47, 1233.86 
1246.0, 1276.45, 1235.76 
1246.0, 1276.42, 1232.88 
1542.0, 1276.61, 1237.74 
1138.0, 1276.51, 1238.56 
1314.0, 1276.54, 1241.14 
1314.0, 1276.57, 1234.60 
1248.0, 1276.55, 1231.09 
1246.0, 1276.52, 1226.82 
1246.0, 1276.50, 1225.75 
1138.0, 1276.41, 1220.28 
1138.0, 1276.31, 1218.13 
1138.0, 1276.21, 1215.98 
839.0, 1275.91, 1207.65 
987.0, 1275.71, 1203.99 
839.0, 1275.40, 1198.85 
1138.0, 1275.30, 1195.59 
987.0, 1275.10, 1196.19 
987.0, 1274.90, 1188.42 
849.0, 1274.61, 1187.64 
849.0, 1274.31, 1186.86 
987.0, 1274.11, 1187.46 
1270.0, 1274.11, 1190.89 
1372.0, 1274.17, 1195.34 
1137.0, 1274.08, 1197.44 
1137.0, 1273.98, 1193.70 
1739.0, 1274.31, 1203.10 
1137.0, 1274.21, 1206.48 
1137.0, 1274.12, 1199.71 
1137.0, 1274.02, 1203.09 
1137.0, 1273.93, 1203.08 
1232.0, 1273.90, 1204.02 
1137.0, 1273.80, 1204.13 
1470.0, 1273.94, 1202.73 
1232.0, 1273.91, 1196.45 
1372.0, 1273.98, 1198.79 
1137.0, 1273.88, 1193.99 
1137.0, 1273.79, 1190.29 
1372.0, 1273.86, 1192.63 
1137.0, 1273.76, 1188.93 
1056.0, 1273.61, 1188.12 
1400.0, 1273.70, 1190.75 
1056.0, 1273.55, 1189.93 
1056.0, 1273.40, 1189.66 
1563.0, 1273.60, 1194.46 
1056.0, 1273.45, 1190.86 
1056.0, 1273.30, 1183.43 
1355.0, 1273.36, 1184.94 
799.0, 1273.03, 1175.06 
799.0, 1272.71, 1172.22 
912.0, 1272.47, 1170.51 
1148.0, 1272.38, 1168.11 
1148.0, 1272.30, 1168.76 
1460.0, 1272.42, 1172.53 
1460.0, 1272.55, 1176.30 
1460.0, 1272.68, 1178.86 
1473.0, 1272.81, 1181.55 
1460.0, 1272.94, 1184.11 
1422.0, 1273.04, 1185.22 
1277.0, 1273.05, 1184.88 
1368.0, 1273.11, 1182.57 
944.0, 1272.89, 1174.18 
944.0, 1272.66, 1170.51 
944.0, 1272.44, 1166.84 
1038.0, 1272.28, 1164.11 
1270.0, 1272.28, 1163.70 
1270.0, 1272.28, 1165.07 
1270.0, 1272.28, 1166.44 
1270.0, 1272.28, 1168.49 
1270.0, 1272.28, 1170.54 
1474.0, 1272.41, 1172.25 
958.0, 1272.20, 1171.18 
958.0, 1271.99, 1166.28 
958.0, 1271.78, 1168.64 
1372.0, 1271.85, 1170.92 
958.0, 1271.64, 1169.06 
958.0, 1271.43, 1167.20 
1679.0, 1271.70, 1176.77 
839.0, 1271.41, 1173.72 
1728.0, 1271.71, 1179.56 
1679.0, 1271.99, 1180.07 
839.0, 1271.70, 1177.39 
839.0, 1271.41, 1174.71 
1451.0, 1271.53, 1177.84 
429.0, 1270.97, 1177.84 
1679.0, 1271.24, 1183.25 
1138.0, 1271.15, 1186.12 
1718.0, 1271.45, 1191.96 
1679.0, 1271.72, 1197.41 
1679.0, 1271.99, 1202.86 
1138.0, 1271.90, 1200.07 
1679.0, 1272.17, 1205.52 
1210.0, 1272.13, 1206.28 
1210.0, 1272.09, 1204.07 
1210.0, 1272.05, 1201.72 
1397.0, 1272.13, 1204.31 
1397.0, 1272.21, 1207.80 
1551.0, 1272.40, 1212.83 
1397.0, 1272.48, 1214.34 
1397.0, 1272.56, 1215.85 
1658.0, 1272.81, 1221.05 
1397.0, 1272.90, 1222.56 
1397.0, 1272.98, 1224.07 
1676.0, 1273.24, 1225.41 
1397.0, 1273.32, 1228.00 
1267.0, 1273.32, 1227.53 
1397.0, 1273.40, 1228.36 
1134.0, 1273.31, 1227.22 
1802.0, 1273.66, 1232.78 
1134.0, 1273.56, 1231.66 
1248.0, 1273.55, 1232.76 
1248.0, 1273.53, 1233.86 
1740.0, 1273.84, 1239.88 
1248.0, 1273.82, 1243.97 
1248.0, 1273.80, 1246.58 
1248.0, 1273.79, 1250.67 
1255.0, 1273.77, 1251.84 
1392.0, 1273.85, 1255.89 
1392.0, 1273.93, 1259.94 
1392.0, 1274.00, 1265.37 
1622.0, 1274.23, 1273.10 
963.0, 1274.03, 1272.86 
1392.0, 1274.11, 1274.08 
963.0, 1273.90, 1269.99 
963.0, 1273.70, 1268.25 
963.0, 1273.50, 1266.51 
1006.0, 1273.33, 1259.18 
1006.0, 1273.15, 1257.87 
1006.0, 1272.98, 1256.56 
849.0, 1272.71, 1253.68 
849.0, 1272.43, 1250.80 
1382.0, 1272.50, 1252.30 
1468.0, 1272.63, 1255.61 
1468.0, 1272.76, 1255.59 
1468.0, 1272.88, 1257.95 
1330.0, 1272.92, 1257.53 
1468.0, 1273.04, 1260.84 
1330.0, 1273.08, 1262.77 
1330.0, 1273.12, 1262.35 
1468.0, 1273.24, 1265.66 
1468.0, 1273.37, 1269.78 
1468.0, 1273.49, 1270.46 
1330.0, 1273.53, 1273.20 
1604.0, 1273.74, 1278.68 
1468.0, 1273.86, 1277.73 
1119.0, 1273.77, 1278.36 
1341.0, 1273.81, 1281.21 
1330.0, 1273.84, 1280.96 
1330.0, 1273.88, 1286.27 
1341.0, 1273.92, 1291.69 
1331.0, 1273.96, 1295.88 
1248.0, 1273.94, 1296.88 
1248.0, 1273.93, 1297.88 
1294.0, 1273.94, 1296.22 
1710.0, 1274.22, 1298.72 
1487.0, 1274.35, 1298.99 
1292.0, 1274.36, 1297.18 
1487.0, 1274.50, 1297.45 
715.0, 1274.14, 1290.38 
1487.0, 1274.28, 1292.48 
1872.0, 1274.66, 1297.52 
715.0, 1274.30, 1295.23 
1156.0, 1274.23, 1297.35 
715.0, 1273.87, 1295.06 
1308.0, 1273.90, 1297.76 
1308.0, 1273.92, 1298.14 
1462.0, 1274.04, 1300.06 
1462.0, 1274.15, 1301.98 
1237.0, 1274.13, 1301.65 
1696.0, 1274.40, 1305.91 
1095.0, 1274.28, 1302.12 
1485.0, 1274.42, 1307.39 
1645.0, 1274.65, 1314.26 
1524.0, 1274.81, 1319.92 
1524.0, 1274.96, 1321.44 
1524.0, 1275.12, 1327.10 
865.0, 1274.86, 1326.17 
1805.0, 1275.20, 1327.43 
1542.0, 1275.36, 1334.46 
1341.0, 1275.40, 1330.59 
1704.0, 1275.67, 1330.84 
1248.0, 1275.65, 1334.93 
1248.0, 1275.64, 1339.02 
1248.0, 1275.62, 1336.99 
429.0, 1275.09, 1336.99 
1248.0, 1275.07, 1332.68 
1584.0, 1275.27, 1337.14 
1693.0, 1275.53, 1336.89 
1584.0, 1275.72, 1335.94 
1584.0, 1275.91, 1334.99 
1762.0, 1276.21, 1341.23 
1330.0, 1276.25, 1337.74 
1459.0, 1276.36, 1340.23 
1635.0, 1276.58, 1344.48 
1549.0, 1276.75, 1347.87 
1330.0, 1276.79, 1347.20 
1330.0, 1276.82, 1346.53 
1330.0, 1276.85, 1344.32 
1330.0, 1276.88, 1343.65 
1468.0, 1277.00, 1344.36 
1278.0, 1277.00, 1340.56 
1468.0, 1277.12, 1341.27 
1468.0, 1277.24, 1341.98 
1101.0, 1277.13, 1336.23 
1101.0, 1277.02, 1333.27 
1341.0, 1277.06, 1334.01 
1101.0, 1276.95, 1331.05 
1101.0, 1276.84, 1330.72 
1352.0, 1276.89, 1326.22 
1352.0, 1276.94, 1328.40 
1656.0, 1277.17, 1332.48 
1352.0, 1277.22, 1333.52 
1352.0, 1277.26, 1329.64 
1352.0, 1277.31, 1330.68 
1402.0, 1277.38, 1332.22 
1402.0, 1277.46, 1333.76 
1238.0, 1277.44, 1333.59 
1371.0, 1277.49, 1333.38 
1553.0, 1277.66, 1334.99 
1652.0, 1277.89, 1337.59 
1371.0, 1277.95, 1335.08 
1238.0, 1277.92, 1337.83 
1557.0, 1278.09, 1339.48 
1565.0, 1278.27, 1345.50 
1812.0, 1278.59, 1353.99 
1667.0, 1278.83, 1361.03 
1403.0, 1278.91, 1365.00 
1831.0, 1279.24, 1373.25 
1166.0, 1279.17, 1374.85 
1166.0, 1279.10, 1378.02 
1557.0, 1279.27, 1385.10 
1557.0, 1279.44, 1386.85 
1403.0, 1279.52, 1386.20 
1166.0, 1279.45, 1383.18 
1166.0, 1279.38, 1380.16 
1403.0, 1279.45, 1380.89 
1166.0, 1279.39, 1377.87 
1584.0, 1279.57, 1380.41 
1584.0, 1279.75, 1382.95 
1584.0, 1279.94, 1384.11 
715.0, 1279.60, 1376.58 
1325.0, 1279.62, 1375.15 
1455.0, 1279.73, 1376.40 
1784.0, 1280.03, 1378.20 
1784.0, 1280.34, 1381.36 
963.0, 1280.15, 1379.80 
1586.0, 1280.33, 1382.25 
1335.0, 1280.36, 1382.30 
1042.0, 1280.22, 1379.42 
1666.0, 1280.45, 1382.67 
1666.0, 1280.68, 1386.02 
1666.0, 1280.91, 1390.20 
1666.0, 1281.14, 1394.38 
1666.0, 1281.37, 1398.10 
1214.0, 1281.33, 1393.14 
1666.0, 1281.56, 1394.93 
2044.0, 1282.02, 1402.45 
1666.0, 1282.25, 1404.24 
1666.0, 1282.48, 1413.75 
1642.0, 1282.69, 1415.30 
1571.0, 1282.86, 1412.29 
1465.0, 1282.97, 1419.79 
1666.0, 1283.20, 1424.89 
1666.0, 1283.43, 1434.40 
1589.0, 1283.61, 1437.21 
849.0, 1283.35, 1432.62 
849.0, 1283.09, 1426.49 
1141.0, 1283.01, 1423.28 
1953.0, 1283.41, 1430.44 
1953.0, 1283.80, 1433.01 
1953.0, 1284.20, 1441.59 
1206.0, 1284.16, 1438.80 
1544.0, 1284.31, 1437.79 
1524.0, 1284.45, 1437.79 
712.0, 1284.11, 1429.67 
712.0, 1283.77, 1421.55 
1524.0, 1283.92, 1428.14 
1132.0, 1283.83, 1421.41 
1953.0, 1284.22, 1425.52 
1495.0, 1284.35, 1427.06 
1686.0, 1284.58, 1426.88 
1686.0, 1284.82, 1431.26 
1686.0, 1285.05, 1435.64 
1563.0, 1285.22, 1438.79 
429.0, 1284.71, 1438.79 
1403.0, 1284.78, 1440.34 
2021.0, 1285.22, 1444.71 
1684.0, 1285.45, 1444.62 
1151.0, 1285.37, 1440.29 
1667.0, 1285.60, 1441.12 
1403.0, 1285.66, 1437.53 
1667.0, 1285.89, 1440.90 
1403.0, 1285.96, 1440.34 
1502.0, 1286.08, 1439.01 
1307.0, 1286.09, 1436.59 
1446.0, 1286.19, 1437.75 
1307.0, 1286.20, 1437.52 
1400.0, 1286.27, 1438.22 
989.0, 1286.09, 1434.81 
1910.0, 1286.46, 1439.23 
1135.0, 1286.37, 1437.80 
1135.0, 1286.28, 1434.47 
1135.0, 1286.19, 1431.14 
1546.0, 1286.34, 1435.59 
1357.0, 1286.38, 1438.15 
1398.0, 1286.45, 1438.72 
1635.0, 1286.65, 1444.06 
1217.0, 1286.61, 1445.22 
989.0, 1286.44, 1441.59 
989.0, 1286.27, 1437.96 
989.0, 1286.09, 1431.29 
989.0, 1285.92, 1427.66 
989.0, 1285.75, 1424.03 
1217.0, 1285.71, 1422.68 
1217.0, 1285.67, 1420.83 
989.0, 1285.50, 1416.70 
1267.0, 1285.49, 1416.99 
1380.0, 1285.54, 1417.08 
1617.0, 1285.73, 1417.72 
1267.0, 1285.72, 1413.87 
1267.0, 1285.71, 1412.83 
1267.0, 1285.70, 1413.12 
1308.0, 1285.72, 1410.63 
1653.0, 1285.93, 1411.51 
1772.0, 1286.21, 1411.11 
1330.0, 1286.23, 1407.74 
1330.0, 1286.26, 1407.01 
1248.0, 1286.23, 1401.18 
1657.0, 1286.45, 1406.09 
1248.0, 1286.42, 1406.91 
1700.0, 1286.66, 1408.34 
1248.0, 1286.64, 1405.25 
1248.0, 1286.62, 1403.70 
1731.0, 1286.87, 1409.35 
1867.0, 1287.20, 1416.36 
1497.0, 1287.32, 1417.30 
1248.0, 1287.30, 1418.12 
1248.0, 1287.28, 1414.76 
1248.0, 1287.25, 1411.40 
1248.0, 1287.23, 1408.04 
1248.0, 1287.21, 1413.37 
1605.0, 1287.39, 1416.17 
1327.0, 1287.41, 1414.89 
1761.0, 1287.68, 1414.66 
1403.0, 1287.75, 1410.85 
2019.0, 1288.16, 1421.41 
1166.0, 1288.09, 1417.21 
1166.0, 1288.02, 1415.52 
1166.0, 1287.96, 1416.76 
849.0, 1287.71, 1408.59 
1166.0, 1287.64, 1403.59 
1403.0, 1287.70, 1400.96 
849.0, 1287.46, 1392.79 
849.0, 1287.21, 1384.62 
1358.0, 1287.25, 1386.06 
1201.0, 1287.20, 1381.41 
1201.0, 1287.15, 1372.98 
1078.0, 1287.03, 1367.10 
1078.0, 1286.91, 1361.22 
1480.0, 1287.02, 1359.60 
1743.0, 1287.28, 1361.32 
1743.0, 1287.54, 1364.10 
2021.0, 1287.95, 1367.65 
1630.0, 1288.14, 1367.29 
1630.0, 1288.33, 1367.70 
2021.0, 1288.74, 1379.42 
1700.0, 1288.97, 1387.93 
1557.0, 1289.12, 1392.09 
1238.0, 1289.10, 1384.94 
1817.0, 1289.39, 1383.58 
821.0, 1289.13, 1372.26 
821.0, 1288.87, 1368.41 
1817.0, 1289.16, 1371.14 
1817.0, 1289.46, 1374.07 
1817.0, 1289.75, 1385.12 
1657.0, 1289.96, 1394.57 
2021.0, 1290.36, 1399.54 
1383.0, 1290.42, 1402.05 
1383.0, 1290.47, 1396.35 
1532.0, 1290.60, 1396.72 
1614.0, 1290.78, 1396.00 
1471.0, 1290.88, 1393.85 
1471.0, 1290.98, 1391.70 
1471.0, 1291.08, 1390.78 
429.0, 1290.60, 1390.78 
958.0, 1290.42, 1386.33 
1600.0, 1290.59, 1382.12 
958.0, 1290.41, 1374.86 
1548.0, 1290.55, 1378.83 
833.0, 1290.30, 1370.49 
833.0, 1290.04, 1364.79 
1255.0, 1290.02, 1360.67 
1667.0, 1290.23, 1363.31 
1548.0, 1290.37, 1363.77 
1135.0, 1290.29, 1362.05 
1305.0, 1290.30, 1360.64 
913.0, 1290.09, 1356.70 
1527.0, 1290.22, 1357.97 
1610.0, 1290.40, 1364.18 
1287.0, 1290.39, 1357.95 
1305.0, 1290.40, 1359.65 
1305.0, 1290.41, 1361.35 
1305.0, 1290.42, 1363.05 
1305.0, 1290.43, 1360.64 
1305.0, 1290.43, 1360.12 
1305.0, 1290.44, 1359.19 
1370.0, 1290.49, 1356.54 
1275.0, 1290.48, 1357.12 
1735.0, 1290.72, 1364.58 
834.0, 1290.47, 1363.03 
834.0, 1290.22, 1361.48 
834.0, 1289.97, 1359.93 
1579.0, 1290.13, 1365.83 
1307.0, 1290.14, 1366.73 
1384.0, 1290.19, 1368.40 
1391.0, 1290.24, 1372.42 
1215.0, 1290.20, 1371.90 
1533.0, 1290.34, 1373.43 
1563.0, 1290.48, 1372.89 
1722.0, 1290.72, 1377.44 
1215.0, 1290.68, 1376.92 
1548.0, 1290.82, 1379.73 
1377.0, 1290.87, 1380.42 
1215.0, 1290.82, 1376.04 
1548.0, 1290.96, 1373.80 
1667.0, 1291.17, 1377.17 
1548.0, 1291.31, 1379.35 
1699.0, 1291.53, 1383.86 
1289.0, 1291.53, 1380.18 
1548.0, 1291.67, 1383.18 
1593.0, 1291.83, 1382.11 
1593.0, 1291.99, 1385.56 
1593.0, 1292.15, 1389.01 
1593.0, 1292.32, 1387.63 
1593.0, 1292.48, 1384.89 
1593.0, 1292.64, 1385.85 
1278.0, 1292.63, 1386.15 
1278.0, 1292.63, 1386.45 
1278.0, 1292.62, 1386.75 
1238.0, 1292.59, 1386.65 
1278.0, 1292.58, 1386.95 
1278.0, 1292.57, 1383.68 
1830.0, 1292.86, 1388.71 
1278.0, 1292.85, 1383.88 
1278.0, 1292.85, 1382.63 
1570.0, 1293.00, 1378.14 
1083.0, 1292.88, 1377.31 
1046.0, 1292.75, 1376.11 
1570.0, 1292.90, 1380.15 
1334.0, 1292.92, 1385.00 
1366.0, 1292.96, 1387.00 
1271.0, 1292.95, 1385.68 
1046.0, 1292.82, 1387.65 
1634.0, 1293.00, 1395.50 
1046.0, 1292.87, 1392.38 
1046.0, 1292.73, 1390.83 
1701.0, 1292.95, 1395.83 
1754.0, 1293.20, 1402.59 
1366.0, 1293.24, 1405.47 
1471.0, 1293.33, 1405.38 
1471.0, 1293.43, 1402.66 
1754.0, 1293.67, 1402.77 
1771.0, 1293.93, 1400.27 
1754.0, 1294.17, 1401.51 
1754.0, 1294.42, 1402.75 
1588.0, 1294.57, 1398.42 
1588.0, 1294.73, 1397.30 
1460.0, 1294.81, 1396.33 
1270.0, 1294.80, 1396.65 
1588.0, 1294.96, 1394.36 
839.0, 1294.72, 1394.54 
1166.0, 1294.65, 1397.99 
1860.0, 1294.95, 1398.42 
1166.0, 1294.88, 1391.91 
1622.0, 1295.05, 1389.96 
1620.0, 1295.22, 1389.59 
1460.0, 1295.31, 1383.98 
1588.0, 1295.46, 1386.03 
1314.0, 1295.47, 1385.34 
1588.0, 1295.63, 1385.90 
1755.0, 1295.87, 1387.31 
1460.0, 1295.96, 1387.20 
1422.0, 1296.02, 1386.71 
1698.0, 1296.24, 1388.98 
429.0, 1295.78, 1388.98 
1267.0, 1295.76, 1392.07 
1422.0, 1295.83, 1390.29 
1422.0, 1295.90, 1394.93 
1422.0, 1295.96, 1393.67 
1305.0, 1295.97, 1398.39 
1305.0, 1295.97, 1403.11 
1305.0, 1295.98, 1403.61 
1305.0, 1295.98, 1399.99 
1305.0, 1295.99, 1397.56 
1783.0, 1296.24, 1404.04 
1503.0, 1296.35, 1406.02 
1422.0, 1296.42, 1411.11 
1124.0, 1296.32, 1407.08 
1467.0, 1296.41, 1405.65 
1422.0, 1296.48, 1407.00 
1467.0, 1296.57, 1408.62 
1236.0, 1296.54, 1407.93 
1236.0, 1296.51, 1407.24 
1582.0, 1296.65, 1410.01 
1495.0, 1296.76, 1411.91 
1495.0, 1296.86, 1413.81 
1656.0, 1297.05, 1416.67 
1422.0, 1297.11, 1418.14 
1656.0, 1297.30, 1417.35 
1422.0, 1297.36, 1423.23 
1656.0, 1297.55, 1431.45 
1656.0, 1297.74, 1439.67 
1434.0, 1297.81, 1438.22 
1769.0, 1298.05, 1442.84 
1616.0, 1298.21, 1445.16 
1582.0, 1298.36, 1447.07 
1656.0, 1298.55, 1451.48 
1769.0, 1298.79, 1453.84 
1329.0, 1298.81, 1451.50 
1836.0, 1299.08, 1452.64 
1928.0, 1299.41, 1459.77 
1712.0, 1299.62, 1461.41 
1141.0, 1299.54, 1459.05 
1141.0, 1299.46, 1458.31 
1141.0, 1299.38, 1454.24 
1166.0, 1299.31, 1449.23 
1166.0, 1299.24, 1445.41 
1906.0, 1299.55, 1447.48 
1166.0, 1299.48, 1446.25 
1166.0, 1299.41, 1442.43 
1731.0, 1299.63, 1443.81 
1595.0, 1299.79, 1443.83 
1595.0, 1299.94, 1443.85 
1595.0, 1300.09, 1443.87 
1595.0, 1300.24, 1443.89 
1492.0, 1300.34, 1442.88 
1562.0, 1300.47, 1445.72 
1627.0, 1300.64, 1449.21 
1627.0, 1300.81, 1452.70 
1405.0, 1300.86, 1454.37 
1782.0, 1301.11, 1459.41 
1405.0, 1301.16, 1460.68 
1405.0, 1301.21, 1456.43 
1155.0, 1301.14, 1455.20 
1661.0, 1301.32, 1459.03 
1632.0, 1301.49, 1459.65 
1661.0, 1301.67, 1465.43 
1661.0, 1301.86, 1471.58 
1155.0, 1301.78, 1467.43 
1254.0, 1301.76, 1466.63 
1505.0, 1301.86, 1468.02 
1254.0, 1301.84, 1467.85 
1254.0, 1301.81, 1469.93 
839.0, 1301.58, 1461.98 
1730.0, 1301.79, 1468.82 
1254.0, 1301.77, 1470.90 
1254.0, 1301.75, 1466.43 
1592.0, 1301.89, 1464.81 
1192.0, 1301.84, 1463.07 
1230.0, 1301.80, 1460.66 
1592.0, 1301.95, 1461.87 
1528.0, 1302.06, 1459.61 
1528.0, 1302.18, 1457.18 
1177.0, 1302.11, 1451.41 
1684.0, 1302.30, 1450.71 
1679.0, 1302.49, 1451.62 
1679.0, 1302.68, 1452.53 
1672.0, 1302.87, 1454.65 
1679.0, 1303.06, 1458.74 
1378.0, 1303.10, 1456.64 
1627.0, 1303.26, 1464.52 
1627.0, 1303.42, 1469.13 
1627.0, 1303.59, 1466.80 
1527.0, 1303.70, 1470.41 
1527.0, 1303.81, 1469.46 
1669.0, 1303.99, 1469.95 
1527.0, 1304.11, 1470.62 
1405.0, 1304.16, 1468.79 
1405.0, 1304.21, 1469.70 
1405.0, 1304.26, 1467.87 
1444.0, 1304.33, 1464.76 
1405.0, 1304.38, 1464.21 
1141.0, 1304.30, 1461.40 
1141.0, 1304.21, 1455.83 
429.0, 1303.78, 1455.83 
1323.0, 1303.79, 1456.39 
1750.0, 1304.01, 1459.67 
1444.0, 1304.08, 1459.89 
1124.0, 1303.99, 1456.91 
1771.0, 1304.22, 1461.57 
1771.0, 1304.46, 1466.23 
1771.0, 1304.69, 1470.89 
1771.0, 1304.92, 1475.55 
1771.0, 1305.15, 1480.21 
1771.0, 1305.38, 1480.09 
1771.0, 1305.61, 1482.77 
1771.0, 1305.85, 1486.26 
1771.0, 1306.08, 1492.73 
1744.0, 1306.29, 1495.50 
1771.0, 1306.52, 1498.99 
1744.0, 1306.74, 1501.76 
1771.0, 1306.97, 1507.11 
1744.0, 1307.19, 1512.19 
1744.0, 1307.40, 1513.81 
1744.0, 1307.62, 1516.30 
1771.0, 1307.85, 1519.06 
1744.0, 1308.07, 1519.94 
1254.0, 1308.04, 1518.26 
1254.0, 1308.01, 1514.24 
1254.0, 1307.99, 1512.56 
1254.0, 1307.96, 1508.54 
1460.0, 1308.03, 1506.58 
1254.0, 1308.01, 1504.78 
1460.0, 1308.08, 1501.69 
1343.0, 1308.10, 1498.96 
1460.0, 1308.17, 1497.74 
1366.0, 1308.20, 1494.84 
1460.0, 1308.28, 1491.75 
1566.0, 1308.40, 1494.12 
1338.0, 1308.42, 1489.14 
1338.0, 1308.43, 1483.24 
1338.0, 1308.45, 1479.50 
1338.0, 1308.46, 1481.47 
1338.0, 1308.48, 1483.44 
1527.0, 1308.58, 1487.30 
1082.0, 1308.47, 1486.46 
1082.0, 1308.36, 1485.62 
1082.0, 1308.25, 1477.38 
1480.0, 1308.33, 1480.52 
1082.0, 1308.22, 1479.68 
799.0, 1307.98, 1470.36 
799.0, 1307.73, 1462.40 
1282.0, 1307.71, 1459.27 
1082.0, 1307.60, 1454.14 
1971.0, 1307.93, 1457.90 
1298.0, 1307.92, 1455.96 
1155.0, 1307.85, 1451.89 
1459.0, 1307.92, 1450.21 
1459.0, 1308.00, 1448.53 
1459.0, 1308.07, 1449.07 
1155.0, 1307.99, 1442.80 
1306.0, 1307.99, 1441.81 
1306.0, 1307.99, 1440.82 
1155.0, 1307.92, 1440.82 
1306.0, 1307.92, 1437.27 
1306.0, 1307.92, 1434.01 
1037.0, 1307.78, 1427.77 
1037.0, 1307.65, 1421.53 
1037.0, 1307.52, 1420.35 
1621.0, 1307.67, 1424.02 
1037.0, 1307.54, 1419.34 
1566.0, 1307.67, 1422.46 
1291.0, 1307.66, 1422.83 
1639.0, 1307.82, 1430.83 
1070.0, 1307.71, 1424.23 
1070.0, 1307.59, 1422.39 
1070.0, 1307.48, 1420.55 
1070.0, 1307.36, 1415.33 
1070.0, 1307.25, 1414.11 
1070.0, 1307.13, 1412.51 
1070.0, 1307.02, 1407.29 
1386.0, 1307.06, 1405.87 
1386.0, 1307.09, 1404.45 
1310.0, 1307.10, 1405.78 
1405.0, 1307.14, 1402.99 
1405.0, 1307.19, 1400.25 
1586.0, 1307.32, 1399.32 
1405.0, 1307.37, 1396.65 
1405.0, 1307.42, 1393.91 
1405.0, 1307.46, 1394.18 
1455.0, 1307.54, 1392.46 
1405.0, 1307.58, 1390.24 
1405.0, 1307.63, 1388.02 
1405.0, 1307.68, 1386.80 
1329.0, 1307.69, 1384.82 
1981.0, 1308.01, 1387.94 
1179.0, 1307.95, 1384.46 
1179.0, 1307.88, 1382.20 
1179.0, 1307.82, 1379.94 
1356.0, 1307.85, 1379.45 
750.0, 1307.58, 1372.51 
1593.0, 1307.72, 1374.39 
1593.0, 1307.85, 1378.91 
849.0, 1307.63, 1375.99 
429.0, 1307.21, 1375.99 
849.0, 1307.00, 1371.25 
1848.0, 1307.25, 1372.23 
1347.0, 1307.27, 1371.26 
1450.0, 1307.34, 1374.52 
1907.0, 1307.63, 1375.88 
1347.0, 1307.64, 1371.64 
1381.0, 1307.68, 1367.74 
1666.0, 1307.85, 1366.69 
776.0, 1307.60, 1356.74 
776.0, 1307.34, 1346.79 
776.0, 1307.09, 1336.84 
1604.0, 1307.23, 1335.17 
1347.0, 1307.25, 1330.93 
1347.0, 1307.27, 1326.96 
1567.0, 1307.39, 1324.92 
1830.0, 1307.64, 1325.78 
1601.0, 1307.78, 1324.08 
1567.0, 1307.90, 1322.31 
1744.0, 1308.11, 1322.31 
1663.0, 1308.27, 1321.50 
1273.0, 1308.26, 1316.52 
1273.0, 1308.24, 1311.81 
1744.0, 1308.45, 1316.71 
1744.0, 1308.65, 1321.61 
1744.0, 1308.86, 1326.51 
1254.0, 1308.83, 1326.51 
1437.0, 1308.89, 1326.28 
1663.0, 1309.06, 1330.37 
1663.0, 1309.22, 1332.40 
1268.0, 1309.20, 1331.65 
1255.0, 1309.18, 1329.60 
1232.0, 1309.14, 1328.26 
1262.0, 1309.12, 1326.28 
1483.0, 1309.20, 1325.45 
1283.0, 1309.19, 1324.90 
1510.0, 1309.28, 1326.62 
1473.0, 1309.36, 1327.97 
1473.0, 1309.44, 1329.32 
1473.0, 1309.51, 1330.67 
1667.0, 1309.68, 1332.07 
1473.0, 1309.76, 1335.98 
1457.0, 1309.83, 1339.73 
1135.0, 1309.74, 1340.26 
1135.0, 1309.66, 1336.81 
1001.0, 1309.52, 1336.00 
1135.0, 1309.44, 1339.36 
1135.0, 1309.36, 1342.72 
1667.0, 1309.52, 1346.57 
1783.0, 1309.74, 1353.58 
1722.0, 1309.93, 1351.09 
1505.0, 1310.02, 1353.16 
1505.0, 1310.12, 1356.66 
1359.0, 1310.14, 1355.66 
1124.0, 1310.05, 1352.31 
1124.0, 1309.97, 1348.96 
1124.0, 1309.88, 1348.65 
1273.0, 1309.86, 1348.32 
799.0, 1309.63, 1343.25 
1515.0, 1309.72, 1346.85 
1285.0, 1309.71, 1346.64 
917.0, 1309.53, 1342.75 
834.0, 1309.31, 1340.72 
1578.0, 1309.43, 1346.13 
834.0, 1309.21, 1344.10 
1037.0, 1309.09, 1338.26 
1037.0, 1308.96, 1338.26 
1273.0, 1308.94, 1335.33 
1273.0, 1308.93, 1335.15 
1489.0, 1309.01, 1333.65 
1444.0, 1309.07, 1337.39 
1489.0, 1309.16, 1341.58 
1489.0, 1309.24, 1345.77 
1508.0, 1309.33, 1350.15 
1490.0, 1309.41, 1354.35 
1490.0, 1309.50, 1358.55 
1490.0, 1309.58, 1362.75 
1490.0, 1309.66, 1363.79 
1490.0, 1309.74, 1364.83 
1026.0, 1309.61, 1361.99 
1026.0, 1309.48, 1358.20 
1340.0, 1309.50, 1357.55 
1490.0, 1309.58, 1356.59 
1490.0, 1309.66, 1357.44 
1490.0, 1309.75, 1358.29 
1490.0, 1309.83, 1359.14 
1490.0, 1309.91, 1359.49 
1490.0, 1309.99, 1360.34 
1490.0, 1310.08, 1361.19 
1490.0, 1310.16, 1362.04 
762.0, 1309.91, 1356.37 
762.0, 1309.66, 1344.18 
762.0, 1309.41, 1340.01 
762.0, 1309.16, 1335.84 
960.0, 1309.00, 1333.65 
1682.0, 1309.17, 1336.91 
1502.0, 1309.26, 1344.43 
1502.0, 1309.34, 1343.52 
1470.0, 1309.42, 1342.29 
1252.0, 1309.39, 1346.32 
429.0, 1308.99, 1346.32 
1748.0, 1309.19, 1355.31 
1567.0, 1309.31, 1352.50 
1567.0, 1309.42, 1354.70 
1152.0, 1309.35, 1351.72 
1567.0, 1309.47, 1348.32 
858.0, 1309.27, 1343.43 
1152.0, 1309.19, 1341.14 
1542.0, 1309.30, 1339.90 
1306.0, 1309.30, 1345.20 
1435.0, 1309.36, 1351.79 
1658.0, 1309.51, 1360.61 
1658.0, 1309.67, 1361.15 
1418.0, 1309.72, 1361.86 
1418.0, 1309.77, 1362.57 
1240.0, 1309.74, 1359.30 
1572.0, 1309.85, 1356.72 
1685.0, 1310.02, 1357.56 
833.0, 1309.81, 1350.22 
833.0, 1309.59, 1341.11 
1533.0, 1309.69, 1339.81 
1418.0, 1309.74, 1341.26 
833.0, 1309.53, 1336.86 
1433.0, 1309.58, 1333.75 
1477.0, 1309.66, 1331.08 
1520.0, 1309.75, 1328.84 
1385.0, 1309.79, 1330.15 
1385.0, 1309.82, 1329.63 
1993.0, 1310.13, 1332.93 
1573.0, 1310.25, 1332.03 
1348.0, 1310.26, 1332.83 
1807.0, 1310.49, 1338.35 
1807.0, 1310.71, 1344.10 
1807.0, 1310.93, 1349.55 
1375.0, 1310.96, 1348.47 
1070.0, 1310.85, 1346.34 
1070.0, 1310.74, 1341.94 
1510.0, 1310.83, 1342.31 
1375.0, 1310.86, 1341.33 
1375.0, 1310.89, 1340.35 
1070.0, 1310.78, 1334.38 
1070.0, 1310.67, 1330.35 
1901.0, 1310.94, 1334.79 
1185.0, 1310.88, 1335.29 
1185.0, 1310.83, 1335.79 
1135.0, 1310.75, 1337.13 
1657.0, 1310.90, 1342.35 
1696.0, 1311.07, 1347.96 
1714.0, 1311.25, 1348.43 
1473.0, 1311.32, 1345.33 
1473.0, 1311.40, 1342.84 
1667.0, 1311.55, 1344.46 
1667.0, 1311.71, 1346.08 
1534.0, 1311.81, 1347.83 
1667.0, 1311.97, 1353.26 
1510.0, 1312.06, 1357.12 
1117.0, 1311.97, 1357.05 
1727.0, 1312.15, 1361.59 
979.0, 1312.01, 1363.39 
979.0, 1311.86, 1358.03 
1216.0, 1311.82, 1357.34 
1026.0, 1311.69, 1358.43 
1340.0, 1311.70, 1363.49 
1026.0, 1311.58, 1357.97 
1289.0, 1311.57, 1362.52 
1026.0, 1311.44, 1362.41 
1405.0, 1311.48, 1366.09 
1405.0, 1311.52, 1367.41 
1124.0, 1311.44, 1365.92 
854.0, 1311.24, 1359.57 
854.0, 1311.04, 1353.67 
854.0, 1310.84, 1347.32 
1405.0, 1310.88, 1346.48 
1650.0, 1311.03, 1347.90 
1761.0, 1311.22, 1350.61 
1761.0, 1311.42, 1353.32 
1761.0, 1311.62, 1356.03 
1771.0, 1311.82, 1358.84 
1744.0, 1312.01, 1361.38 
1771.0, 1312.21, 1368.83 
1490.0, 1312.29, 1373.47 
1771.0, 1312.49, 1377.78 
1610.0, 1312.62, 1378.98 
1771.0, 1312.82, 1381.79 
1744.0, 1313.01, 1384.33 
1771.0, 1313.21, 1387.14 
1667.0, 1313.37, 1388.91 
1744.0, 1313.55, 1391.45 
1771.0, 1313.75, 1394.26 
1744.0, 1313.94, 1396.80 
1744.0, 1314.13, 1406.62 
1771.0, 1314.33, 1416.71 
1771.0, 1314.53, 1426.80 
1771.0, 1314.73, 1436.89 
1798.0, 1314.94, 1445.27 
1724.0, 1315.11, 1445.69 
1504.0, 1315.20, 1445.71 
1369.0, 1315.22, 1444.38 
1396.0, 1315.26, 1443.64 
1504.0, 1315.34, 1446.16 
429.0, 1314.95, 1446.16 
1262.0, 1314.93, 1441.30 
1262.0, 1314.91, 1438.25 
1599.0, 1315.03, 1438.57 
1529.0, 1315.12, 1442.34 
1452.0, 1315.18, 1441.19 
1529.0, 1315.27, 1447.90 
1490.0, 1315.35, 1451.28 
1529.0, 1315.44, 1451.15 
1242.0, 1315.41, 1450.51 
1529.0, 1315.50, 1451.45 
1757.0, 1315.69, 1452.44 
1529.0, 1315.79, 1451.15 
1687.0, 1315.95, 1453.84 
1741.0, 1316.13, 1457.07 
839.0, 1315.92, 1453.06 
839.0, 1315.72, 1445.73 
839.0, 1315.51, 1437.27 
1185.0, 1315.46, 1440.79 
1680.0, 1315.61, 1449.26 
1185.0, 1315.56, 1445.78 
1919.0, 1315.82, 1450.79 
1636.0, 1315.96, 1458.82 
1558.0, 1316.06, 1460.07 
1689.0, 1316.22, 1462.19 
1151.0, 1316.15, 1458.50 
1151.0, 1316.08, 1456.16 
1151.0, 1316.01, 1453.82 
1285.0, 1315.99, 1446.74 
1682.0, 1316.15, 1447.83 
1512.0, 1316.24, 1449.47 
1185.0, 1316.18, 1443.25 
1185.0, 1316.12, 1437.03 
1185.0, 1316.07, 1430.81 
1185.0, 1316.01, 1428.91 
1185.0, 1315.95, 1430.06 
1185.0, 1315.90, 1431.21 
1462.0, 1315.96, 1430.73 
1135.0, 1315.88, 1428.33 
1135.0, 1315.81, 1425.93 
1854.0, 1316.04, 1433.77 
1512.0, 1316.12, 1438.19 
1617.0, 1316.25, 1435.35 
1616.0, 1316.38, 1439.66 
1212.0, 1316.33, 1439.93 
1237.0, 1316.30, 1440.95 
1351.0, 1316.31, 1437.89 
1586.0, 1316.43, 1436.79 
1237.0, 1316.39, 1432.02 
1237.0, 1316.36, 1429.66 
1785.0, 1316.56, 1432.78 
1237.0, 1316.53, 1428.48 
1416.0, 1316.57, 1425.97 
1344.0, 1316.58, 1424.07 
1344.0, 1316.59, 1420.84 
1344.0, 1316.60, 1419.18 
1339.0, 1316.61, 1421.40 
1567.0, 1316.72, 1419.80 
1567.0, 1316.82, 1425.68 
1329.0, 1316.83, 1429.18 
1567.0, 1316.94, 1432.69 
1714.0, 1317.10, 1439.57 
1286.0, 1317.09, 1439.03 
1329.0, 1317.10, 1442.06 
858.0, 1316.90, 1437.75 
1329.0, 1316.91, 1440.78 
858.0, 1316.71, 1435.31 
1571.0, 1316.82, 1436.97 
1632.0, 1316.95, 1442.05 
1632.0, 1317.09, 1449.83 
1632.0, 1317.22, 1457.61 
1542.0, 1317.31, 1464.49 
1523.0, 1317.40, 1465.67 
1377.0, 1317.43, 1462.94 
1394.0, 1317.46, 1459.27 
1081.0, 1317.36, 1452.47 
1394.0, 1317.39, 1448.80 
1526.0, 1317.48, 1446.35 
1375.0, 1317.50, 1442.66 
1553.0, 1317.60, 1440.48 
1165.0, 1317.54, 1437.23 
1547.0, 1317.63, 1434.99 
1293.0, 1317.62, 1431.82 
1293.0, 1317.61, 1427.04 
1293.0, 1317.60, 1422.53 
1507.0, 1317.68, 1419.89 
1364.0, 1317.70, 1416.86 
1347.0, 1317.71, 1412.89 
1507.0, 1317.79, 1410.25 
1547.0, 1317.89, 1408.28 
1507.0, 1317.97, 1405.91 
1405.0, 1318.00, 1402.25 
1405.0, 1318.04, 1398.59 
1574.0, 1318.15, 1396.62 
1576.0, 1318.25, 1394.40 
1362.0, 1318.27, 1390.78 
1770.0, 1318.46, 1393.44 
1576.0, 1318.57, 1395.51 
1588.0, 1318.68, 1397.43 
849.0, 1318.49, 1390.88 
429.0, 1318.11, 1390.88 
712.0, 1317.86, 1385.38 
712.0, 1317.61, 1379.88 
1844.0, 1317.83, 1382.33 
712.0, 1317.58, 1374.16 
1755.0, 1317.76, 1377.19 
1356.0, 1317.78, 1375.46 
1650.0, 1317.91, 1377.06 
1650.0, 1318.05, 1378.27 
1807.0, 1318.25, 1383.92 
1650.0, 1318.39, 1385.13 
1650.0, 1318.53, 1384.06 
1565.0, 1318.63, 1384.42 
1565.0, 1318.73, 1383.20 
1565.0, 1318.84, 1381.44 
1586.0, 1318.95, 1388.91 
1640.0, 1319.08, 1396.92 
1650.0, 1319.22, 1405.03 
1586.0, 1319.33, 1409.04 
1451.0, 1319.38, 1406.75 
844.0, 1319.18, 1403.34 
844.0, 1318.99, 1392.59 
1689.0, 1319.14, 1393.12 
1856.0, 1319.36, 1396.10 
1856.0, 1319.58, 1397.77 
1856.0, 1319.80, 1404.82 
1490.0, 1319.87, 1408.21 
1490.0, 1319.94, 1411.60 
1488.0, 1320.01, 1413.63 
1488.0, 1320.08, 1411.69 
1787.0, 1320.27, 1414.44 
1707.0, 1320.43, 1419.66 
1410.0, 1320.47, 1421.91 
858.0, 1320.28, 1418.64 
1389.0, 1320.31, 1420.68 
858.0, 1320.12, 1417.41 
858.0, 1319.93, 1414.14 
1293.0, 1319.92, 1412.45 
1293.0, 1319.91, 1414.03 
1473.0, 1319.97, 1417.41 
1293.0, 1319.96, 1411.80 
1347.0, 1319.97, 1410.15 
1104.0, 1319.88, 1405.02 
1104.0, 1319.79, 1399.90 
1104.0, 1319.71, 1398.82 
1897.0, 1319.94, 1405.42 
1897.0, 1320.18, 1410.88 
1393.0, 1320.21, 1408.95 
1207.0, 1320.16, 1408.65 
1207.0, 1320.11, 1408.35 
1582.0, 1320.22, 1406.32 
1658.0, 1320.36, 1410.53 
1553.0, 1320.45, 1411.90 
1207.0, 1320.41, 1410.53 
1348.0, 1320.42, 1410.57 
1278.0, 1320.40, 1409.91 
1278.0, 1320.38, 1409.30 
1278.0, 1320.37, 1406.41 
1741.0, 1320.54, 1408.15 
1278.0, 1320.52, 1407.64 
1315.0, 1320.52, 1405.12 
1278.0, 1320.50, 1400.76 
1667.0, 1320.64, 1404.57 
1667.0, 1320.78, 1407.95 
834.0, 1320.58, 1407.71 
1122.0, 1320.50, 1405.64 
1660.0, 1320.64, 1413.66 
1231.0, 1320.61, 1410.26 
1593.0, 1320.72, 1409.87 
1630.0, 1320.84, 1409.85 
1329.0, 1320.84, 1406.82 
1329.0, 1320.85, 1404.69 
1291.0, 1320.84, 1402.37 
1353.0, 1320.85, 1402.13 
1353.0, 1320.86, 1401.72 
1353.0, 1320.87, 1404.44 
1353.0, 1320.89, 1404.03 
1353.0, 1320.90, 1402.30 
1281.0, 1320.88, 1401.36 
1281.0, 1320.87, 1398.64 
1531.0, 1320.95, 1402.30 
1361.0, 1320.97, 1400.44 
1673.0, 1321.11, 1404.24 
1557.0, 1321.21, 1406.88 
1705.0, 1321.36, 1411.00 
1279.0, 1321.34, 1408.72 
1718.0, 1321.50, 1412.26 
1718.0, 1321.66, 1415.97 
1718.0, 1321.82, 1418.08 
1718.0, 1321.98, 1419.79 
1505.0, 1322.05, 1419.77 
1505.0, 1322.13, 1420.77 
1541.0, 1322.22, 1422.13 
1541.0, 1322.30, 1421.80 
799.0, 1322.09, 1414.03 
1541.0, 1322.18, 1415.82 
1456.0, 1322.23, 1412.68 
1541.0, 1322.32, 1412.33 
1456.0, 1322.38, 1411.01 
1456.0, 1322.43, 1417.08 
429.0, 1322.07, 1417.08 
1573.0, 1322.17, 1425.69 
849.0, 1321.98, 1427.06 
849.0, 1321.79, 1417.11 
1374.0, 1321.82, 1423.73 
1753.0, 1321.99, 1423.71 
849.0, 1321.80, 1418.64 
849.0, 1321.61, 1410.63 
1340.0, 1321.62, 1407.53 
903.0, 1321.45, 1398.49 
1456.0, 1321.50, 1396.55 
1456.0, 1321.56, 1394.61 
1827.0, 1321.76, 1397.23 
1827.0, 1321.96, 1399.85 
1152.0, 1321.89, 1395.72 
1649.0, 1322.02, 1396.35 
1567.0, 1322.12, 1395.62 
1152.0, 1322.05, 1390.64 
1152.0, 1321.98, 1386.30 
1253.0, 1321.96, 1384.32 
1291.0, 1321.94, 1388.79 
1477.0, 1322.01, 1395.12 
1165.0, 1321.94, 1389.88 
1165.0, 1321.88, 1382.97 
833.0, 1321.69, 1372.74 
1158.0, 1321.62, 1365.76 
1165.0, 1321.56, 1362.51 
1165.0, 1321.50, 1359.26 
1511.0, 1321.57, 1359.49 
833.0, 1321.38, 1352.94 
1260.0, 1321.36, 1347.67 
1165.0, 1321.30, 1342.25 
1260.0, 1321.27, 1340.75 
1165.0, 1321.21, 1343.82 
1403.0, 1321.24, 1343.96 
1274.0, 1321.22, 1348.12 
1274.0, 1321.20, 1352.28 
1094.0, 1321.12, 1350.29 
1035.0, 1321.00, 1347.71 
1727.0, 1321.16, 1350.25 
1885.0, 1321.38, 1356.17 
1519.0, 1321.46, 1357.89 
1268.0, 1321.44, 1359.53 
1519.0, 1321.52, 1363.68 
1230.0, 1321.48, 1364.94 
1460.0, 1321.54, 1360.57 
1230.0, 1321.50, 1353.90 
1401.0, 1321.53, 1353.98 
1353.0, 1321.54, 1355.44 
1460.0, 1321.60, 1357.97 
1793.0, 1321.78, 1360.08 
1580.0, 1321.88, 1359.30 
810.0, 1321.68, 1351.87 
1023.0, 1321.57, 1350.03 
1800.0, 1321.75, 1354.55 
1770.0, 1321.93, 1359.47 
1125.0, 1321.85, 1357.94 
1291.0, 1321.84, 1358.07 
1493.0, 1321.91, 1355.59 
1493.0, 1321.97, 1357.74 
1541.0, 1322.06, 1360.00 
1541.0, 1322.15, 1362.63 
1541.0, 1322.23, 1361.37 
1541.0, 1322.32, 1360.11 
1560.0, 1322.41, 1367.37 
1456.0, 1322.46, 1370.71 
1275.0, 1322.44, 1366.86 
1456.0, 1322.49, 1369.11 
1468.0, 1322.55, 1367.86 
1404.0, 1322.58, 1365.60 
1315.0, 1322.58, 1365.46 
1315.0, 1322.58, 1365.32 
1315.0, 1322.57, 1365.56 
973.0, 1322.44, 1361.76 
973.0, 1322.30, 1357.96 
973.0, 1322.17, 1354.16 
973.0, 1322.03, 1350.36 
973.0, 1321.90, 1346.56 
1708.0, 1322.05, 1350.83 
1815.0, 1322.24, 1356.17 
793.0, 1322.03, 1348.79 
1857.0, 1322.24, 1353.75 
1745.0, 1322.40, 1354.47 
1577.0, 1322.50, 1354.67 
1577.0, 1322.60, 1353.39 
1577.0, 1322.70, 1356.37 
1263.0, 1322.67, 1351.82 
1823.0, 1322.87, 1352.87 
1263.0, 1322.85, 1348.32 
1263.0, 1322.82, 1343.77 
1263.0, 1322.80, 1341.35 
1455.0, 1322.85, 1340.85 
1302.0, 1322.84, 1338.46 
1636.0, 1322.96, 1339.41 
1706.0, 1323.11, 1348.48 
1569.0, 1323.20, 1348.76 
1738.0, 1323.36, 1351.58 
1551.0, 1323.45, 1351.68 
1617.0, 1323.57, 1353.29 
1456.0, 1323.62, 1353.29 
429.0, 1323.27, 1353.29 
1543.0, 1323.36, 1352.99 
1546.0, 1323.44, 1359.96 
1546.0, 1323.53, 1366.93 
1546.0, 1323.61, 1368.65 
1546.0, 1323.70, 1366.58 
1648.0, 1323.82, 1374.57 
1327.0, 1323.82, 1379.35 
949.0, 1323.68, 1375.44 
949.0, 1323.54, 1375.90 
949.0, 1323.39, 1370.83 
1583.0, 1323.49, 1372.10 
1435.0, 1323.54, 1368.18 
1435.0, 1323.58, 1364.26 
1435.0, 1323.62, 1367.09 
1440.0, 1323.67, 1365.00 
1404.0, 1323.70, 1363.37 
1224.0, 1323.66, 1364.09 
1601.0, 1323.76, 1368.58 
989.0, 1323.64, 1365.94 
989.0, 1323.51, 1362.92 
1050.0, 1323.40, 1358.65 
1135.0, 1323.33, 1358.35 
1135.0, 1323.26, 1358.05 
1135.0, 1323.19, 1361.07 
1038.0, 1323.08, 1359.87 
1423.0, 1323.12, 1362.45 
1423.0, 1323.16, 1365.03 
1423.0, 1323.19, 1364.15 
1165.0, 1323.13, 1367.47 
1422.0, 1323.17, 1369.09 
970.0, 1323.04, 1367.14 
970.0, 1322.90, 1364.24 
1423.0, 1322.94, 1366.82 
1295.0, 1322.93, 1365.74 
1418.0, 1322.97, 1367.18 
1461.0, 1323.02, 1369.05 
1406.0, 1323.05, 1372.17 
1074.0, 1322.96, 1372.56 
1074.0, 1322.86, 1366.03 
1074.0, 1322.77, 1357.92 
1353.0, 1322.78, 1356.26 
1353.0, 1322.79, 1357.11 
750.0, 1322.57, 1349.42 
750.0, 1322.36, 1344.62 
1776.0, 1322.53, 1347.78 
1776.0, 1322.70, 1353.24 
1776.0, 1322.87, 1356.99 
1250.0, 1322.84, 1355.96 
1250.0, 1322.82, 1353.86 
1250.0, 1322.79, 1348.43 
821.0, 1322.60, 1340.84 
1437.0, 1322.64, 1347.11 
1490.0, 1322.71, 1351.78 
1405.0, 1322.74, 1347.83 
996.0, 1322.61, 1340.09 
1136.0, 1322.54, 1340.20 
963.0, 1322.41, 1336.92 
702.0, 1322.17, 1329.01 
1440.0, 1322.22, 1328.48 
1590.0, 1322.32, 1328.97 
1663.0, 1322.45, 1330.19 
1625.0, 1322.56, 1331.03 
1266.0, 1322.54, 1328.28 
1490.0, 1322.60, 1327.58 
1624.0, 1322.72, 1329.26 
1070.0, 1322.62, 1327.21 
1070.0, 1322.53, 1323.35 
1070.0, 1322.43, 1319.37 
1626.0, 1322.55, 1321.59 
1830.0, 1322.74, 1326.74 
1381.0, 1322.76, 1327.40 
1381.0, 1322.78, 1328.06 
1193.0, 1322.73, 1330.26 
1381.0, 1322.75, 1334.34 
1381.0, 1322.77, 1338.42 
1381.0, 1322.80, 1342.50 
1301.0, 1322.79, 1345.78 
1634.0, 1322.90, 1345.04 
833.0, 1322.72, 1335.22 
833.0, 1322.54, 1335.62 
833.0, 1322.36, 1325.38 
1491.0, 1322.42, 1322.84 
1132.0, 1322.35, 1318.39 
1610.0, 1322.46, 1318.72 
1610.0, 1322.56, 1319.05 
1924.0, 1322.79, 1325.66 
1279.0, 1322.77, 1320.22 
1279.0, 1322.75, 1320.38 
1279.0, 1322.74, 1320.54 
1610.0, 1322.84, 1324.01 
810.0, 1322.65, 1317.56 
810.0, 1322.46, 1312.64 
1651.0, 1322.59, 1312.79 
1313.0, 1322.58, 1308.86 
1617.0, 1322.69, 1309.34 
830.0, 1322.51, 1300.26 
839.0, 1322.33, 1293.14 
1616.0, 1322.44, 1293.13 
1616.0, 1322.55, 1294.73 
429.0, 1322.22, 1294.73 
1084.0, 1322.13, 1290.14 
1916.0, 1322.35, 1293.84 
1752.0, 1322.51, 1295.90 
674.0, 1322.27, 1287.18 
1461.0, 1322.32, 1286.33 
1170.0, 1322.26, 1281.55 
1461.0, 1322.31, 1282.89 
1960.0, 1322.55, 1293.00 
960.0, 1322.41, 1293.11 
960.0, 1322.28, 1293.22 
762.0, 1322.07, 1285.01 
1613.0, 1322.18, 1286.79 
1550.0, 1322.26, 1287.94 
1258.0, 1322.24, 1286.17 
1306.0, 1322.24, 1284.83 
1643.0, 1322.35, 1287.22 
1306.0, 1322.35, 1288.04 
1302.0, 1322.34, 1285.05 
1703.0, 1322.48, 1292.19 
995.0, 1322.36, 1292.25 
1046.0, 1322.26, 1292.21 
1469.0, 1322.31, 1295.55 
1541.0, 1322.39, 1299.61 
1541.0, 1322.47, 1303.67 
1541.0, 1322.55, 1308.70 
1541.0, 1322.63, 1309.88 
1822.0, 1322.82, 1313.87 
1541.0, 1322.90, 1315.05 
1541.0, 1322.98, 1318.81 
1541.0, 1323.06, 1320.00 
1628.0, 1323.17, 1326.58 
1628.0, 1323.28, 1333.16 
1011.0, 1323.16, 1329.04 
1544.0, 1323.24, 1331.53 
1025.0, 1323.14, 1327.60 
1135.0, 1323.07, 1324.34 
1135.0, 1323.00, 1321.63 
1403.0, 1323.03, 1324.92 
1721.0, 1323.17, 1331.39 
1327.0, 1323.17, 1333.92 
849.0, 1323.00, 1328.88 
849.0, 1322.83, 1323.84 
1437.0, 1322.87, 1330.71 
1259.0, 1322.85, 1335.80 
1453.0, 1322.89, 1332.57 
1213.0, 1322.85, 1326.94 
1213.0, 1322.81, 1321.31 
1666.0, 1322.94, 1325.47 
1182.0, 1322.89, 1324.79 
1213.0, 1322.85, 1324.42 
1533.0, 1322.92, 1331.54 
1084.0, 1322.84, 1328.01 
1084.0, 1322.75, 1323.95 
1084.0, 1322.66, 1320.74 
1280.0, 1322.65, 1323.58 
1151.0, 1322.59, 1323.73 
1323.0, 1322.59, 1327.33 
834.0, 1322.41, 1328.65 
834.0, 1322.23, 1322.59 
1643.0, 1322.35, 1323.12 
1171.0, 1322.29, 1318.20 
858.0, 1322.13, 1310.53 
858.0, 1321.96, 1306.45 
1468.0, 1322.01, 1306.23 
858.0, 1321.84, 1298.57 
1753.0, 1322.00, 1305.40 
2031.0, 1322.26, 1315.01 
1269.0, 1322.24, 1317.00 
1600.0, 1322.34, 1316.74 
1751.0, 1322.49, 1315.95 
1600.0, 1322.59, 1318.14 
1609.0, 1322.69, 1320.42 
1832.0, 1322.88, 1326.81 
1434.0, 1322.92, 1327.34 
1841.0, 1323.10, 1331.94 
1831.0, 1323.29, 1336.44 
1815.0, 1323.46, 1341.58 
1263.0, 1323.44, 1337.87 
1263.0, 1323.42, 1342.17 
1263.0, 1323.40, 1346.47 
834.0, 1323.22, 1346.48 
1263.0, 1323.20, 1344.20 
1390.0, 1323.23, 1346.78 
1481.0, 1323.28, 1345.49 
1481.0, 1323.34, 1344.20 
787.0, 1323.15, 1332.83 
1845.0, 1323.33, 1338.49 
1483.0, 1323.39, 1340.53 
1358.0, 1323.40, 1341.32 
1355.0, 1323.41, 1338.77 
1762.0, 1323.57, 1348.29 
1727.0, 1323.72, 1357.46 
1510.0, 1323.78, 1356.05 
1812.0, 1323.96, 1361.04 
1011.0, 1323.85, 1354.98 
1774.0, 1324.01, 1364.42 
1595.0, 1324.10, 1371.98 
1440.0, 1324.14, 1370.22 
1440.0, 1324.19, 1368.46 
429.0, 1323.87, 1368.46 
1329.0, 1323.87, 1370.91 
1329.0, 1323.87, 1365.04 
1362.0, 1323.88, 1361.14 
1529.0, 1323.96, 1369.69 
1529.0, 1324.03, 1370.37 
1179.0, 1323.98, 1370.46 
1209.0, 1323.94, 1367.94 
1209.0, 1323.90, 1360.43 
582.0, 1323.63, 1356.65 
582.0, 1323.37, 1352.87 
582.0, 1323.10, 1351.07 
1447.0, 1323.15, 1349.41 
1990.0, 1323.39, 1353.81 
830.0, 1323.21, 1349.53 
1911.0, 1323.42, 1355.58 
920.0, 1323.28, 1348.35 
1682.0, 1323.40, 1352.11 
1267.0, 1323.38, 1351.76 
1236.0, 1323.35, 1347.09 
776.0, 1323.16, 1344.90 
776.0, 1322.96, 1342.20 
1280.0, 1322.95, 1340.31 
1862.0, 1323.14, 1343.52 
1862.0, 1323.33, 1346.73 
1826.0, 1323.51, 1349.58 
1457.0, 1323.56, 1348.74 
1812.0, 1323.73, 1348.64 
852.0, 1323.56, 1341.75 
852.0, 1323.40, 1334.86 
1199.0, 1323.35, 1331.44 
1199.0, 1323.31, 1327.15 
943.0, 1323.17, 1320.30 
1457.0, 1323.22, 1324.76 
1603.0, 1323.32, 1325.35 
1345.0, 1323.33, 1328.55 
849.0, 1323.16, 1325.69 
1345.0, 1323.17, 1327.79 
1563.0, 1323.25, 1329.39 
1297.0, 1323.24, 1325.15 
1646.0, 1323.36, 1328.34 
1610.0, 1323.46, 1335.95 
1712.0, 1323.59, 1344.58 
1584.0, 1323.69, 1346.05 
1330.0, 1323.69, 1346.76 
1646.0, 1323.80, 1348.69 
1646.0, 1323.91, 1353.02 
1135.0, 1323.85, 1352.24 
1412.0, 1323.88, 1349.70 
1478.0, 1323.93, 1352.66 
810.0, 1323.75, 1348.63 
1362.0, 1323.77, 1346.92 
1683.0, 1323.89, 1352.91 
833.0, 1323.72, 1350.40 
1064.0, 1323.63, 1350.20 
1405.0, 1323.66, 1351.45 
1262.0, 1323.64, 1352.56 
1705.0, 1323.77, 1356.38 
1705.0, 1323.90, 1365.09 
1309.0, 1323.90, 1369.84 
1180.0, 1323.85, 1365.21 
1827.0, 1324.02, 1371.77 
1309.0, 1324.02, 1376.28 
1569.0, 1324.10, 1383.39 
1482.0, 1324.16, 1383.53 
1259.0, 1324.14, 1387.54 
1576.0, 1324.22, 1385.77 
1477.0, 1324.28, 1380.23 
1089.0, 1324.19, 1378.43 
1021.0, 1324.09, 1372.64 
1021.0, 1323.98, 1365.34 
1021.0, 1323.88, 1359.55 
1139.0, 1323.81, 1354.85 
1386.0, 1323.84, 1350.39 
1930.0, 1324.05, 1355.35 
1645.0, 1324.16, 1353.39 
1151.0, 1324.10, 1346.59 
1775.0, 1324.25, 1346.19 
1326.0, 1324.25, 1346.82 
1232.0, 1324.22, 1346.51 
1404.0, 1324.25, 1347.92 
1079.0, 1324.17, 1350.37 
1317.0, 1324.16, 1350.91 
1317.0, 1324.16, 1350.18 
1297.0, 1324.15, 1348.34 
1123.0, 1324.08, 1344.76 
1613.0, 1324.18, 1353.02 
1613.0, 1324.28, 1350.70 
1537.0, 1324.35, 1351.24 
1911.0, 1324.56, 1356.77 
1475.0, 1324.61, 1357.97 
1475.0, 1324.66, 1355.10 
1475.0, 1324.71, 1352.58 
712.0, 1324.50, 1344.60 
712.0, 1324.29, 1333.60 
1644.0, 1324.40, 1339.93 
1630.0, 1324.51, 1338.49 
1780.0, 1324.66, 1340.34 
1496.0, 1324.72, 1340.90 
839.0, 1324.56, 1334.89 
429.0, 1324.25, 1334.89 
1236.0, 1324.22, 1333.96 
1361.0, 1324.23, 1334.28 
1222.0, 1324.19, 1332.88 
2063.0, 1324.45, 1338.22 
1124.0, 1324.38, 1334.17 
1239.0, 1324.35, 1334.77 
1600.0, 1324.44, 1338.68 
1011.0, 1324.34, 1336.70 
1011.0, 1324.23, 1340.99 
1273.0, 1324.21, 1347.90 
1592.0, 1324.30, 1358.00 
1185.0, 1324.26, 1355.38 
1520.0, 1324.32, 1350.68 
1581.0, 1324.41, 1358.19 
1409.0, 1324.44, 1353.17 
1473.0, 1324.49, 1358.70 
1880.0, 1324.68, 1360.68 
1395.0, 1324.71, 1361.96 
1575.0, 1324.79, 1365.35 
1613.0, 1324.89, 1373.72 
1146.0, 1324.83, 1377.42 
1488.0, 1324.88, 1379.50 
1488.0, 1324.94, 1375.76 
1557.0, 1325.02, 1372.71 
1740.0, 1325.16, 1371.85 
1464.0, 1325.21, 1371.92 
1007.0, 1325.10, 1363.87 
1554.0, 1325.18, 1370.89 
1724.0, 1325.31, 1379.61 
1253.0, 1325.29, 1380.15 
1268.0, 1325.27, 1380.84 
1310.0, 1325.26, 1384.51 
1439.0, 1325.30, 1384.33 
1409.0, 1325.33, 1382.39 
1555.0, 1325.41, 1384.49 
1151.0, 1325.35, 1387.51 
1307.0, 1325.34, 1387.13 
1727.0, 1325.48, 1388.77 
851.0, 1325.32, 1384.31 
851.0, 1325.16, 1376.36 
1280.0, 1325.14, 1373.06 
1280.0, 1325.13, 1368.74 
1356.0, 1325.14, 1366.46 
1501.0, 1325.20, 1368.17 
1554.0, 1325.28, 1367.25 
830.0, 1325.11, 1359.09 
1633.0, 1325.21, 1364.07 
1674.0, 1325.33, 1366.69 
1590.0, 1325.42, 1367.81 
1432.0, 1325.46, 1374.03 
1416.0, 1325.49, 1374.57 
1973.0, 1325.71, 1377.47 
1158.0, 1325.65, 1380.72 
1560.0, 1325.73, 1385.68 
1924.0, 1325.93, 1390.87 
844.0, 1325.77, 1386.69 
1659.0, 1325.88, 1386.23 
1260.0, 1325.86, 1381.78 
1564.0, 1325.94, 1384.33 
1007.0, 1325.83, 1382.60 
970.0, 1325.71, 1374.03 
1297.0, 1325.70, 1373.91 
810.0, 1325.53, 1366.32 
1070.0, 1325.44, 1362.20 
999.0, 1325.33, 1359.60 
1070.0, 1325.25, 1354.54 
999.0, 1325.14, 1349.76 
852.0, 1324.98, 1347.39 
1249.0, 1324.95, 1349.67 
1249.0, 1324.92, 1351.95 
820.0, 1324.75, 1349.94 
1475.0, 1324.81, 1353.30 
1128.0, 1324.74, 1350.72 
1422.0, 1324.77, 1345.64 
1475.0, 1324.82, 1343.94 
1385.0, 1324.84, 1346.28 
1212.0, 1324.80, 1340.65 
2082.0, 1325.06, 1348.21 
1637.0, 1325.16, 1352.26 
674.0, 1324.94, 1344.96 
1106.0, 1324.87, 1345.23 
1567.0, 1324.95, 1347.73 
874.0, 1324.80, 1343.30 
1881.0, 1324.99, 1349.14 
1393.0, 1325.01, 1351.84 
734.0, 1324.81, 1343.05 
734.0, 1324.62, 1334.26 
734.0, 1324.42, 1326.23 
1533.0, 1324.49, 1322.45 
1790.0, 1324.64, 1325.60 
702.0, 1324.43, 1317.87 
840.0, 1324.27, 1311.52 
840.0, 1324.11, 1312.80 
840.0, 1323.95, 1314.08 
840.0, 1323.79, 1306.04 
1498.0, 1323.85, 1304.72 
1291.0, 1323.84, 1299.83 
787.0, 1323.66, 1292.74 
894.0, 1323.51, 1293.29 
429.0, 1323.21, 1293.29 
1119.0, 1323.15, 1292.12 
970.0, 1323.03, 1288.21 
834.0, 1322.87, 1284.33 
833.0, 1322.70, 1272.03 
833.0, 1322.54, 1269.12 
833.0, 1322.38, 1265.06 
1343.0, 1322.38, 1262.49 
1403.0, 1322.41, 1266.41 
851.0, 1322.25, 1264.81 
1152.0, 1322.20, 1263.60 
1152.0, 1322.14, 1259.20 
756.0, 1321.95, 1254.91 
1081.0, 1321.87, 1250.52 
1351.0, 1321.88, 1248.22 
1719.0, 1322.02, 1251.32 
834.0, 1321.85, 1244.93 
1416.0, 1321.88, 1240.29 
849.0, 1321.73, 1234.83 
821.0, 1321.56, 1227.29 
1716.0, 1321.69, 1228.32 
851.0, 1321.54, 1225.37 
1280.0, 1321.52, 1223.29 
1244.0, 1321.50, 1220.85 
1277.0, 1321.48, 1218.05 
1512.0, 1321.55, 1215.77 
1239.0, 1321.52, 1213.52 
1462.0, 1321.57, 1218.07 
762.0, 1321.38, 1210.15 
762.0, 1321.20, 1200.53 
820.0, 1321.03, 1196.20 
1573.0, 1321.11, 1199.25 
821.0, 1320.95, 1194.36 
776.0, 1320.77, 1187.73 
712.0, 1320.57, 1180.76 
674.0, 1320.36, 1171.95 
674.0, 1320.14, 1167.18 
1771.0, 1320.29, 1171.82 
810.0, 1320.12, 1162.65 
810.0, 1319.96, 1162.24 
858.0, 1319.80, 1162.31 
1278.0, 1319.79, 1162.29 
1278.0, 1319.78, 1162.27 
1148.0, 1319.72, 1160.19 
1237.0, 1319.69, 1157.55 
858.0, 1319.54, 1150.59 
858.0, 1319.39, 1150.87 
1069.0, 1319.31, 1145.23 
1375.0, 1319.33, 1142.24 
1032.0, 1319.23, 1136.66 
636.0, 1319.01, 1128.70 
636.0, 1318.78, 1120.90 
636.0, 1318.56, 1107.53 
839.0, 1318.40, 1104.34 
839.0, 1318.25, 1097.13 
839.0, 1318.09, 1086.28 
1025.0, 1317.99, 1088.09 
1025.0, 1317.90, 1081.75 
820.0, 1317.73, 1077.35 
820.0, 1317.57, 1069.91 
567.0, 1317.33, 1065.51 
894.0, 1317.19, 1064.75 
842.0, 1317.03, 1060.20 
1005.0, 1316.93, 1062.15 
1119.0, 1316.87, 1062.64 
1574.0, 1316.95, 1068.39 
1634.0, 1317.05, 1074.03 
1598.0, 1317.15, 1080.02 
762.0, 1316.96, 1079.12 
1493.0, 1317.02, 1081.56 
762.0, 1316.84, 1076.69 
1253.0, 1316.82, 1081.02 
1253.0, 1316.80, 1078.80 
830.0, 1316.64, 1075.82 
1482.0, 1316.70, 1076.42 
852.0, 1316.54, 1070.19 
725.0, 1316.35, 1063.59 
1470.0, 1316.40, 1066.17 
1190.0, 1316.36, 1057.25 
815.0, 1316.20, 1049.03 
815.0, 1316.04, 1050.44 
1765.0, 1316.18, 1057.03 
754.0, 1316.00, 1048.90 
1129.0, 1315.94, 1051.45 
1443.0, 1315.98, 1047.07 
1020.0, 1315.88, 1043.34 
1583.0, 1315.97, 1051.83 
1583.0, 1316.06, 1060.32 
1537.0, 1316.13, 1068.35 
1205.0, 1316.09, 1065.07 
1236.0, 1316.07, 1059.53 
1313.0, 1316.07, 1065.64 
