0, 1744.0, 1744.00, 1744.00, 5534 
1, 1364.0, 1554.00, 1554.00, 5039 
2, 1284.0, 1464.00, 1464.00, 4956 
3, 1780.0, 1543.00, 1543.00, 5049 
4, 1489.0, 1532.20, 1532.20, 4958 
5, 1301.0, 1493.67, 1493.67, 4993 
6, 1396.0, 1479.71, 1479.71, 5063 
0, 469.0, 469.00, 469.00, 48946 
0, 938.0, 938.00, 938.00, 12988 
1, 620.0, 779.00, 779.00, 13902 
2, 622.0, 726.67, 726.67, 8307 
3, 1364.0, 886.00, 886.00, 5831 
4, 1245.0, 957.80, 957.80, 5832 
5, 1284.0, 1012.17, 1012.17, 5823 
6, 1343.0, 1059.43, 1059.43, 5881 
7, 1683.0, 1137.38, 1137.38, 5825 
8, 1425.0, 1169.33, 1169.33, 5882 
9, 1586.0, 1211.00, 1211.00, 5810 
10, 1157.0, 1206.09, 1206.09, 5837 
11, 1560.0, 1235.58, 1235.58, 5828 
12, 1408.0, 1248.85, 1248.85, 5895 
13, 1279.0, 1251.00, 1251.00, 5845 
14, 1326.0, 1256.00, 1256.00, 5847 
15, 1096.0, 1246.00, 1246.00, 5833 
16, 1471.0, 1259.24, 1259.24, 5881 
17, 1218.0, 1256.94, 1256.94, 6171 
18, 1198.0, 1253.84, 1253.84, 6035 
19, 1367.0, 1259.50, 1259.50, 6080 
20, 1375.0, 1265.00, 1265.00, 5825 
21, 1348.0, 1268.77, 1268.77, 6005 
22, 1495.0, 1278.61, 1278.61, 5888 
23, 1026.0, 1268.08, 1268.08, 5829 
24, 1334.0, 1270.72, 1270.72, 5964 
25, 1370.0, 1274.54, 1274.54, 6295 
26, 1442.0, 1280.74, 1280.74, 5990 
27, 1259.0, 1279.96, 1279.96, 5919 
28, 1328.0, 1281.62, 1281.62, 5771 
29, 1581.0, 1291.60, 1291.60, 5791 
30, 1309.0, 1292.16, 1292.16, 6055 
31, 1198.0, 1289.22, 1289.22, 6030 
32, 1503.0, 1295.70, 1295.70, 5966 
33, 1197.0, 1292.79, 1292.79, 6057 
34, 1446.0, 1297.17, 1297.17, 5993 
35, 1474.0, 1302.08, 1302.08, 6021 
36, 1373.0, 1304.00, 1304.00, 6173 
0, 651.0, 651.00, 651.00, 9574 
1, 1145.0, 898.00, 898.00, 6068 
2, 1385.0, 1060.33, 1060.33, 5930 
3, 1666.0, 1211.75, 1211.75, 5946 
4, 1187.0, 1206.80, 1206.80, 5975 
5, 1672.0, 1284.33, 1284.33, 5964 
6, 1492.0, 1314.00, 1314.00, 6008 
7, 1178.0, 1297.00, 1297.00, 5999 
8, 1246.0, 1291.33, 1291.33, 5994 
9, 1462.0, 1308.40, 1308.40, 6016 
10, 1252.0, 1303.27, 1303.27, 5953 
11, 1335.0, 1305.92, 1305.92, 6120 
12, 1278.0, 1303.77, 1303.77, 5737 
13, 1945.0, 1349.57, 1349.57, 5476 
14, 1583.0, 1365.13, 1365.13, 5483 
15, 1408.0, 1367.81, 1367.81, 5492 
16, 1037.0, 1348.35, 1348.35, 5576 
17, 1273.0, 1344.17, 1344.17, 5517 
18, 1489.0, 1351.79, 1351.79, 5473 
19, 1610.0, 1364.70, 1364.70, 5459 
20, 1024.0, 1348.48, 1348.48, 5485 
21, 1453.0, 1353.23, 1353.23, 5505 
22, 1445.0, 1357.22, 1357.22, 5496 
23, 1176.0, 1349.67, 1349.67, 5482 
24, 1433.0, 1353.00, 1353.00, 5419 
25, 1573.0, 1361.46, 1361.46, 5480 
26, 1427.0, 1363.89, 1363.89, 5483 
27, 1587.0, 1371.86, 1371.86, 5460 
28, 1413.0, 1373.28, 1373.28, 5465 
29, 1348.0, 1372.43, 1372.43, 5470 
30, 1249.0, 1368.45, 1368.45, 5455 
31, 1526.0, 1373.38, 1373.38, 5425 
32, 1325.0, 1371.91, 1371.91, 5460 
33, 1491.0, 1375.41, 1375.41, 5512 
34, 1550.0, 1380.40, 1380.40, 5488 
35, 1502.0, 1383.78, 1383.78, 5501 
36, 1473.0, 1386.19, 1386.19, 5472 
37, 1596.0, 1391.71, 1391.71, 5465 
38, 1242.0, 1387.87, 1387.87, 5471 
39, 1401.0, 1388.20, 1388.20, 5452 
40, 1411.0, 1388.76, 1388.76, 5460 
41, 1245.0, 1385.33, 1385.33, 5460 
42, 1422.0, 1386.19, 1386.19, 5489 
43, 1602.0, 1391.09, 1391.09, 5446 
44, 1062.0, 1383.78, 1383.78, 5565 
45, 1414.0, 1384.43, 1384.43, 5489 
46, 1257.0, 1381.72, 1381.72, 5470 
47, 1690.0, 1388.15, 1388.15, 5749 
48, 1196.0, 1384.22, 1384.22, 6154 
49, 1419.0, 1384.92, 1384.92, 6116 
0, 825.0, 825.00, 825.00, 12335 
1, 1543.0, 1184.00, 1184.00, 6206 
2, 1451.0, 1273.00, 1273.00, 6074 
3, 1453.0, 1318.00, 1318.00, 6166 
4, 1219.0, 1298.20, 1298.20, 6505 
5, 1297.0, 1298.00, 1298.00, 6518 
6, 1393.0, 1311.57, 1311.57, 6159 
7, 1379.0, 1320.00, 1320.00, 6107 
8, 1266.0, 1314.00, 1314.00, 6126 
9, 1245.0, 1307.10, 1307.10, 6067 
10, 1659.0, 1339.09, 1339.09, 6108 
11, 1173.0, 1325.25, 1325.25, 6109 
12, 1223.0, 1317.38, 1317.38, 6124 
13, 1666.0, 1342.29, 1342.29, 6018 
14, 1287.0, 1338.60, 1338.60, 6072 
15, 1305.0, 1336.50, 1336.50, 6048 
16, 1362.0, 1338.00, 1338.00, 6264 
17, 1614.0, 1353.33, 1353.33, 6512 
18, 1690.0, 1371.05, 1371.05, 7168 
19, 1469.0, 1375.95, 1375.95, 7322 
20, 1147.0, 1365.05, 1365.05, 6231 
21, 1255.0, 1360.05, 1360.05, 6104 
22, 1663.0, 1373.22, 1373.22, 6161 
23, 1614.0, 1383.25, 1383.25, 6171 
24, 1483.0, 1387.24, 1387.24, 6128 
25, 1420.0, 1388.50, 1388.50, 6121 
26, 1761.0, 1402.30, 1402.30, 6026 
27, 1302.0, 1398.71, 1398.71, 6133 
28, 1407.0, 1399.00, 1399.00, 6076 
29, 1181.0, 1391.73, 1391.73, 6079 
30, 1075.0, 1381.52, 1381.52, 6094 
31, 1138.0, 1373.91, 1373.91, 6085 
32, 1608.0, 1381.00, 1381.00, 6421 
33, 1449.0, 1383.00, 1383.00, 6362 
34, 1465.0, 1385.34, 1385.34, 6476 
35, 1442.0, 1386.92, 1386.92, 6459 
36, 1213.0, 1382.22, 1382.22, 6309 
37, 1123.0, 1375.39, 1375.39, 6353 
38, 1339.0, 1374.46, 1374.46, 6657 
0, 621.0, 621.00, 621.00, 15850 
1, 1428.0, 1024.50, 1024.50, 6704 
2, 1229.0, 1092.67, 1092.67, 6596 
3, 1474.0, 1188.00, 1188.00, 6734 
4, 1515.0, 1253.40, 1253.40, 6663 
5, 1478.0, 1290.83, 1290.83, 6746 
6, 1230.0, 1282.14, 1282.14, 6871 
7, 1762.0, 1342.12, 1342.12, 6792 
8, 1472.0, 1356.56, 1356.56, 6673 
9, 1383.0, 1359.20, 1359.20, 6784 
10, 1434.0, 1366.00, 1366.00, 6704 
11, 1464.0, 1374.17, 1374.17, 6715 
12, 1465.0, 1381.15, 1381.15, 6722 
13, 1538.0, 1392.36, 1392.36, 6694 
14, 1286.0, 1385.27, 1385.27, 6655 
15, 1330.0, 1381.81, 1381.81, 6712 
16, 1330.0, 1378.76, 1378.76, 6690 
17, 1454.0, 1382.94, 1382.94, 6612 
18, 1363.0, 1381.89, 1381.89, 6906 
19, 1191.0, 1372.35, 1372.35, 7005 
20, 1711.0, 1388.48, 1388.48, 6831 
21, 1400.0, 1389.00, 1389.00, 7391 
22, 1503.0, 1393.96, 1393.96, 6997 
23, 1297.0, 1389.92, 1389.92, 6839 
24, 1650.0, 1400.32, 1400.32, 6744 
25, 1339.0, 1397.96, 1397.96, 6638 
26, 1134.0, 1388.19, 1388.19, 6916 
27, 1267.0, 1383.86, 1383.86, 6852 
28, 1335.0, 1382.17, 1382.17, 6859 
29, 1492.0, 1385.83, 1385.83, 7150 
30, 1087.0, 1376.19, 1376.19, 6768 
31, 1312.0, 1374.19, 1374.19, 7669 
32, 1359.0, 1373.73, 1373.73, 7165 
0, 501.0, 501.00, 501.00, 32709 
1, 801.0, 651.00, 651.00, 30653 
2, 1350.0, 884.00, 884.00, 13534 
3, 1633.0, 1071.25, 1071.25, 13593 
4, 1622.0, 1181.40, 1181.40, 13829 
5, 1227.0, 1189.00, 1189.00, 13534 
6, 1265.0, 1199.86, 1199.86, 13492 
7, 1701.0, 1262.50, 1262.50, 13543 
8, 1099.0, 1244.33, 1244.33, 13483 
9, 1250.0, 1244.90, 1244.90, 13380 
10, 1576.0, 1275.00, 1275.00, 13346 
11, 1603.0, 1302.33, 1302.33, 13404 
12, 1558.0, 1322.00, 1322.00, 13394 
0, 518.0, 518.00, 518.00, 28222 
1, 754.0, 636.00, 636.00, 29592 
2, 524.0, 598.67, 598.67, 29256 
3, 597.0, 598.25, 598.25, 28259 
0, 536.0, 536.00, 536.00, 28820 
1, 837.0, 686.50, 686.50, 33672 
2, 1679.0, 1017.33, 1017.33, 21175 
3, 1543.0, 1148.75, 1148.75, 21159 
4, 1551.0, 1229.20, 1229.20, 21220 
5, 1350.0, 1249.33, 1249.33, 21616 
6, 1552.0, 1292.57, 1292.57, 21598 
7, 1639.0, 1335.88, 1335.88, 21199 
8, 1568.0, 1361.67, 1361.67, 21165 
9, 1867.0, 1412.20, 1412.20, 20942 
10, 1267.0, 1399.00, 1399.00, 21221 
11, 1313.0, 1391.83, 1391.83, 21793 
12, 1497.0, 1399.92, 1399.92, 21093 
13, 1786.0, 1427.50, 1427.50, 21149 
14, 1481.0, 1431.07, 1431.07, 20933 
15, 1654.0, 1445.00, 1445.00, 20952 
16, 1548.0, 1451.06, 1451.06, 21057 
17, 1514.0, 1454.56, 1454.56, 20901 
18, 1159.0, 1439.00, 1439.00, 21027 
19, 1870.0, 1460.55, 1460.55, 20941 
20, 1390.0, 1457.19, 1457.19, 21510 
21, 1575.0, 1462.55, 1462.55, 21752 
22, 1351.0, 1457.70, 1457.70, 22778 
23, 1598.0, 1463.54, 1463.54, 22522 
24, 1278.0, 1456.12, 1456.12, 22398 
25, 1964.0, 1475.65, 1475.65, 21339 
26, 1543.0, 1478.15, 1478.15, 20740 
27, 1352.0, 1473.64, 1473.64, 19975 
28, 1655.0, 1479.90, 1479.90, 19773 
29, 1881.0, 1493.27, 1493.27, 19635 
30, 1249.0, 1485.39, 1485.39, 19793 
31, 1594.0, 1488.78, 1488.78, 19681 
32, 1260.0, 1481.85, 1481.85, 19754 
33, 1397.0, 1479.35, 1479.35, 19890 
34, 1445.0, 1478.37, 1478.37, 19848 
35, 1463.0, 1477.94, 1477.94, 19827 
36, 1598.0, 1481.19, 1481.19, 19570 
37, 1265.0, 1475.50, 1475.50, 19796 
38, 1976.0, 1488.33, 1488.33, 19603 
39, 1844.0, 1497.22, 1497.22, 19600 
40, 1552.0, 1498.56, 1498.56, 19838 
41, 1309.0, 1494.05, 1494.05, 19729 
42, 1382.0, 1491.44, 1491.44, 19813 
43, 1474.0, 1491.05, 1491.05, 19861 
44, 1584.0, 1493.11, 1493.11, 19928 
45, 1499.0, 1493.24, 1493.24, 20082 
46, 1391.0, 1491.06, 1491.06, 19609 
47, 1361.0, 1488.35, 1488.35, 20067 
48, 1532.0, 1489.24, 1489.24, 21304 
0, 1488.0, 1488.00, 1488.00, 1655464204222 
1, 1227.0, 1357.50, 1357.50, 34 
2, 1227.0, 1314.00, 1314.00, 26 
3, 1227.0, 1292.25, 1292.25, 25 
4, 1227.0, 1279.20, 1279.20, 20 
5, 1227.0, 1270.50, 1270.50, 26 
6, 1227.0, 1264.29, 1264.29, 26 
7, 1227.0, 1259.62, 1259.62, 25 
8, 1227.0, 1256.00, 1256.00, 22 
9, 1227.0, 1253.10, 1253.10, 24 
10, 1227.0, 1250.73, 1250.73, 20 
11, 1227.0, 1248.75, 1248.75, 32 
12, 1227.0, 1247.08, 1247.08, 25 
13, 1227.0, 1245.64, 1245.64, 20 
14, 1227.0, 1244.40, 1244.40, 19 
15, 1227.0, 1243.31, 1243.31, 17 
16, 1227.0, 1242.35, 1242.35, 14 
17, 1227.0, 1241.50, 1241.50, 15 
18, 1227.0, 1240.74, 1240.74, 14 
19, 1227.0, 1240.05, 1240.05, 15 
20, 1227.0, 1239.43, 1239.43, 15 
21, 1227.0, 1238.86, 1238.86, 17 
22, 1227.0, 1238.35, 1238.35, 15 
23, 1227.0, 1237.88, 1237.88, 14 
24, 1227.0, 1237.44, 1237.44, 14 
25, 1227.0, 1237.04, 1237.04, 15 
26, 1227.0, 1236.67, 1236.67, 13 
27, 1227.0, 1236.32, 1236.32, 16 
28, 1227.0, 1236.00, 1236.00, 17 
29, 1227.0, 1235.70, 1235.70, 15 
30, 1227.0, 1235.42, 1235.42, 13 
31, 1227.0, 1235.16, 1235.16, 12 
32, 1227.0, 1234.91, 1234.91, 10 
33, 1227.0, 1234.68, 1234.68, 12 
34, 1227.0, 1234.46, 1234.46, 14 
35, 1227.0, 1234.25, 1234.25, 16 
36, 1227.0, 1234.05, 1234.05, 13 
37, 1227.0, 1233.87, 1233.87, 11 
38, 1227.0, 1233.69, 1233.69, 14 
39, 1227.0, 1233.53, 1233.53, 13 
40, 1227.0, 1233.37, 1233.37, 11 
41, 1227.0, 1233.21, 1233.21, 14 
42, 1227.0, 1233.07, 1233.07, 12 
43, 1227.0, 1232.93, 1232.93, 12 
44, 1227.0, 1232.80, 1232.80, 11 
45, 1227.0, 1232.67, 1232.67, 10 
46, 1227.0, 1232.55, 1232.55, 11 
47, 1227.0, 1232.44, 1232.44, 12 
48, 1227.0, 1232.33, 1232.33, 12 
49, 1227.0, 1232.22, 1232.22, 11 
50, 1227.0, 1232.12, 1227.00, 10 
51, 1227.0, 1232.02, 1227.00, 12 
52, 1227.0, 1231.92, 1227.00, 12 
53, 1227.0, 1231.83, 1227.00, 12 
54, 1227.0, 1231.75, 1227.00, 15 
55, 1227.0, 1231.66, 1227.00, 14 
56, 1227.0, 1231.58, 1227.00, 14 
57, 1227.0, 1231.50, 1227.00, 11 
58, 1227.0, 1231.42, 1227.00, 12 
59, 1227.0, 1231.35, 1227.00, 11 
60, 1227.0, 1231.28, 1227.00, 12 
61, 1227.0, 1231.21, 1227.00, 11 
62, 1227.0, 1231.14, 1227.00, 11 
63, 1227.0, 1231.08, 1227.00, 11 
64, 1227.0, 1231.02, 1227.00, 11 
65, 1227.0, 1230.95, 1227.00, 13 
66, 1227.0, 1230.90, 1227.00, 11 
67, 1227.0, 1230.84, 1227.00, 13 
68, 1227.0, 1230.78, 1227.00, 13 
69, 1227.0, 1230.73, 1227.00, 12 
70, 1227.0, 1230.68, 1227.00, 10 
71, 1227.0, 1230.62, 1227.00, 12 
72, 1227.0, 1230.58, 1227.00, 14 
73, 1227.0, 1230.53, 1227.00, 11 
74, 1227.0, 1230.48, 1227.00, 13 
75, 1227.0, 1230.43, 1227.00, 16 
76, 1227.0, 1230.39, 1227.00, 12 
77, 1227.0, 1230.35, 1227.00, 12 
78, 1227.0, 1230.30, 1227.00, 11 
79, 1227.0, 1230.26, 1227.00, 14 
80, 1227.0, 1230.22, 1227.00, 10 
81, 1227.0, 1230.18, 1227.00, 13 
82, 1227.0, 1230.14, 1227.00, 12 
83, 1227.0, 1230.11, 1227.00, 14 
84, 1227.0, 1230.07, 1227.00, 11 
85, 1227.0, 1230.03, 1227.00, 17 
86, 1227.0, 1230.00, 1227.00, 11 
87, 1227.0, 1229.97, 1227.00, 12 
88, 1227.0, 1229.93, 1227.00, 15 
89, 1227.0, 1229.90, 1227.00, 10 
90, 1227.0, 1229.87, 1227.00, 12 
91, 1227.0, 1229.84, 1227.00, 12 
92, 1227.0, 1229.81, 1227.00, 13 
93, 1227.0, 1229.78, 1227.00, 11 
94, 1227.0, 1229.75, 1227.00, 13 
95, 1227.0, 1229.72, 1227.00, 13 
96, 1227.0, 1229.69, 1227.00, 12 
97, 1227.0, 1229.66, 1227.00, 11 
98, 1227.0, 1229.64, 1227.00, 11 
99, 1227.0, 1229.61, 1227.00, 11 
100, 1227.0, 1229.58, 1227.00, 11 
101, 1227.0, 1229.56, 1227.00, 12 
102, 1227.0, 1229.53, 1227.00, 12 
103, 1227.0, 1229.51, 1227.00, 14 
104, 1227.0, 1229.49, 1227.00, 10 
105, 1227.0, 1229.46, 1227.00, 13 
106, 1227.0, 1229.44, 1227.00, 12 
107, 1227.0, 1229.42, 1227.00, 12 
108, 1227.0, 1229.39, 1227.00, 12 
109, 1227.0, 1229.37, 1227.00, 12 
110, 1227.0, 1229.35, 1227.00, 13 
111, 1227.0, 1229.33, 1227.00, 12 
112, 1227.0, 1229.31, 1227.00, 11 
113, 1227.0, 1229.29, 1227.00, 11 
114, 1227.0, 1229.27, 1227.00, 11 
115, 1227.0, 1229.25, 1227.00, 12 
116, 1227.0, 1229.23, 1227.00, 13 
117, 1227.0, 1229.21, 1227.00, 15 
118, 1227.0, 1229.19, 1227.00, 12 
119, 1227.0, 1229.17, 1227.00, 12 
120, 1227.0, 1229.16, 1227.00, 15 
121, 1227.0, 1229.14, 1227.00, 13 
122, 1227.0, 1229.12, 1227.00, 11 
123, 1227.0, 1229.10, 1227.00, 14 
124, 1227.0, 1229.09, 1227.00, 11 
125, 1227.0, 1229.07, 1227.00, 10 
126, 1227.0, 1229.06, 1227.00, 12 
127, 1227.0, 1229.04, 1227.00, 11 
128, 1227.0, 1229.02, 1227.00, 10 
129, 1227.0, 1229.01, 1227.00, 14 
130, 1227.0, 1228.99, 1227.00, 11 
131, 1227.0, 1228.98, 1227.00, 11 
132, 1227.0, 1228.96, 1227.00, 14 
133, 1227.0, 1228.95, 1227.00, 12 
134, 1227.0, 1228.93, 1227.00, 12 
135, 1227.0, 1228.92, 1227.00, 11 
136, 1227.0, 1228.91, 1227.00, 10 
137, 1227.0, 1228.89, 1227.00, 12 
138, 1227.0, 1228.88, 1227.00, 12 
139, 1227.0, 1228.86, 1227.00, 13 
140, 1227.0, 1228.85, 1227.00, 13 
141, 1227.0, 1228.84, 1227.00, 11 
142, 1227.0, 1228.83, 1227.00, 14 
143, 1227.0, 1228.81, 1227.00, 13 
144, 1227.0, 1228.80, 1227.00, 13 
145, 1227.0, 1228.79, 1227.00, 11 
146, 1227.0, 1228.78, 1227.00, 14 
147, 1227.0, 1228.76, 1227.00, 13 
148, 1227.0, 1228.75, 1227.00, 13 
149, 1227.0, 1228.74, 1227.00, 12 
150, 1227.0, 1228.73, 1227.00, 13 
151, 1227.0, 1228.72, 1227.00, 14 
152, 1227.0, 1228.71, 1227.00, 15 
153, 1227.0, 1228.69, 1227.00, 10 
154, 1227.0, 1228.68, 1227.00, 12 
155, 1227.0, 1228.67, 1227.00, 11 
156, 1227.0, 1228.66, 1227.00, 12 
157, 1227.0, 1228.65, 1227.00, 11 
158, 1227.0, 1228.64, 1227.00, 11 
159, 1227.0, 1228.63, 1227.00, 11 
160, 1227.0, 1228.62, 1227.00, 13 
161, 1227.0, 1228.61, 1227.00, 12 
162, 1227.0, 1228.60, 1227.00, 10 
163, 1227.0, 1228.59, 1227.00, 13 
164, 1227.0, 1228.58, 1227.00, 12 
165, 1227.0, 1228.57, 1227.00, 11 
166, 1227.0, 1228.56, 1227.00, 14 
167, 1227.0, 1228.55, 1227.00, 14 
168, 1227.0, 1228.54, 1227.00, 12 
169, 1227.0, 1228.54, 1227.00, 16 
170, 1227.0, 1228.53, 1227.00, 10 
171, 1227.0, 1228.52, 1227.00, 15 
172, 1227.0, 1228.51, 1227.00, 9 
173, 1227.0, 1228.50, 1227.00, 12 
174, 1227.0, 1228.49, 1227.00, 16 
175, 1227.0, 1228.48, 1227.00, 12 
176, 1227.0, 1228.47, 1227.00, 12 
177, 1227.0, 1228.47, 1227.00, 14 
178, 1227.0, 1228.46, 1227.00, 15 
179, 1227.0, 1228.45, 1227.00, 11 
180, 1227.0, 1228.44, 1227.00, 12 
181, 1227.0, 1228.43, 1227.00, 13 
182, 1227.0, 1228.43, 1227.00, 11 
183, 1227.0, 1228.42, 1227.00, 12 
184, 1227.0, 1228.41, 1227.00, 10 
185, 1227.0, 1228.40, 1227.00, 14 
186, 1227.0, 1228.40, 1227.00, 13 
187, 1227.0, 1228.39, 1227.00, 12 
188, 1227.0, 1228.38, 1227.00, 12 
189, 1227.0, 1228.37, 1227.00, 12 
190, 1227.0, 1228.37, 1227.00, 11 
191, 1227.0, 1228.36, 1227.00, 16 
192, 1227.0, 1228.35, 1227.00, 11 
193, 1227.0, 1228.35, 1227.00, 10 
194, 1227.0, 1228.34, 1227.00, 12 
195, 1227.0, 1228.33, 1227.00, 14 
196, 1227.0, 1228.32, 1227.00, 11 
197, 1227.0, 1228.32, 1227.00, 9 
198, 1227.0, 1228.31, 1227.00, 11 
199, 1227.0, 1228.31, 1227.00, 11 
200, 1227.0, 1228.30, 1227.00, 10 
201, 1227.0, 1228.29, 1227.00, 11 
202, 1227.0, 1228.29, 1227.00, 12 
203, 1227.0, 1228.28, 1227.00, 10 
204, 1227.0, 1228.27, 1227.00, 11 
205, 1227.0, 1228.27, 1227.00, 10 
206, 1227.0, 1228.26, 1227.00, 11 
207, 1227.0, 1228.25, 1227.00, 11 
208, 1227.0, 1228.25, 1227.00, 12 
209, 1227.0, 1228.24, 1227.00, 14 
210, 1227.0, 1228.24, 1227.00, 11 
211, 1227.0, 1228.23, 1227.00, 9 
212, 1227.0, 1228.23, 1227.00, 11 
213, 1227.0, 1228.22, 1227.00, 14 
214, 1227.0, 1228.21, 1227.00, 12 
215, 1227.0, 1228.21, 1227.00, 11 
216, 1227.0, 1228.20, 1227.00, 13 
217, 1227.0, 1228.20, 1227.00, 11 
218, 1227.0, 1228.19, 1227.00, 10 
219, 1227.0, 1228.19, 1227.00, 9 
220, 1227.0, 1228.18, 1227.00, 13 
221, 1227.0, 1228.18, 1227.00, 12 
222, 1227.0, 1228.17, 1227.00, 12 
223, 1227.0, 1228.17, 1227.00, 12 
224, 1227.0, 1228.16, 1227.00, 16 
225, 1227.0, 1228.15, 1227.00, 11 
226, 1227.0, 1228.15, 1227.00, 13 
227, 1227.0, 1228.14, 1227.00, 10 
228, 1227.0, 1228.14, 1227.00, 12 
229, 1227.0, 1228.13, 1227.00, 9 
230, 1227.0, 1228.13, 1227.00, 14 
231, 1227.0, 1228.12, 1227.00, 13 
232, 1227.0, 1228.12, 1227.00, 12 
233, 1227.0, 1228.12, 1227.00, 12 
234, 1227.0, 1228.11, 1227.00, 14 
235, 1227.0, 1228.11, 1227.00, 10 
236, 1227.0, 1228.10, 1227.00, 12 
237, 1227.0, 1228.10, 1227.00, 13 
238, 1227.0, 1228.09, 1227.00, 12 
239, 1227.0, 1228.09, 1227.00, 12 
240, 1227.0, 1228.08, 1227.00, 13 
241, 1227.0, 1228.08, 1227.00, 11 
242, 1227.0, 1228.07, 1227.00, 10 
243, 1227.0, 1228.07, 1227.00, 14 
244, 1227.0, 1228.07, 1227.00, 13 
245, 1227.0, 1228.06, 1227.00, 12 
246, 1227.0, 1228.06, 1227.00, 12 
247, 1227.0, 1228.05, 1227.00, 15 
248, 1227.0, 1228.05, 1227.00, 13 
249, 1227.0, 1228.04, 1227.00, 11 
250, 1227.0, 1228.04, 1227.00, 12 
251, 1227.0, 1228.04, 1227.00, 12 
252, 1227.0, 1228.03, 1227.00, 14 
253, 1227.0, 1228.03, 1227.00, 11 
254, 1227.0, 1228.02, 1227.00, 12 
255, 1227.0, 1228.02, 1227.00, 12 
256, 1227.0, 1228.02, 1227.00, 11 
257, 1227.0, 1228.01, 1227.00, 15 
258, 1227.0, 1228.01, 1227.00, 13 
259, 1227.0, 1228.00, 1227.00, 10 
260, 1227.0, 1228.00, 1227.00, 11 
261, 1227.0, 1228.00, 1227.00, 12 
262, 1227.0, 1227.99, 1227.00, 10 
263, 1227.0, 1227.99, 1227.00, 11 
264, 1227.0, 1227.98, 1227.00, 11 
265, 1227.0, 1227.98, 1227.00, 10 
266, 1227.0, 1227.98, 1227.00, 12 
267, 1227.0, 1227.97, 1227.00, 10 
268, 1227.0, 1227.97, 1227.00, 13 
269, 1227.0, 1227.97, 1227.00, 11 
270, 1227.0, 1227.96, 1227.00, 11 
271, 1227.0, 1227.96, 1227.00, 11 
272, 1227.0, 1227.96, 1227.00, 12 
273, 1227.0, 1227.95, 1227.00, 12 
274, 1227.0, 1227.95, 1227.00, 10 
275, 1227.0, 1227.95, 1227.00, 10 
276, 1227.0, 1227.94, 1227.00, 11 
277, 1227.0, 1227.94, 1227.00, 11 
278, 1227.0, 1227.94, 1227.00, 11 
279, 1227.0, 1227.93, 1227.00, 10 
280, 1227.0, 1227.93, 1227.00, 10 
281, 1227.0, 1227.93, 1227.00, 10 
282, 1227.0, 1227.92, 1227.00, 10 
283, 1227.0, 1227.92, 1227.00, 10 
284, 1227.0, 1227.92, 1227.00, 9 
285, 1227.0, 1227.91, 1227.00, 12 
286, 1227.0, 1227.91, 1227.00, 11 
287, 1227.0, 1227.91, 1227.00, 11 
288, 1227.0, 1227.90, 1227.00, 10 
289, 1227.0, 1227.90, 1227.00, 11 
290, 1227.0, 1227.90, 1227.00, 12 
291, 1227.0, 1227.89, 1227.00, 10 
292, 1227.0, 1227.89, 1227.00, 10 
293, 1227.0, 1227.89, 1227.00, 12 
294, 1227.0, 1227.88, 1227.00, 12 
295, 1227.0, 1227.88, 1227.00, 14 
296, 1227.0, 1227.88, 1227.00, 11 
297, 1227.0, 1227.88, 1227.00, 9 
298, 1227.0, 1227.87, 1227.00, 14 
299, 1227.0, 1227.87, 1227.00, 10 
300, 1227.0, 1227.87, 1227.00, 12 
301, 1227.0, 1227.86, 1227.00, 9 
302, 1227.0, 1227.86, 1227.00, 11 
303, 1227.0, 1227.86, 1227.00, 14 
304, 1227.0, 1227.86, 1227.00, 10 
305, 1227.0, 1227.85, 1227.00, 15 
306, 1227.0, 1227.85, 1227.00, 9 
307, 1227.0, 1227.85, 1227.00, 13 
308, 1227.0, 1227.84, 1227.00, 15 
309, 1227.0, 1227.84, 1227.00, 12 
310, 1227.0, 1227.84, 1227.00, 9 
311, 1227.0, 1227.84, 1227.00, 11 
312, 1227.0, 1227.83, 1227.00, 10 
313, 1227.0, 1227.83, 1227.00, 11 
314, 1227.0, 1227.83, 1227.00, 12 
315, 1227.0, 1227.83, 1227.00, 9 
316, 1227.0, 1227.82, 1227.00, 9 
317, 1227.0, 1227.82, 1227.00, 11 
318, 1227.0, 1227.82, 1227.00, 9 
319, 1227.0, 1227.82, 1227.00, 8 
320, 1227.0, 1227.81, 1227.00, 10 
321, 1227.0, 1227.81, 1227.00, 9 
322, 1227.0, 1227.81, 1227.00, 10 
323, 1227.0, 1227.81, 1227.00, 10 
324, 1227.0, 1227.80, 1227.00, 10 
325, 1227.0, 1227.80, 1227.00, 11 
326, 1227.0, 1227.80, 1227.00, 10 
327, 1227.0, 1227.80, 1227.00, 13 
328, 1227.0, 1227.79, 1227.00, 10 
329, 1227.0, 1227.79, 1227.00, 12 
330, 1227.0, 1227.79, 1227.00, 15 
331, 1227.0, 1227.79, 1227.00, 19 
332, 1227.0, 1227.78, 1227.00, 11 
333, 1227.0, 1227.78, 1227.00, 11 
334, 1227.0, 1227.78, 1227.00, 13 
335, 1227.0, 1227.78, 1227.00, 16 
336, 1227.0, 1227.77, 1227.00, 10 
337, 1227.0, 1227.77, 1227.00, 16 
338, 1227.0, 1227.77, 1227.00, 13 
339, 1227.0, 1227.77, 1227.00, 14 
340, 1227.0, 1227.77, 1227.00, 11 
341, 1227.0, 1227.76, 1227.00, 12 
0, 1391.0, 1391.00, 1391.00, 1655464662302 
1, 1227.0, 1309.00, 1309.00, 29 
2, 1227.0, 1281.67, 1281.67, 16 
3, 1227.0, 1268.00, 1268.00, 15 
4, 1227.0, 1259.80, 1259.80, 15 
5, 1227.0, 1254.33, 1254.33, 16 
6, 1227.0, 1250.43, 1250.43, 18 
7, 1227.0, 1247.50, 1247.50, 21 
8, 1227.0, 1245.22, 1245.22, 19 
9, 1227.0, 1243.40, 1243.40, 17 
10, 1227.0, 1241.91, 1241.91, 18 
11, 1227.0, 1240.67, 1240.67, 20 
12, 1227.0, 1239.62, 1239.62, 19 
13, 1227.0, 1238.71, 1238.71, 18 
14, 1227.0, 1237.93, 1237.93, 15 
15, 1227.0, 1237.25, 1237.25, 14 
16, 1227.0, 1236.65, 1236.65, 14 
17, 1227.0, 1236.11, 1236.11, 14 
18, 1227.0, 1235.63, 1235.63, 17 
19, 1227.0, 1235.20, 1235.20, 13 
20, 1227.0, 1234.81, 1234.81, 15 
21, 1227.0, 1234.45, 1234.45, 13 
22, 1227.0, 1234.13, 1234.13, 13 
23, 1227.0, 1233.83, 1233.83, 13 
24, 1227.0, 1233.56, 1233.56, 13 
25, 1227.0, 1233.31, 1233.31, 13 
26, 1227.0, 1233.07, 1233.07, 13 
27, 1227.0, 1232.86, 1232.86, 13 
28, 1227.0, 1232.66, 1232.66, 13 
29, 1227.0, 1232.47, 1232.47, 11 
30, 1227.0, 1232.29, 1232.29, 12 
31, 1227.0, 1232.12, 1232.12, 11 
32, 1227.0, 1231.97, 1231.97, 11 
33, 1227.0, 1231.82, 1231.82, 10 
34, 1227.0, 1231.69, 1231.69, 12 
35, 1227.0, 1231.56, 1231.56, 11 
36, 1227.0, 1231.43, 1231.43, 12 
37, 1227.0, 1231.32, 1231.32, 12 
38, 1227.0, 1231.21, 1231.21, 12 
39, 1227.0, 1231.10, 1231.10, 11 
40, 1227.0, 1231.00, 1231.00, 11 
41, 1227.0, 1230.90, 1230.90, 10 
42, 1227.0, 1230.81, 1230.81, 10 
43, 1227.0, 1230.73, 1230.73, 13 
44, 1227.0, 1230.64, 1230.64, 21 
45, 1227.0, 1230.57, 1230.57, 11 
46, 1227.0, 1230.49, 1230.49, 14 
47, 1227.0, 1230.42, 1230.42, 10 
48, 1227.0, 1230.35, 1230.35, 11 
49, 1227.0, 1230.28, 1230.28, 11 
50, 1227.0, 1230.22, 1227.00, 11 
51, 1227.0, 1230.15, 1227.00, 11 
52, 1227.0, 1230.09, 1227.00, 14 
53, 1227.0, 1230.04, 1227.00, 13 
54, 1227.0, 1229.98, 1227.00, 16 
55, 1227.0, 1229.93, 1227.00, 11 
56, 1227.0, 1229.88, 1227.00, 11 
57, 1227.0, 1229.83, 1227.00, 11 
58, 1227.0, 1229.78, 1227.00, 12 
59, 1227.0, 1229.73, 1227.00, 10 
60, 1227.0, 1229.69, 1227.00, 13 
61, 1227.0, 1229.65, 1227.00, 10 
62, 1227.0, 1229.60, 1227.00, 11 
63, 1227.0, 1229.56, 1227.00, 11 
64, 1227.0, 1229.52, 1227.00, 16 
65, 1227.0, 1229.48, 1227.00, 12 
66, 1227.0, 1229.45, 1227.00, 11 
67, 1227.0, 1229.41, 1227.00, 10 
68, 1227.0, 1229.38, 1227.00, 11 
69, 1227.0, 1229.34, 1227.00, 11 
70, 1227.0, 1229.31, 1227.00, 10 
71, 1227.0, 1229.28, 1227.00, 12 
72, 1227.0, 1229.25, 1227.00, 12 
73, 1227.0, 1229.22, 1227.00, 11 
74, 1227.0, 1229.19, 1227.00, 13 
75, 1227.0, 1229.16, 1227.00, 10 
76, 1227.0, 1229.13, 1227.00, 11 
77, 1227.0, 1229.10, 1227.00, 10 
78, 1227.0, 1229.08, 1227.00, 12 
79, 1227.0, 1229.05, 1227.00, 13 
80, 1227.0, 1229.02, 1227.00, 14 
81, 1227.0, 1229.00, 1227.00, 10 
82, 1227.0, 1228.98, 1227.00, 16 
83, 1227.0, 1228.95, 1227.00, 13 
84, 1227.0, 1228.93, 1227.00, 13 
85, 1227.0, 1228.91, 1227.00, 14 
86, 1227.0, 1228.89, 1227.00, 13 
87, 1227.0, 1228.86, 1227.00, 14 
88, 1227.0, 1228.84, 1227.00, 14 
89, 1227.0, 1228.82, 1227.00, 15 
90, 1227.0, 1228.80, 1227.00, 11 
91, 1227.0, 1228.78, 1227.00, 18 
92, 1227.0, 1228.76, 1227.00, 15 
93, 1227.0, 1228.74, 1227.00, 13 
94, 1227.0, 1228.73, 1227.00, 14 
95, 1227.0, 1228.71, 1227.00, 12 
96, 1227.0, 1228.69, 1227.00, 14 
97, 1227.0, 1228.67, 1227.00, 13 
98, 1227.0, 1228.66, 1227.00, 12 
99, 1227.0, 1228.64, 1227.00, 13 
100, 1227.0, 1228.62, 1227.00, 15 
101, 1227.0, 1228.61, 1227.00, 13 
102, 1227.0, 1228.59, 1227.00, 16 
103, 1227.0, 1228.58, 1227.00, 10 
104, 1227.0, 1228.56, 1227.00, 15 
105, 1227.0, 1228.55, 1227.00, 13 
106, 1227.0, 1228.53, 1227.00, 13 
107, 1227.0, 1228.52, 1227.00, 11 
108, 1227.0, 1228.50, 1227.00, 10 
109, 1227.0, 1228.49, 1227.00, 12 
110, 1227.0, 1228.48, 1227.00, 11 
111, 1227.0, 1228.46, 1227.00, 13 
112, 1227.0, 1228.45, 1227.00, 17 
113, 1227.0, 1228.44, 1227.00, 12 
114, 1227.0, 1228.43, 1227.00, 15 
115, 1227.0, 1228.41, 1227.00, 12 
116, 1227.0, 1228.40, 1227.00, 12 
117, 1227.0, 1228.39, 1227.00, 14 
118, 1227.0, 1228.38, 1227.00, 13 
119, 1227.0, 1228.37, 1227.00, 11 
120, 1227.0, 1228.36, 1227.00, 15 
121, 1227.0, 1228.34, 1227.00, 15 
122, 1227.0, 1228.33, 1227.00, 15 
123, 1227.0, 1228.32, 1227.00, 15 
124, 1227.0, 1228.31, 1227.00, 12 
125, 1227.0, 1228.30, 1227.00, 14 
126, 1227.0, 1228.29, 1227.00, 13 
127, 1227.0, 1228.28, 1227.00, 10 
128, 1227.0, 1228.27, 1227.00, 12 
129, 1227.0, 1228.26, 1227.00, 11 
130, 1227.0, 1228.25, 1227.00, 15 
131, 1227.0, 1228.24, 1227.00, 13 
132, 1227.0, 1228.23, 1227.00, 9 
133, 1227.0, 1228.22, 1227.00, 10 
134, 1227.0, 1228.21, 1227.00, 15 
135, 1227.0, 1228.21, 1227.00, 11 
136, 1227.0, 1228.20, 1227.00, 17 
137, 1227.0, 1228.19, 1227.00, 12 
138, 1227.0, 1228.18, 1227.00, 12 
139, 1227.0, 1228.17, 1227.00, 12 
140, 1227.0, 1228.16, 1227.00, 13 
141, 1227.0, 1228.15, 1227.00, 14 
142, 1227.0, 1228.15, 1227.00, 14 
143, 1227.0, 1228.14, 1227.00, 11 
144, 1227.0, 1228.13, 1227.00, 14 
145, 1227.0, 1228.12, 1227.00, 15 
146, 1227.0, 1228.12, 1227.00, 11 
147, 1227.0, 1228.11, 1227.00, 14 
148, 1227.0, 1228.10, 1227.00, 13 
149, 1227.0, 1228.09, 1227.00, 10 
150, 1227.0, 1228.09, 1227.00, 13 
151, 1227.0, 1228.08, 1227.00, 14 
152, 1227.0, 1228.07, 1227.00, 13 
153, 1227.0, 1228.06, 1227.00, 11 
154, 1227.0, 1228.06, 1227.00, 10 
155, 1227.0, 1228.05, 1227.00, 12 
156, 1227.0, 1228.04, 1227.00, 11 
157, 1227.0, 1228.04, 1227.00, 14 
158, 1227.0, 1228.03, 1227.00, 11 
159, 1227.0, 1228.03, 1227.00, 15 
160, 1227.0, 1228.02, 1227.00, 12 
161, 1227.0, 1228.01, 1227.00, 10 
162, 1227.0, 1228.01, 1227.00, 10 
163, 1227.0, 1228.00, 1227.00, 12 
164, 1227.0, 1227.99, 1227.00, 14 
165, 1227.0, 1227.99, 1227.00, 11 
166, 1227.0, 1227.98, 1227.00, 12 
167, 1227.0, 1227.98, 1227.00, 15 
168, 1227.0, 1227.97, 1227.00, 11 
169, 1227.0, 1227.96, 1227.00, 13 
170, 1227.0, 1227.96, 1227.00, 12 
171, 1227.0, 1227.95, 1227.00, 16 
172, 1227.0, 1227.95, 1227.00, 10 
173, 1227.0, 1227.94, 1227.00, 16 
174, 1227.0, 1227.94, 1227.00, 13 
175, 1227.0, 1227.93, 1227.00, 15 
176, 1227.0, 1227.93, 1227.00, 13 
177, 1227.0, 1227.92, 1227.00, 13 
178, 1227.0, 1227.92, 1227.00, 12 
179, 1227.0, 1227.91, 1227.00, 11 
180, 1227.0, 1227.91, 1227.00, 11 
181, 1227.0, 1227.90, 1227.00, 10 
182, 1227.0, 1227.90, 1227.00, 10 
183, 1227.0, 1227.89, 1227.00, 10 
184, 1227.0, 1227.89, 1227.00, 10 
185, 1227.0, 1227.88, 1227.00, 11 
186, 1227.0, 1227.88, 1227.00, 10 
187, 1227.0, 1227.87, 1227.00, 10 
188, 1227.0, 1227.87, 1227.00, 10 
189, 1227.0, 1227.86, 1227.00, 10 
190, 1227.0, 1227.86, 1227.00, 10 
191, 1227.0, 1227.85, 1227.00, 9 
192, 1227.0, 1227.85, 1227.00, 13 
193, 1227.0, 1227.85, 1227.00, 10 
194, 1227.0, 1227.84, 1227.00, 10 
195, 1227.0, 1227.84, 1227.00, 10 
196, 1227.0, 1227.83, 1227.00, 11 
197, 1227.0, 1227.83, 1227.00, 12 
198, 1227.0, 1227.82, 1227.00, 13 
199, 1227.0, 1227.82, 1227.00, 10 
200, 1227.0, 1227.82, 1227.00, 11 
201, 1227.0, 1227.81, 1227.00, 12 
202, 1227.0, 1227.81, 1227.00, 12 
203, 1227.0, 1227.80, 1227.00, 11 
204, 1227.0, 1227.80, 1227.00, 10 
205, 1227.0, 1227.80, 1227.00, 11 
206, 1227.0, 1227.79, 1227.00, 13 
207, 1227.0, 1227.79, 1227.00, 9 
208, 1227.0, 1227.78, 1227.00, 10 
209, 1227.0, 1227.78, 1227.00, 10 
210, 1227.0, 1227.78, 1227.00, 9 
211, 1227.0, 1227.77, 1227.00, 10 
212, 1227.0, 1227.77, 1227.00, 10 
213, 1227.0, 1227.77, 1227.00, 11 
214, 1227.0, 1227.76, 1227.00, 9 
215, 1227.0, 1227.76, 1227.00, 14 
216, 1227.0, 1227.76, 1227.00, 13 
217, 1227.0, 1227.75, 1227.00, 11 
218, 1227.0, 1227.75, 1227.00, 11 
0, 1551.0, 1551.00, 1551.00, 1655464803105 
1, 1227.0, 1389.00, 1389.00, 32 
2, 1227.0, 1335.00, 1335.00, 17 
3, 1227.0, 1308.00, 1308.00, 18 
4, 1227.0, 1291.80, 1291.80, 16 
5, 1227.0, 1281.00, 1281.00, 18 
6, 1227.0, 1273.29, 1273.29, 21 
7, 1227.0, 1267.50, 1267.50, 17 
8, 1227.0, 1263.00, 1263.00, 20 
9, 1227.0, 1259.40, 1259.40, 20 
10, 1227.0, 1256.45, 1256.45, 23 
11, 1227.0, 1254.00, 1254.00, 20 
12, 1227.0, 1251.92, 1251.92, 17 
13, 1227.0, 1250.14, 1250.14, 17 
14, 1227.0, 1248.60, 1248.60, 19 
15, 1227.0, 1247.25, 1247.25, 16 
16, 1227.0, 1246.06, 1246.06, 18 
17, 1227.0, 1245.00, 1245.00, 17 
18, 1227.0, 1244.05, 1244.05, 14 
19, 1227.0, 1243.20, 1243.20, 15 
20, 1227.0, 1242.43, 1242.43, 14 
21, 1227.0, 1241.73, 1241.73, 15 
22, 1227.0, 1241.09, 1241.09, 17 
23, 1227.0, 1240.50, 1240.50, 14 
24, 1227.0, 1239.96, 1239.96, 15 
25, 1227.0, 1239.46, 1239.46, 15 
26, 1227.0, 1239.00, 1239.00, 14 
27, 1227.0, 1238.57, 1238.57, 17 
28, 1227.0, 1238.17, 1238.17, 13 
29, 1227.0, 1237.80, 1237.80, 11 
30, 1227.0, 1237.45, 1237.45, 14 
31, 1227.0, 1237.12, 1237.12, 12 
32, 1227.0, 1236.82, 1236.82, 12 
33, 1227.0, 1236.53, 1236.53, 13 
34, 1227.0, 1236.26, 1236.26, 15 
35, 1227.0, 1236.00, 1236.00, 14 
36, 1227.0, 1235.76, 1235.76, 13 
37, 1227.0, 1235.53, 1235.53, 13 
38, 1227.0, 1235.31, 1235.31, 12 
39, 1227.0, 1235.10, 1235.10, 12 
40, 1227.0, 1234.90, 1234.90, 14 
41, 1227.0, 1234.71, 1234.71, 13 
42, 1227.0, 1234.53, 1234.53, 12 
43, 1227.0, 1234.36, 1234.36, 11 
44, 1227.0, 1234.20, 1234.20, 11 
45, 1227.0, 1234.04, 1234.04, 11 
46, 1227.0, 1233.89, 1233.89, 11 
47, 1227.0, 1233.75, 1233.75, 12 
48, 1227.0, 1233.61, 1233.61, 12 
49, 1227.0, 1233.48, 1233.48, 12 
50, 1227.0, 1233.35, 1227.00, 11 
51, 1227.0, 1233.23, 1227.00, 12 
52, 1227.0, 1233.11, 1227.00, 13 
53, 1227.0, 1233.00, 1227.00, 13 
54, 1227.0, 1232.89, 1227.00, 17 
55, 1227.0, 1232.79, 1227.00, 15 
56, 1227.0, 1232.68, 1227.00, 13 
57, 1227.0, 1232.59, 1227.00, 12 
58, 1227.0, 1232.49, 1227.00, 14 
59, 1227.0, 1232.40, 1227.00, 13 
60, 1227.0, 1232.31, 1227.00, 11 
61, 1227.0, 1232.23, 1227.00, 11 
62, 1227.0, 1232.14, 1227.00, 11 
63, 1227.0, 1232.06, 1227.00, 11 
64, 1227.0, 1231.98, 1227.00, 12 
65, 1227.0, 1231.91, 1227.00, 11 
66, 1227.0, 1231.84, 1227.00, 11 
67, 1227.0, 1231.76, 1227.00, 16 
68, 1227.0, 1231.70, 1227.00, 15 
69, 1227.0, 1231.63, 1227.00, 12 
70, 1227.0, 1231.56, 1227.00, 15 
71, 1227.0, 1231.50, 1227.00, 11 
72, 1227.0, 1231.44, 1227.00, 14 
73, 1227.0, 1231.38, 1227.00, 16 
74, 1227.0, 1231.32, 1227.00, 14 
75, 1227.0, 1231.26, 1227.00, 12 
76, 1227.0, 1231.21, 1227.00, 14 
77, 1227.0, 1231.15, 1227.00, 15 
78, 1227.0, 1231.10, 1227.00, 14 
79, 1227.0, 1231.05, 1227.00, 17 
80, 1227.0, 1231.00, 1227.00, 15 
81, 1227.0, 1230.95, 1227.00, 14 
82, 1227.0, 1230.90, 1227.00, 12 
83, 1227.0, 1230.86, 1227.00, 14 
84, 1227.0, 1230.81, 1227.00, 15 
85, 1227.0, 1230.77, 1227.00, 13 
86, 1227.0, 1230.72, 1227.00, 11 
87, 1227.0, 1230.68, 1227.00, 11 
88, 1227.0, 1230.64, 1227.00, 12 
89, 1227.0, 1230.60, 1227.00, 12 
90, 1227.0, 1230.56, 1227.00, 15 
91, 1227.0, 1230.52, 1227.00, 12 
92, 1227.0, 1230.48, 1227.00, 12 
93, 1227.0, 1230.45, 1227.00, 14 
94, 1227.0, 1230.41, 1227.00, 11 
95, 1227.0, 1230.38, 1227.00, 11 
96, 1227.0, 1230.34, 1227.00, 12 
97, 1227.0, 1230.31, 1227.00, 12 
98, 1227.0, 1230.27, 1227.00, 12 
99, 1227.0, 1230.24, 1227.00, 14 
100, 1227.0, 1230.21, 1227.00, 12 
101, 1227.0, 1230.18, 1227.00, 14 
102, 1227.0, 1230.15, 1227.00, 15 
103, 1227.0, 1230.12, 1227.00, 11 
104, 1227.0, 1230.09, 1227.00, 11 
105, 1227.0, 1230.06, 1227.00, 12 
106, 1227.0, 1230.03, 1227.00, 12 
107, 1227.0, 1230.00, 1227.00, 12 
108, 1227.0, 1229.97, 1227.00, 13 
109, 1227.0, 1229.95, 1227.00, 12 
110, 1227.0, 1229.92, 1227.00, 12 
111, 1227.0, 1229.89, 1227.00, 12 
112, 1227.0, 1229.87, 1227.00, 13 
113, 1227.0, 1229.84, 1227.00, 12 
114, 1227.0, 1229.82, 1227.00, 11 
115, 1227.0, 1229.79, 1227.00, 13 
116, 1227.0, 1229.77, 1227.00, 15 
117, 1227.0, 1229.75, 1227.00, 15 
118, 1227.0, 1229.72, 1227.00, 11 
119, 1227.0, 1229.70, 1227.00, 12 
120, 1227.0, 1229.68, 1227.00, 12 
121, 1227.0, 1229.66, 1227.00, 13 
122, 1227.0, 1229.63, 1227.00, 13 
123, 1227.0, 1229.61, 1227.00, 13 
124, 1227.0, 1229.59, 1227.00, 18 
125, 1227.0, 1229.57, 1227.00, 12 
126, 1227.0, 1229.55, 1227.00, 16 
127, 1227.0, 1229.53, 1227.00, 12 
128, 1227.0, 1229.51, 1227.00, 14 
129, 1227.0, 1229.49, 1227.00, 10 
130, 1227.0, 1229.47, 1227.00, 19 
131, 1227.0, 1229.45, 1227.00, 12 
132, 1227.0, 1229.44, 1227.00, 12 
133, 1227.0, 1229.42, 1227.00, 11 
134, 1227.0, 1229.40, 1227.00, 13 
135, 1227.0, 1229.38, 1227.00, 14 
136, 1227.0, 1229.36, 1227.00, 14 
137, 1227.0, 1229.35, 1227.00, 13 
138, 1227.0, 1229.33, 1227.00, 11 
139, 1227.0, 1229.31, 1227.00, 12 
140, 1227.0, 1229.30, 1227.00, 13 
141, 1227.0, 1229.28, 1227.00, 12 
142, 1227.0, 1229.27, 1227.00, 13 
143, 1227.0, 1229.25, 1227.00, 12 
144, 1227.0, 1229.23, 1227.00, 16 
145, 1227.0, 1229.22, 1227.00, 13 
146, 1227.0, 1229.20, 1227.00, 13 
147, 1227.0, 1229.19, 1227.00, 14 
148, 1227.0, 1229.17, 1227.00, 13 
149, 1227.0, 1229.16, 1227.00, 11 
150, 1227.0, 1229.15, 1227.00, 13 
151, 1227.0, 1229.13, 1227.00, 12 
152, 1227.0, 1229.12, 1227.00, 13 
153, 1227.0, 1229.10, 1227.00, 14 
154, 1227.0, 1229.09, 1227.00, 11 
155, 1227.0, 1229.08, 1227.00, 10 
156, 1227.0, 1229.06, 1227.00, 12 
157, 1227.0, 1229.05, 1227.00, 12 
158, 1227.0, 1229.04, 1227.00, 11 
159, 1227.0, 1229.03, 1227.00, 11 
160, 1227.0, 1229.01, 1227.00, 10 
161, 1227.0, 1229.00, 1227.00, 12 
162, 1227.0, 1228.99, 1227.00, 13 
163, 1227.0, 1228.98, 1227.00, 11 
164, 1227.0, 1228.96, 1227.00, 11 
165, 1227.0, 1228.95, 1227.00, 10 
166, 1227.0, 1228.94, 1227.00, 12 
167, 1227.0, 1228.93, 1227.00, 11 
168, 1227.0, 1228.92, 1227.00, 16 
169, 1227.0, 1228.91, 1227.00, 13 
170, 1227.0, 1228.89, 1227.00, 14 
171, 1227.0, 1228.88, 1227.00, 17 
0, 1602.0, 1602.00, 1602.00, 1655464886723 
1, 1227.0, 1414.50, 1414.50, 35 
2, 1227.0, 1352.00, 1352.00, 20 
3, 1227.0, 1320.75, 1320.75, 29 
4, 1227.0, 1302.00, 1302.00, 26 
5, 1227.0, 1289.50, 1289.50, 22 
6, 1227.0, 1280.57, 1280.57, 26 
7, 1227.0, 1273.88, 1273.88, 28 
8, 1227.0, 1268.67, 1268.67, 26 
9, 1227.0, 1264.50, 1264.50, 30 
10, 1227.0, 1261.09, 1261.09, 22 
11, 1227.0, 1258.25, 1258.25, 24 
12, 1227.0, 1255.85, 1255.85, 23 
13, 1227.0, 1253.79, 1253.79, 22 
14, 1227.0, 1252.00, 1252.00, 21 
15, 1227.0, 1250.44, 1250.44, 24 
16, 1227.0, 1249.06, 1249.06, 17 
17, 1227.0, 1247.83, 1247.83, 14 
18, 1227.0, 1246.74, 1246.74, 15 
19, 1227.0, 1245.75, 1245.75, 16 
20, 1227.0, 1244.86, 1244.86, 14 
21, 1227.0, 1244.05, 1244.05, 17 
22, 1227.0, 1243.30, 1243.30, 19 
23, 1227.0, 1242.62, 1242.62, 25 
24, 1227.0, 1242.00, 1242.00, 16 
25, 1227.0, 1241.42, 1241.42, 16 
26, 1227.0, 1240.89, 1240.89, 14 
27, 1227.0, 1240.39, 1240.39, 14 
28, 1227.0, 1239.93, 1239.93, 13 
29, 1227.0, 1239.50, 1239.50, 14 
30, 1227.0, 1239.10, 1239.10, 14 
31, 1227.0, 1238.72, 1238.72, 13 
32, 1227.0, 1238.36, 1238.36, 15 
33, 1227.0, 1238.03, 1238.03, 15 
34, 1227.0, 1237.71, 1237.71, 13 
35, 1227.0, 1237.42, 1237.42, 15 
36, 1227.0, 1237.14, 1237.14, 17 
37, 1227.0, 1236.87, 1236.87, 13 
38, 1227.0, 1236.62, 1236.62, 15 
39, 1227.0, 1236.38, 1236.38, 14 
40, 1227.0, 1236.15, 1236.15, 12 
41, 1227.0, 1235.93, 1235.93, 13 
42, 1227.0, 1235.72, 1235.72, 15 
43, 1227.0, 1235.52, 1235.52, 13 
44, 1227.0, 1235.33, 1235.33, 13 
45, 1227.0, 1235.15, 1235.15, 13 
46, 1227.0, 1234.98, 1234.98, 13 
47, 1227.0, 1234.81, 1234.81, 14 
48, 1227.0, 1234.65, 1234.65, 12 
49, 1227.0, 1234.50, 1234.50, 12 
50, 1227.0, 1234.35, 1227.00, 13 
51, 1227.0, 1234.21, 1227.00, 16 
52, 1227.0, 1234.08, 1227.00, 13 
53, 1227.0, 1233.94, 1227.00, 12 
54, 1227.0, 1233.82, 1227.00, 13 
55, 1227.0, 1233.70, 1227.00, 15 
56, 1227.0, 1233.58, 1227.00, 12 
57, 1227.0, 1233.47, 1227.00, 18 
58, 1227.0, 1233.36, 1227.00, 13 
59, 1227.0, 1233.25, 1227.00, 13 
60, 1227.0, 1233.15, 1227.00, 17 
61, 1227.0, 1233.05, 1227.00, 12 
62, 1227.0, 1232.95, 1227.00, 12 
63, 1227.0, 1232.86, 1227.00, 13 
64, 1227.0, 1232.77, 1227.00, 12 
65, 1227.0, 1232.68, 1227.00, 11 
66, 1227.0, 1232.60, 1227.00, 14 
67, 1227.0, 1232.51, 1227.00, 15 
68, 1227.0, 1232.43, 1227.00, 14 
69, 1227.0, 1232.36, 1227.00, 13 
70, 1227.0, 1232.28, 1227.00, 13 
71, 1227.0, 1232.21, 1227.00, 14 
72, 1227.0, 1232.14, 1227.00, 14 
73, 1227.0, 1232.07, 1227.00, 14 
74, 1227.0, 1232.00, 1227.00, 13 
75, 1227.0, 1231.93, 1227.00, 13 
76, 1227.0, 1231.87, 1227.00, 15 
77, 1227.0, 1231.81, 1227.00, 14 
78, 1227.0, 1231.75, 1227.00, 15 
79, 1227.0, 1231.69, 1227.00, 12 
80, 1227.0, 1231.63, 1227.00, 12 
81, 1227.0, 1231.57, 1227.00, 12 
82, 1227.0, 1231.52, 1227.00, 11 
83, 1227.0, 1231.46, 1227.00, 12 
84, 1227.0, 1231.41, 1227.00, 12 
85, 1227.0, 1231.36, 1227.00, 15 
86, 1227.0, 1231.31, 1227.00, 13 
87, 1227.0, 1231.26, 1227.00, 15 
88, 1227.0, 1231.21, 1227.00, 14 
89, 1227.0, 1231.17, 1227.00, 12 
90, 1227.0, 1231.12, 1227.00, 12 
91, 1227.0, 1231.08, 1227.00, 13 
92, 1227.0, 1231.03, 1227.00, 17 
93, 1227.0, 1230.99, 1227.00, 16 
94, 1227.0, 1230.95, 1227.00, 16 
95, 1227.0, 1230.91, 1227.00, 16 
96, 1227.0, 1230.87, 1227.00, 13 
97, 1227.0, 1230.83, 1227.00, 13 
98, 1227.0, 1230.79, 1227.00, 12 
99, 1227.0, 1230.75, 1227.00, 12 
100, 1227.0, 1230.71, 1227.00, 15 
101, 1227.0, 1230.68, 1227.00, 12 
102, 1227.0, 1230.64, 1227.00, 12 
103, 1227.0, 1230.61, 1227.00, 14 
104, 1227.0, 1230.57, 1227.00, 13 
105, 1227.0, 1230.54, 1227.00, 12 
106, 1227.0, 1230.50, 1227.00, 12 
107, 1227.0, 1230.47, 1227.00, 12 
108, 1227.0, 1230.44, 1227.00, 12 
109, 1227.0, 1230.41, 1227.00, 12 
110, 1227.0, 1230.38, 1227.00, 12 
111, 1227.0, 1230.35, 1227.00, 17 
112, 1227.0, 1230.32, 1227.00, 15 
113, 1227.0, 1230.29, 1227.00, 15 
114, 1227.0, 1230.26, 1227.00, 14 
115, 1227.0, 1230.23, 1227.00, 13 
116, 1227.0, 1230.21, 1227.00, 18 
117, 1227.0, 1230.18, 1227.00, 12 
118, 1227.0, 1230.15, 1227.00, 15 
119, 1227.0, 1230.12, 1227.00, 13 
120, 1227.0, 1230.10, 1227.00, 11 
121, 1227.0, 1230.07, 1227.00, 14 
122, 1227.0, 1230.05, 1227.00, 15 
123, 1227.0, 1230.02, 1227.00, 12 
124, 1227.0, 1230.00, 1227.00, 16 
125, 1227.0, 1229.98, 1227.00, 14 
126, 1227.0, 1229.95, 1227.00, 13 
127, 1227.0, 1229.93, 1227.00, 12 
128, 1227.0, 1229.91, 1227.00, 18 
129, 1227.0, 1229.88, 1227.00, 15 
130, 1227.0, 1229.86, 1227.00, 15 
131, 1227.0, 1229.84, 1227.00, 18 
132, 1227.0, 1229.82, 1227.00, 13 
133, 1227.0, 1229.80, 1227.00, 13 
134, 1227.0, 1229.78, 1227.00, 13 
135, 1227.0, 1229.76, 1227.00, 12 
136, 1227.0, 1229.74, 1227.00, 15 
137, 1227.0, 1229.72, 1227.00, 16 
138, 1227.0, 1229.70, 1227.00, 12 
139, 1227.0, 1229.68, 1227.00, 13 
140, 1227.0, 1229.66, 1227.00, 14 
141, 1227.0, 1229.64, 1227.00, 16 
142, 1227.0, 1229.62, 1227.00, 11 
143, 1227.0, 1229.60, 1227.00, 16 
144, 1227.0, 1229.59, 1227.00, 15 
145, 1227.0, 1229.57, 1227.00, 13 
146, 1227.0, 1229.55, 1227.00, 16 
147, 1227.0, 1229.53, 1227.00, 13 
148, 1227.0, 1229.52, 1227.00, 15 
149, 1227.0, 1229.50, 1227.00, 22 
150, 1227.0, 1229.48, 1227.00, 12 
151, 1227.0, 1229.47, 1227.00, 14 
152, 1227.0, 1229.45, 1227.00, 11 
153, 1227.0, 1229.44, 1227.00, 12 
154, 1227.0, 1229.42, 1227.00, 13 
155, 1227.0, 1229.40, 1227.00, 12 
156, 1227.0, 1229.39, 1227.00, 13 
157, 1227.0, 1229.37, 1227.00, 12 
158, 1227.0, 1229.36, 1227.00, 14 
159, 1227.0, 1229.34, 1227.00, 13 
160, 1227.0, 1229.33, 1227.00, 14 
161, 1227.0, 1229.31, 1227.00, 15 
162, 1227.0, 1229.30, 1227.00, 12 
163, 1227.0, 1229.29, 1227.00, 14 
164, 1227.0, 1229.27, 1227.00, 13 
165, 1227.0, 1229.26, 1227.00, 12 
166, 1227.0, 1229.25, 1227.00, 12 
167, 1227.0, 1229.23, 1227.00, 15 
168, 1227.0, 1229.22, 1227.00, 14 
169, 1227.0, 1229.21, 1227.00, 12 
170, 1227.0, 1229.19, 1227.00, 13 
171, 1227.0, 1229.18, 1227.00, 14 
172, 1227.0, 1229.17, 1227.00, 13 
173, 1227.0, 1229.16, 1227.00, 16 
174, 1227.0, 1229.14, 1227.00, 14 
175, 1227.0, 1229.13, 1227.00, 12 
176, 1227.0, 1229.12, 1227.00, 12 
177, 1227.0, 1229.11, 1227.00, 14 
178, 1227.0, 1229.09, 1227.00, 13 
179, 1227.0, 1229.08, 1227.00, 13 
180, 1227.0, 1229.07, 1227.00, 25 
181, 1227.0, 1229.06, 1227.00, 13 
182, 1227.0, 1229.05, 1227.00, 13 
183, 1227.0, 1229.04, 1227.00, 13 
184, 1227.0, 1229.03, 1227.00, 14 
185, 1227.0, 1229.02, 1227.00, 13 
186, 1227.0, 1229.01, 1227.00, 13 
187, 1227.0, 1228.99, 1227.00, 12 
188, 1227.0, 1228.98, 1227.00, 14 
189, 1227.0, 1228.97, 1227.00, 12 
190, 1227.0, 1228.96, 1227.00, 13 
191, 1227.0, 1228.95, 1227.00, 13 
192, 1227.0, 1228.94, 1227.00, 13 
193, 1227.0, 1228.93, 1227.00, 12 
194, 1227.0, 1228.92, 1227.00, 16 
195, 1227.0, 1228.91, 1227.00, 13 
196, 1227.0, 1228.90, 1227.00, 16 
197, 1227.0, 1228.89, 1227.00, 26 
198, 1227.0, 1228.88, 1227.00, 14 
199, 1227.0, 1228.88, 1227.00, 12 
200, 1227.0, 1228.87, 1227.00, 14 
201, 1227.0, 1228.86, 1227.00, 13 
202, 1227.0, 1228.85, 1227.00, 13 
203, 1227.0, 1228.84, 1227.00, 15 
204, 1227.0, 1228.83, 1227.00, 15 
205, 1227.0, 1228.82, 1227.00, 15 
206, 1227.0, 1228.81, 1227.00, 16 
207, 1227.0, 1228.80, 1227.00, 17 
208, 1227.0, 1228.79, 1227.00, 14 
209, 1227.0, 1228.79, 1227.00, 16 
210, 1227.0, 1228.78, 1227.00, 15 
211, 1227.0, 1228.77, 1227.00, 18 
212, 1227.0, 1228.76, 1227.00, 11 
213, 1227.0, 1228.75, 1227.00, 12 
214, 1227.0, 1228.74, 1227.00, 14 
215, 1227.0, 1228.74, 1227.00, 17 
216, 1227.0, 1228.73, 1227.00, 16 
217, 1227.0, 1228.72, 1227.00, 15 
218, 1227.0, 1228.71, 1227.00, 16 
219, 1227.0, 1228.70, 1227.00, 17 
220, 1227.0, 1228.70, 1227.00, 15 
221, 1227.0, 1228.69, 1227.00, 13 
222, 1227.0, 1228.68, 1227.00, 15 
223, 1227.0, 1228.67, 1227.00, 12 
224, 1227.0, 1228.67, 1227.00, 16 
225, 1227.0, 1228.66, 1227.00, 19 
0, 1542.0, 1542.00, 1542.00, 1655464989825 
1, 1227.0, 1384.50, 1384.50, 31 
2, 1227.0, 1332.00, 1332.00, 14 
3, 1227.0, 1305.75, 1305.75, 14 
4, 1227.0, 1290.00, 1290.00, 17 
5, 1227.0, 1279.50, 1279.50, 18 
6, 1227.0, 1272.00, 1272.00, 16 
7, 1227.0, 1266.38, 1266.38, 14 
8, 1227.0, 1262.00, 1262.00, 15 
9, 1227.0, 1258.50, 1258.50, 17 
10, 1227.0, 1255.64, 1255.64, 16 
11, 1227.0, 1253.25, 1253.25, 17 
12, 1227.0, 1251.23, 1251.23, 17 
13, 1227.0, 1249.50, 1249.50, 14 
14, 1227.0, 1248.00, 1248.00, 18 
15, 1227.0, 1246.69, 1246.69, 16 
16, 1227.0, 1245.53, 1245.53, 16 
17, 1227.0, 1244.50, 1244.50, 15 
18, 1227.0, 1243.58, 1243.58, 14 
19, 1227.0, 1242.75, 1242.75, 14 
20, 1227.0, 1242.00, 1242.00, 13 
21, 1227.0, 1241.32, 1241.32, 13 
22, 1227.0, 1240.70, 1240.70, 12 
23, 1227.0, 1240.12, 1240.12, 14 
24, 1227.0, 1239.60, 1239.60, 15 
25, 1227.0, 1239.12, 1239.12, 13 
26, 1227.0, 1238.67, 1238.67, 14 
27, 1227.0, 1238.25, 1238.25, 13 
28, 1227.0, 1237.86, 1237.86, 13 
29, 1227.0, 1237.50, 1237.50, 19 
30, 1227.0, 1237.16, 1237.16, 14 
31, 1227.0, 1236.84, 1236.84, 13 
32, 1227.0, 1236.55, 1236.55, 14 
33, 1227.0, 1236.26, 1236.26, 15 
34, 1227.0, 1236.00, 1236.00, 11 
35, 1227.0, 1235.75, 1235.75, 11 
36, 1227.0, 1235.51, 1235.51, 11 
37, 1227.0, 1235.29, 1235.29, 11 
38, 1227.0, 1235.08, 1235.08, 12 
39, 1227.0, 1234.88, 1234.88, 12 
40, 1227.0, 1234.68, 1234.68, 12 
41, 1227.0, 1234.50, 1234.50, 12 
42, 1227.0, 1234.33, 1234.33, 12 
43, 1227.0, 1234.16, 1234.16, 13 
44, 1227.0, 1234.00, 1234.00, 11 
45, 1227.0, 1233.85, 1233.85, 12 
46, 1227.0, 1233.70, 1233.70, 12 
47, 1227.0, 1233.56, 1233.56, 11 
48, 1227.0, 1233.43, 1233.43, 11 
49, 1227.0, 1233.30, 1233.30, 10 
50, 1227.0, 1233.18, 1227.00, 10 
51, 1227.0, 1233.06, 1227.00, 11 
52, 1227.0, 1232.94, 1227.00, 11 
53, 1227.0, 1232.83, 1227.00, 10 
54, 1227.0, 1232.73, 1227.00, 11 
55, 1227.0, 1232.62, 1227.00, 10 
56, 1227.0, 1232.53, 1227.00, 10 
57, 1227.0, 1232.43, 1227.00, 11 
58, 1227.0, 1232.34, 1227.00, 11 
59, 1227.0, 1232.25, 1227.00, 11 
60, 1227.0, 1232.16, 1227.00, 16 
61, 1227.0, 1232.08, 1227.00, 15 
62, 1227.0, 1232.00, 1227.00, 12 
63, 1227.0, 1231.92, 1227.00, 15 
64, 1227.0, 1231.85, 1227.00, 12 
65, 1227.0, 1231.77, 1227.00, 11 
66, 1227.0, 1231.70, 1227.00, 15 
67, 1227.0, 1231.63, 1227.00, 14 
68, 1227.0, 1231.57, 1227.00, 11 
69, 1227.0, 1231.50, 1227.00, 14 
70, 1227.0, 1231.44, 1227.00, 12 
71, 1227.0, 1231.38, 1227.00, 12 
72, 1227.0, 1231.32, 1227.00, 13 
73, 1227.0, 1231.26, 1227.00, 13 
74, 1227.0, 1231.20, 1227.00, 12 
75, 1227.0, 1231.14, 1227.00, 12 
76, 1227.0, 1231.09, 1227.00, 17 
77, 1227.0, 1231.04, 1227.00, 12 
78, 1227.0, 1230.99, 1227.00, 18 
79, 1227.0, 1230.94, 1227.00, 11 
80, 1227.0, 1230.89, 1227.00, 15 
81, 1227.0, 1230.84, 1227.00, 13 
82, 1227.0, 1230.80, 1227.00, 14 
83, 1227.0, 1230.75, 1227.00, 12 
84, 1227.0, 1230.71, 1227.00, 15 
85, 1227.0, 1230.66, 1227.00, 13 
86, 1227.0, 1230.62, 1227.00, 14 
87, 1227.0, 1230.58, 1227.00, 11 
88, 1227.0, 1230.54, 1227.00, 16 
89, 1227.0, 1230.50, 1227.00, 16 
90, 1227.0, 1230.46, 1227.00, 13 
91, 1227.0, 1230.42, 1227.00, 14 
92, 1227.0, 1230.39, 1227.00, 13 
93, 1227.0, 1230.35, 1227.00, 16 
94, 1227.0, 1230.32, 1227.00, 13 
95, 1227.0, 1230.28, 1227.00, 12 
96, 1227.0, 1230.25, 1227.00, 15 
97, 1227.0, 1230.21, 1227.00, 14 
98, 1227.0, 1230.18, 1227.00, 14 
99, 1227.0, 1230.15, 1227.00, 12 
100, 1227.0, 1230.12, 1227.00, 15 
101, 1227.0, 1230.09, 1227.00, 12 
102, 1227.0, 1230.06, 1227.00, 17 
103, 1227.0, 1230.03, 1227.00, 12 
104, 1227.0, 1230.00, 1227.00, 13 
105, 1227.0, 1229.97, 1227.00, 12 
106, 1227.0, 1229.94, 1227.00, 14 
107, 1227.0, 1229.92, 1227.00, 13 
108, 1227.0, 1229.89, 1227.00, 13 
109, 1227.0, 1229.86, 1227.00, 16 
110, 1227.0, 1229.84, 1227.00, 13 
111, 1227.0, 1229.81, 1227.00, 14 
112, 1227.0, 1229.79, 1227.00, 12 
113, 1227.0, 1229.76, 1227.00, 11 
114, 1227.0, 1229.74, 1227.00, 15 
115, 1227.0, 1229.72, 1227.00, 10 
116, 1227.0, 1229.69, 1227.00, 15 
117, 1227.0, 1229.67, 1227.00, 14 
118, 1227.0, 1229.65, 1227.00, 13 
119, 1227.0, 1229.62, 1227.00, 12 
120, 1227.0, 1229.60, 1227.00, 11 
121, 1227.0, 1229.58, 1227.00, 10 
122, 1227.0, 1229.56, 1227.00, 14 
123, 1227.0, 1229.54, 1227.00, 10 
124, 1227.0, 1229.52, 1227.00, 11 
125, 1227.0, 1229.50, 1227.00, 13 
126, 1227.0, 1229.48, 1227.00, 14 
127, 1227.0, 1229.46, 1227.00, 12 
128, 1227.0, 1229.44, 1227.00, 13 
129, 1227.0, 1229.42, 1227.00, 13 
130, 1227.0, 1229.40, 1227.00, 12 
131, 1227.0, 1229.39, 1227.00, 12 
132, 1227.0, 1229.37, 1227.00, 10 
133, 1227.0, 1229.35, 1227.00, 13 
134, 1227.0, 1229.33, 1227.00, 13 
135, 1227.0, 1229.32, 1227.00, 13 
136, 1227.0, 1229.30, 1227.00, 16 
137, 1227.0, 1229.28, 1227.00, 10 
138, 1227.0, 1229.27, 1227.00, 13 
139, 1227.0, 1229.25, 1227.00, 15 
140, 1227.0, 1229.23, 1227.00, 11 
141, 1227.0, 1229.22, 1227.00, 13 
142, 1227.0, 1229.20, 1227.00, 13 
143, 1227.0, 1229.19, 1227.00, 15 
144, 1227.0, 1229.17, 1227.00, 14 
145, 1227.0, 1229.16, 1227.00, 14 
146, 1227.0, 1229.14, 1227.00, 11 
147, 1227.0, 1229.13, 1227.00, 15 
148, 1227.0, 1229.11, 1227.00, 10 
149, 1227.0, 1229.10, 1227.00, 15 
150, 1227.0, 1229.09, 1227.00, 15 
151, 1227.0, 1229.07, 1227.00, 11 
152, 1227.0, 1229.06, 1227.00, 12 
153, 1227.0, 1229.05, 1227.00, 13 
154, 1227.0, 1229.03, 1227.00, 12 
155, 1227.0, 1229.02, 1227.00, 11 
156, 1227.0, 1229.01, 1227.00, 13 
157, 1227.0, 1228.99, 1227.00, 10 
158, 1227.0, 1228.98, 1227.00, 11 
159, 1227.0, 1228.97, 1227.00, 14 
160, 1227.0, 1228.96, 1227.00, 11 
161, 1227.0, 1228.94, 1227.00, 11 
162, 1227.0, 1228.93, 1227.00, 15 
163, 1227.0, 1228.92, 1227.00, 13 
164, 1227.0, 1228.91, 1227.00, 13 
165, 1227.0, 1228.90, 1227.00, 10 
166, 1227.0, 1228.89, 1227.00, 14 
167, 1227.0, 1228.88, 1227.00, 11 
168, 1227.0, 1228.86, 1227.00, 15 
169, 1227.0, 1228.85, 1227.00, 14 
170, 1227.0, 1228.84, 1227.00, 14 
171, 1227.0, 1228.83, 1227.00, 13 
172, 1227.0, 1228.82, 1227.00, 13 
173, 1227.0, 1228.81, 1227.00, 10 
174, 1227.0, 1228.80, 1227.00, 12 
175, 1227.0, 1228.79, 1227.00, 13 
176, 1227.0, 1228.78, 1227.00, 11 
177, 1227.0, 1228.77, 1227.00, 11 
178, 1227.0, 1228.76, 1227.00, 13 
179, 1227.0, 1228.75, 1227.00, 17 
180, 1227.0, 1228.74, 1227.00, 11 
181, 1227.0, 1228.73, 1227.00, 15 
182, 1227.0, 1228.72, 1227.00, 11 
183, 1227.0, 1228.71, 1227.00, 14 
184, 1227.0, 1228.70, 1227.00, 9 
185, 1227.0, 1228.69, 1227.00, 11 
186, 1227.0, 1228.68, 1227.00, 14 
187, 1227.0, 1228.68, 1227.00, 11 
188, 1227.0, 1228.67, 1227.00, 11 
189, 1227.0, 1228.66, 1227.00, 11 
190, 1227.0, 1228.65, 1227.00, 11 
191, 1227.0, 1228.64, 1227.00, 11 
192, 1227.0, 1228.63, 1227.00, 12 
193, 1227.0, 1228.62, 1227.00, 13 
194, 1227.0, 1228.62, 1227.00, 10 
195, 1227.0, 1228.61, 1227.00, 13 
196, 1227.0, 1228.60, 1227.00, 10 
197, 1227.0, 1228.59, 1227.00, 15 
198, 1227.0, 1228.58, 1227.00, 10 
199, 1227.0, 1228.58, 1227.00, 13 
200, 1227.0, 1228.57, 1227.00, 14 
201, 1227.0, 1228.56, 1227.00, 11 
202, 1227.0, 1228.55, 1227.00, 14 
203, 1227.0, 1228.54, 1227.00, 14 
204, 1227.0, 1228.54, 1227.00, 11 
205, 1227.0, 1228.53, 1227.00, 11 
206, 1227.0, 1228.52, 1227.00, 12 
207, 1227.0, 1228.51, 1227.00, 12 
208, 1227.0, 1228.51, 1227.00, 12 
209, 1227.0, 1228.50, 1227.00, 14 
210, 1227.0, 1228.49, 1227.00, 11 
211, 1227.0, 1228.49, 1227.00, 12 
212, 1227.0, 1228.48, 1227.00, 11 
213, 1227.0, 1228.47, 1227.00, 11 
214, 1227.0, 1228.47, 1227.00, 11 
215, 1227.0, 1228.46, 1227.00, 10 
216, 1227.0, 1228.45, 1227.00, 11 
217, 1227.0, 1228.44, 1227.00, 10 
218, 1227.0, 1228.44, 1227.00, 10 
219, 1227.0, 1228.43, 1227.00, 10 
220, 1227.0, 1228.43, 1227.00, 10 
221, 1227.0, 1228.42, 1227.00, 10 
222, 1227.0, 1228.41, 1227.00, 10 
223, 1227.0, 1228.41, 1227.00, 9 
224, 1227.0, 1228.40, 1227.00, 11 
225, 1227.0, 1228.39, 1227.00, 11 
226, 1227.0, 1228.39, 1227.00, 10 
227, 1227.0, 1228.38, 1227.00, 10 
228, 1227.0, 1228.38, 1227.00, 11 
229, 1227.0, 1228.37, 1227.00, 9 
230, 1227.0, 1228.36, 1227.00, 10 
231, 1227.0, 1228.36, 1227.00, 10 
232, 1227.0, 1228.35, 1227.00, 9 
233, 1227.0, 1228.35, 1227.00, 12 
234, 1227.0, 1228.34, 1227.00, 12 
235, 1227.0, 1228.33, 1227.00, 10 
236, 1227.0, 1228.33, 1227.00, 12 
237, 1227.0, 1228.32, 1227.00, 11 
238, 1227.0, 1228.32, 1227.00, 28 
239, 1227.0, 1228.31, 1227.00, 13 
240, 1227.0, 1228.31, 1227.00, 13 
241, 1227.0, 1228.30, 1227.00, 10 
242, 1227.0, 1228.30, 1227.00, 10 
243, 1227.0, 1228.29, 1227.00, 10 
244, 1227.0, 1228.29, 1227.00, 9 
245, 1227.0, 1228.28, 1227.00, 12 
246, 1227.0, 1228.28, 1227.00, 10 
247, 1227.0, 1228.27, 1227.00, 11 
248, 1227.0, 1228.27, 1227.00, 10 
249, 1227.0, 1228.26, 1227.00, 10 
250, 1227.0, 1228.25, 1227.00, 13 
251, 1227.0, 1228.25, 1227.00, 12 
252, 1227.0, 1228.25, 1227.00, 12 
253, 1227.0, 1228.24, 1227.00, 12 
254, 1227.0, 1228.24, 1227.00, 14 
255, 1227.0, 1228.23, 1227.00, 10 
256, 1227.0, 1228.23, 1227.00, 13 
257, 1227.0, 1228.22, 1227.00, 13 
0, 1462.0, 1462.00, 1462.00, 1655465188786 
1, 1227.0, 1344.50, 1344.50, 30 
2, 1227.0, 1305.33, 1305.33, 14 
3, 1227.0, 1285.75, 1285.75, 14 
4, 1227.0, 1274.00, 1274.00, 13 
5, 1227.0, 1266.17, 1266.17, 16 
6, 1227.0, 1260.57, 1260.57, 16 
7, 1227.0, 1256.38, 1256.38, 16 
8, 1227.0, 1253.11, 1253.11, 18 
9, 1227.0, 1250.50, 1250.50, 17 
10, 1227.0, 1248.36, 1248.36, 16 
11, 1227.0, 1246.58, 1246.58, 17 
12, 1227.0, 1245.08, 1245.08, 16 
13, 1227.0, 1243.79, 1243.79, 17 
14, 1227.0, 1242.67, 1242.67, 16 
15, 1227.0, 1241.69, 1241.69, 14 
16, 1227.0, 1240.82, 1240.82, 15 
17, 1227.0, 1240.06, 1240.06, 14 
18, 1227.0, 1239.37, 1239.37, 14 
19, 1227.0, 1238.75, 1238.75, 14 
20, 1227.0, 1238.19, 1238.19, 14 
21, 1227.0, 1237.68, 1237.68, 13 
22, 1227.0, 1237.22, 1237.22, 13 
23, 1227.0, 1236.79, 1236.79, 13 
24, 1227.0, 1236.40, 1236.40, 13 
25, 1227.0, 1236.04, 1236.04, 13 
26, 1227.0, 1235.70, 1235.70, 13 
27, 1227.0, 1235.39, 1235.39, 13 
28, 1227.0, 1235.10, 1235.10, 11 
29, 1227.0, 1234.83, 1234.83, 11 
30, 1227.0, 1234.58, 1234.58, 11 
31, 1227.0, 1234.34, 1234.34, 11 
32, 1227.0, 1234.12, 1234.12, 13 
33, 1227.0, 1233.91, 1233.91, 12 
34, 1227.0, 1233.71, 1233.71, 11 
35, 1227.0, 1233.53, 1233.53, 11 
36, 1227.0, 1233.35, 1233.35, 12 
37, 1227.0, 1233.18, 1233.18, 13 
38, 1227.0, 1233.03, 1233.03, 11 
39, 1227.0, 1232.88, 1232.88, 11 
40, 1227.0, 1232.73, 1232.73, 12 
41, 1227.0, 1232.60, 1232.60, 11 
42, 1227.0, 1232.47, 1232.47, 11 
43, 1227.0, 1232.34, 1232.34, 12 
44, 1227.0, 1232.22, 1232.22, 10 
45, 1227.0, 1232.11, 1232.11, 13 
46, 1227.0, 1232.00, 1232.00, 11 
47, 1227.0, 1231.90, 1231.90, 11 
48, 1227.0, 1231.80, 1231.80, 9 
49, 1227.0, 1231.70, 1231.70, 11 
50, 1227.0, 1231.61, 1227.00, 11 
51, 1227.0, 1231.52, 1227.00, 10 
52, 1227.0, 1231.43, 1227.00, 11 
53, 1227.0, 1231.35, 1227.00, 10 
54, 1227.0, 1231.27, 1227.00, 11 
55, 1227.0, 1231.20, 1227.00, 11 
56, 1227.0, 1231.12, 1227.00, 10 
57, 1227.0, 1231.05, 1227.00, 11 
58, 1227.0, 1230.98, 1227.00, 11 
59, 1227.0, 1230.92, 1227.00, 13 
60, 1227.0, 1230.85, 1227.00, 13 
61, 1227.0, 1230.79, 1227.00, 17 
62, 1227.0, 1230.73, 1227.00, 11 
63, 1227.0, 1230.67, 1227.00, 16 
64, 1227.0, 1230.62, 1227.00, 13 
65, 1227.0, 1230.56, 1227.00, 16 
66, 1227.0, 1230.51, 1227.00, 13 
67, 1227.0, 1230.46, 1227.00, 12 
68, 1227.0, 1230.41, 1227.00, 14 
69, 1227.0, 1230.36, 1227.00, 12 
70, 1227.0, 1230.31, 1227.00, 15 
71, 1227.0, 1230.26, 1227.00, 13 
72, 1227.0, 1230.22, 1227.00, 11 
73, 1227.0, 1230.18, 1227.00, 14 
74, 1227.0, 1230.13, 1227.00, 13 
75, 1227.0, 1230.09, 1227.00, 13 
76, 1227.0, 1230.05, 1227.00, 10 
77, 1227.0, 1230.01, 1227.00, 16 
78, 1227.0, 1229.97, 1227.00, 12 
79, 1227.0, 1229.94, 1227.00, 13 
80, 1227.0, 1229.90, 1227.00, 15 
81, 1227.0, 1229.87, 1227.00, 15 
82, 1227.0, 1229.83, 1227.00, 13 
83, 1227.0, 1229.80, 1227.00, 14 
84, 1227.0, 1229.76, 1227.00, 13 
85, 1227.0, 1229.73, 1227.00, 16 
86, 1227.0, 1229.70, 1227.00, 12 
87, 1227.0, 1229.67, 1227.00, 13 
88, 1227.0, 1229.64, 1227.00, 15 
89, 1227.0, 1229.61, 1227.00, 11 
90, 1227.0, 1229.58, 1227.00, 14 
91, 1227.0, 1229.55, 1227.00, 11 
92, 1227.0, 1229.53, 1227.00, 18 
93, 1227.0, 1229.50, 1227.00, 11 
94, 1227.0, 1229.47, 1227.00, 14 
95, 1227.0, 1229.45, 1227.00, 13 
96, 1227.0, 1229.42, 1227.00, 13 
97, 1227.0, 1229.40, 1227.00, 12 
98, 1227.0, 1229.37, 1227.00, 13 
99, 1227.0, 1229.35, 1227.00, 14 
100, 1227.0, 1229.33, 1227.00, 12 
101, 1227.0, 1229.30, 1227.00, 17 
102, 1227.0, 1229.28, 1227.00, 11 
103, 1227.0, 1229.26, 1227.00, 15 
104, 1227.0, 1229.24, 1227.00, 15 
105, 1227.0, 1229.22, 1227.00, 11 
106, 1227.0, 1229.20, 1227.00, 14 
107, 1227.0, 1229.18, 1227.00, 13 
108, 1227.0, 1229.16, 1227.00, 15 
109, 1227.0, 1229.14, 1227.00, 13 
110, 1227.0, 1229.12, 1227.00, 12 
111, 1227.0, 1229.10, 1227.00, 16 
112, 1227.0, 1229.08, 1227.00, 13 
113, 1227.0, 1229.06, 1227.00, 13 
114, 1227.0, 1229.04, 1227.00, 14 
115, 1227.0, 1229.03, 1227.00, 9 
116, 1227.0, 1229.01, 1227.00, 12 
117, 1227.0, 1228.99, 1227.00, 14 
118, 1227.0, 1228.97, 1227.00, 10 
119, 1227.0, 1228.96, 1227.00, 12 
120, 1227.0, 1228.94, 1227.00, 13 
121, 1227.0, 1228.93, 1227.00, 13 
122, 1227.0, 1228.91, 1227.00, 13 
123, 1227.0, 1228.90, 1227.00, 15 
124, 1227.0, 1228.88, 1227.00, 11 
125, 1227.0, 1228.87, 1227.00, 12 
126, 1227.0, 1228.85, 1227.00, 9 
127, 1227.0, 1228.84, 1227.00, 11 
128, 1227.0, 1228.82, 1227.00, 12 
129, 1227.0, 1228.81, 1227.00, 12 
130, 1227.0, 1228.79, 1227.00, 12 
131, 1227.0, 1228.78, 1227.00, 13 
132, 1227.0, 1228.77, 1227.00, 13 
133, 1227.0, 1228.75, 1227.00, 12 
134, 1227.0, 1228.74, 1227.00, 12 
135, 1227.0, 1228.73, 1227.00, 11 
136, 1227.0, 1228.72, 1227.00, 13 
137, 1227.0, 1228.70, 1227.00, 12 
138, 1227.0, 1228.69, 1227.00, 11 
139, 1227.0, 1228.68, 1227.00, 14 
140, 1227.0, 1228.67, 1227.00, 11 
141, 1227.0, 1228.65, 1227.00, 10 
142, 1227.0, 1228.64, 1227.00, 14 
143, 1227.0, 1228.63, 1227.00, 12 
144, 1227.0, 1228.62, 1227.00, 13 
145, 1227.0, 1228.61, 1227.00, 9 
146, 1227.0, 1228.60, 1227.00, 12 
147, 1227.0, 1228.59, 1227.00, 14 
148, 1227.0, 1228.58, 1227.00, 12 
149, 1227.0, 1228.57, 1227.00, 11 
150, 1227.0, 1228.56, 1227.00, 10 
151, 1227.0, 1228.55, 1227.00, 13 
152, 1227.0, 1228.54, 1227.00, 14 
153, 1227.0, 1228.53, 1227.00, 12 
154, 1227.0, 1228.52, 1227.00, 13 
155, 1227.0, 1228.51, 1227.00, 10 
156, 1227.0, 1228.50, 1227.00, 12 
157, 1227.0, 1228.49, 1227.00, 12 
158, 1227.0, 1228.48, 1227.00, 13 
159, 1227.0, 1228.47, 1227.00, 10 
160, 1227.0, 1228.46, 1227.00, 12 
161, 1227.0, 1228.45, 1227.00, 10 
162, 1227.0, 1228.44, 1227.00, 11 
163, 1227.0, 1228.43, 1227.00, 12 
164, 1227.0, 1228.42, 1227.00, 14 
165, 1227.0, 1228.42, 1227.00, 11 
166, 1227.0, 1228.41, 1227.00, 10 
167, 1227.0, 1228.40, 1227.00, 14 
168, 1227.0, 1228.39, 1227.00, 10 
169, 1227.0, 1228.38, 1227.00, 13 
170, 1227.0, 1228.37, 1227.00, 15 
171, 1227.0, 1228.37, 1227.00, 11 
172, 1227.0, 1228.36, 1227.00, 15 
173, 1227.0, 1228.35, 1227.00, 10 
174, 1227.0, 1228.34, 1227.00, 13 
175, 1227.0, 1228.34, 1227.00, 11 
176, 1227.0, 1228.33, 1227.00, 14 
177, 1227.0, 1228.32, 1227.00, 13 
178, 1227.0, 1228.31, 1227.00, 11 
179, 1227.0, 1228.31, 1227.00, 11 
180, 1227.0, 1228.30, 1227.00, 11 
181, 1227.0, 1228.29, 1227.00, 10 
182, 1227.0, 1228.28, 1227.00, 11 
183, 1227.0, 1228.28, 1227.00, 9 
184, 1227.0, 1228.27, 1227.00, 11 
185, 1227.0, 1228.26, 1227.00, 12 
186, 1227.0, 1228.26, 1227.00, 12 
187, 1227.0, 1228.25, 1227.00, 14 
188, 1227.0, 1228.24, 1227.00, 11 
189, 1227.0, 1228.24, 1227.00, 10 
190, 1227.0, 1228.23, 1227.00, 11 
191, 1227.0, 1228.22, 1227.00, 11 
192, 1227.0, 1228.22, 1227.00, 13 
193, 1227.0, 1228.21, 1227.00, 13 
194, 1227.0, 1228.21, 1227.00, 14 
195, 1227.0, 1228.20, 1227.00, 14 
196, 1227.0, 1228.19, 1227.00, 12 
197, 1227.0, 1228.19, 1227.00, 13 
198, 1227.0, 1228.18, 1227.00, 14 
199, 1227.0, 1228.17, 1227.00, 15 
200, 1227.0, 1228.17, 1227.00, 10 
201, 1227.0, 1228.16, 1227.00, 14 
202, 1227.0, 1228.16, 1227.00, 12 
203, 1227.0, 1228.15, 1227.00, 15 
204, 1227.0, 1228.15, 1227.00, 11 
205, 1227.0, 1228.14, 1227.00, 13 
206, 1227.0, 1228.14, 1227.00, 12 
207, 1227.0, 1228.13, 1227.00, 12 
208, 1227.0, 1228.12, 1227.00, 9 
209, 1227.0, 1228.12, 1227.00, 11 
210, 1227.0, 1228.11, 1227.00, 10 
211, 1227.0, 1228.11, 1227.00, 10 
212, 1227.0, 1228.10, 1227.00, 11 
213, 1227.0, 1228.10, 1227.00, 9 
214, 1227.0, 1228.09, 1227.00, 9 
215, 1227.0, 1228.09, 1227.00, 10 
216, 1227.0, 1228.08, 1227.00, 10 
217, 1227.0, 1228.08, 1227.00, 10 
218, 1227.0, 1228.07, 1227.00, 9 
219, 1227.0, 1228.07, 1227.00, 10 
220, 1227.0, 1228.06, 1227.00, 10 
221, 1227.0, 1228.06, 1227.00, 10 
222, 1227.0, 1228.05, 1227.00, 9 
223, 1227.0, 1228.05, 1227.00, 10 
224, 1227.0, 1228.04, 1227.00, 11 
225, 1227.0, 1228.04, 1227.00, 13 
226, 1227.0, 1228.04, 1227.00, 10 
227, 1227.0, 1228.03, 1227.00, 10 
228, 1227.0, 1228.03, 1227.00, 10 
229, 1227.0, 1228.02, 1227.00, 12 
230, 1227.0, 1228.02, 1227.00, 12 
231, 1227.0, 1228.01, 1227.00, 17 
232, 1227.0, 1228.01, 1227.00, 10 
233, 1227.0, 1228.00, 1227.00, 9 
234, 1227.0, 1228.00, 1227.00, 13 
235, 1227.0, 1228.00, 1227.00, 11 
236, 1227.0, 1227.99, 1227.00, 12 
237, 1227.0, 1227.99, 1227.00, 11 
238, 1227.0, 1227.98, 1227.00, 11 
239, 1227.0, 1227.98, 1227.00, 11 
240, 1227.0, 1227.98, 1227.00, 14 
241, 1227.0, 1227.97, 1227.00, 10 
0, 1713.0, 1713.00, 1713.00, 1655468570526 
1, 1227.0, 1470.00, 1470.00, 33 
2, 1227.0, 1389.00, 1389.00, 19 
3, 1227.0, 1348.50, 1348.50, 15 
4, 1227.0, 1324.20, 1324.20, 18 
5, 1227.0, 1308.00, 1308.00, 18 
6, 1227.0, 1296.43, 1296.43, 16 
7, 1227.0, 1287.75, 1287.75, 15 
8, 1227.0, 1281.00, 1281.00, 18 
9, 1227.0, 1275.60, 1275.60, 16 
10, 1227.0, 1271.18, 1271.18, 17 
11, 1227.0, 1267.50, 1267.50, 16 
12, 1227.0, 1264.38, 1264.38, 15 
13, 1227.0, 1261.71, 1261.71, 16 
14, 1227.0, 1259.40, 1259.40, 15 
15, 1227.0, 1257.38, 1257.38, 14 
16, 1227.0, 1255.59, 1255.59, 14 
17, 1227.0, 1254.00, 1254.00, 14 
18, 1227.0, 1252.58, 1252.58, 13 
19, 1227.0, 1251.30, 1251.30, 12 
20, 1227.0, 1250.14, 1250.14, 13 
21, 1227.0, 1249.09, 1249.09, 13 
22, 1227.0, 1248.13, 1248.13, 14 
23, 1227.0, 1247.25, 1247.25, 14 
24, 1227.0, 1246.44, 1246.44, 12 
25, 1227.0, 1245.69, 1245.69, 13 
26, 1227.0, 1245.00, 1245.00, 13 
27, 1227.0, 1244.36, 1244.36, 13 
28, 1227.0, 1243.76, 1243.76, 15 
29, 1227.0, 1243.20, 1243.20, 15 
30, 1227.0, 1242.68, 1242.68, 13 
31, 1227.0, 1242.19, 1242.19, 13 
32, 1227.0, 1241.73, 1241.73, 12 
33, 1227.0, 1241.29, 1241.29, 11 
34, 1227.0, 1240.89, 1240.89, 12 
35, 1227.0, 1240.50, 1240.50, 11 
36, 1227.0, 1240.14, 1240.14, 11 
37, 1227.0, 1239.79, 1239.79, 12 
38, 1227.0, 1239.46, 1239.46, 11 
39, 1227.0, 1239.15, 1239.15, 11 
40, 1227.0, 1238.85, 1238.85, 11 
41, 1227.0, 1238.57, 1238.57, 11 
42, 1227.0, 1238.30, 1238.30, 11 
43, 1227.0, 1238.05, 1238.05, 11 
44, 1227.0, 1237.80, 1237.80, 11 
45, 1227.0, 1237.57, 1237.57, 12 
46, 1227.0, 1237.34, 1237.34, 12 
47, 1227.0, 1237.12, 1237.12, 14 
48, 1227.0, 1236.92, 1236.92, 13 
49, 1227.0, 1236.72, 1236.72, 13 
50, 1227.0, 1236.53, 1227.00, 12 
51, 1227.0, 1236.35, 1227.00, 10 
52, 1227.0, 1236.17, 1227.00, 12 
53, 1227.0, 1236.00, 1227.00, 10 
54, 1227.0, 1235.84, 1227.00, 11 
55, 1227.0, 1235.68, 1227.00, 10 
56, 1227.0, 1235.53, 1227.00, 11 
57, 1227.0, 1235.38, 1227.00, 13 
58, 1227.0, 1235.24, 1227.00, 11 
59, 1227.0, 1235.10, 1227.00, 10 
60, 1227.0, 1234.97, 1227.00, 13 
61, 1227.0, 1234.84, 1227.00, 11 
62, 1227.0, 1234.71, 1227.00, 12 
63, 1227.0, 1234.59, 1227.00, 11 
64, 1227.0, 1234.48, 1227.00, 13 
65, 1227.0, 1234.36, 1227.00, 14 
66, 1227.0, 1234.25, 1227.00, 11 
67, 1227.0, 1234.15, 1227.00, 15 
68, 1227.0, 1234.04, 1227.00, 12 
69, 1227.0, 1233.94, 1227.00, 15 
70, 1227.0, 1233.85, 1227.00, 13 
71, 1227.0, 1233.75, 1227.00, 14 
72, 1227.0, 1233.66, 1227.00, 15 
73, 1227.0, 1233.57, 1227.00, 17 
74, 1227.0, 1233.48, 1227.00, 10 
75, 1227.0, 1233.39, 1227.00, 16 
76, 1227.0, 1233.31, 1227.00, 15 
77, 1227.0, 1233.23, 1227.00, 11 
78, 1227.0, 1233.15, 1227.00, 14 
79, 1227.0, 1233.08, 1227.00, 12 
80, 1227.0, 1233.00, 1227.00, 14 
81, 1227.0, 1232.93, 1227.00, 15 
82, 1227.0, 1232.86, 1227.00, 12 
83, 1227.0, 1232.79, 1227.00, 12 
84, 1227.0, 1232.72, 1227.00, 13 
85, 1227.0, 1232.65, 1227.00, 14 
86, 1227.0, 1232.59, 1227.00, 16 
87, 1227.0, 1232.52, 1227.00, 12 
88, 1227.0, 1232.46, 1227.00, 13 
89, 1227.0, 1232.40, 1227.00, 12 
90, 1227.0, 1232.34, 1227.00, 11 
91, 1227.0, 1232.28, 1227.00, 14 
92, 1227.0, 1232.23, 1227.00, 16 
93, 1227.0, 1232.17, 1227.00, 13 
94, 1227.0, 1232.12, 1227.00, 14 
95, 1227.0, 1232.06, 1227.00, 15 
96, 1227.0, 1232.01, 1227.00, 13 
97, 1227.0, 1231.96, 1227.00, 13 
98, 1227.0, 1231.91, 1227.00, 12 
99, 1227.0, 1231.86, 1227.00, 13 
100, 1227.0, 1231.81, 1227.00, 16 
101, 1227.0, 1231.76, 1227.00, 14 
102, 1227.0, 1231.72, 1227.00, 13 
103, 1227.0, 1231.67, 1227.00, 12 
104, 1227.0, 1231.63, 1227.00, 15 
105, 1227.0, 1231.58, 1227.00, 14 
106, 1227.0, 1231.54, 1227.00, 13 
107, 1227.0, 1231.50, 1227.00, 15 
108, 1227.0, 1231.46, 1227.00, 13 
109, 1227.0, 1231.42, 1227.00, 12 
110, 1227.0, 1231.38, 1227.00, 16 
111, 1227.0, 1231.34, 1227.00, 12 
112, 1227.0, 1231.30, 1227.00, 14 
113, 1227.0, 1231.26, 1227.00, 15 
114, 1227.0, 1231.23, 1227.00, 14 
115, 1227.0, 1231.19, 1227.00, 14 
116, 1227.0, 1231.15, 1227.00, 18 
117, 1227.0, 1231.12, 1227.00, 13 
118, 1227.0, 1231.08, 1227.00, 11 
119, 1227.0, 1231.05, 1227.00, 13 
120, 1227.0, 1231.02, 1227.00, 12 
121, 1227.0, 1230.98, 1227.00, 12 
122, 1227.0, 1230.95, 1227.00, 11 
123, 1227.0, 1230.92, 1227.00, 15 
124, 1227.0, 1230.89, 1227.00, 13 
125, 1227.0, 1230.86, 1227.00, 14 
126, 1227.0, 1230.83, 1227.00, 11 
127, 1227.0, 1230.80, 1227.00, 11 
128, 1227.0, 1230.77, 1227.00, 12 
129, 1227.0, 1230.74, 1227.00, 11 
130, 1227.0, 1230.71, 1227.00, 11 
131, 1227.0, 1230.68, 1227.00, 14 
132, 1227.0, 1230.65, 1227.00, 13 
133, 1227.0, 1230.63, 1227.00, 13 
134, 1227.0, 1230.60, 1227.00, 12 
135, 1227.0, 1230.57, 1227.00, 13 
136, 1227.0, 1230.55, 1227.00, 12 
137, 1227.0, 1230.52, 1227.00, 14 
138, 1227.0, 1230.50, 1227.00, 14 
139, 1227.0, 1230.47, 1227.00, 13 
140, 1227.0, 1230.45, 1227.00, 13 
141, 1227.0, 1230.42, 1227.00, 11 
142, 1227.0, 1230.40, 1227.00, 13 
143, 1227.0, 1230.38, 1227.00, 15 
144, 1227.0, 1230.35, 1227.00, 16 
145, 1227.0, 1230.33, 1227.00, 12 
146, 1227.0, 1230.31, 1227.00, 12 
147, 1227.0, 1230.28, 1227.00, 13 
148, 1227.0, 1230.26, 1227.00, 15 
149, 1227.0, 1230.24, 1227.00, 13 
150, 1227.0, 1230.22, 1227.00, 12 
151, 1227.0, 1230.20, 1227.00, 11 
152, 1227.0, 1230.18, 1227.00, 11 
153, 1227.0, 1230.16, 1227.00, 13 
154, 1227.0, 1230.14, 1227.00, 10 
155, 1227.0, 1230.12, 1227.00, 12 
156, 1227.0, 1230.10, 1227.00, 11 
157, 1227.0, 1230.08, 1227.00, 13 
158, 1227.0, 1230.06, 1227.00, 11 
159, 1227.0, 1230.04, 1227.00, 12 
160, 1227.0, 1230.02, 1227.00, 12 
161, 1227.0, 1230.00, 1227.00, 10 
162, 1227.0, 1229.98, 1227.00, 10 
163, 1227.0, 1229.96, 1227.00, 12 
164, 1227.0, 1229.95, 1227.00, 11 
165, 1227.0, 1229.93, 1227.00, 12 
166, 1227.0, 1229.91, 1227.00, 11 
167, 1227.0, 1229.89, 1227.00, 12 
168, 1227.0, 1229.88, 1227.00, 11 
169, 1227.0, 1229.86, 1227.00, 14 
170, 1227.0, 1229.84, 1227.00, 10 
171, 1227.0, 1229.83, 1227.00, 11 
172, 1227.0, 1229.81, 1227.00, 10 
173, 1227.0, 1229.79, 1227.00, 12 
174, 1227.0, 1229.78, 1227.00, 11 
175, 1227.0, 1229.76, 1227.00, 12 
176, 1227.0, 1229.75, 1227.00, 11 
177, 1227.0, 1229.73, 1227.00, 11 
178, 1227.0, 1229.72, 1227.00, 10 
179, 1227.0, 1229.70, 1227.00, 10 
180, 1227.0, 1229.69, 1227.00, 10 
181, 1227.0, 1229.67, 1227.00, 10 
182, 1227.0, 1229.66, 1227.00, 14 
183, 1227.0, 1229.64, 1227.00, 14 
184, 1227.0, 1229.63, 1227.00, 13 
185, 1227.0, 1229.61, 1227.00, 11 
186, 1227.0, 1229.60, 1227.00, 12 
187, 1227.0, 1229.59, 1227.00, 13 
188, 1227.0, 1229.57, 1227.00, 11 
189, 1227.0, 1229.56, 1227.00, 9 
190, 1227.0, 1229.54, 1227.00, 10 
191, 1227.0, 1229.53, 1227.00, 10 
192, 1227.0, 1229.52, 1227.00, 11 
193, 1227.0, 1229.51, 1227.00, 13 
194, 1227.0, 1229.49, 1227.00, 11 
195, 1227.0, 1229.48, 1227.00, 10 
196, 1227.0, 1229.47, 1227.00, 12 
197, 1227.0, 1229.45, 1227.00, 14 
198, 1227.0, 1229.44, 1227.00, 12 
199, 1227.0, 1229.43, 1227.00, 10 
200, 1227.0, 1229.42, 1227.00, 12 
201, 1227.0, 1229.41, 1227.00, 12 
202, 1227.0, 1229.39, 1227.00, 13 
203, 1227.0, 1229.38, 1227.00, 12 
0, 1562.0, 1562.00, 1562.00, 1655468916837 
1, 1227.0, 1394.50, 1394.50, 42 
2, 1227.0, 1338.67, 1338.67, 23 
3, 1227.0, 1310.75, 1310.75, 18 
4, 1227.0, 1294.00, 1294.00, 16 
5, 1227.0, 1282.83, 1282.83, 15 
6, 1227.0, 1274.86, 1274.86, 19 
7, 1227.0, 1268.88, 1268.88, 17 
8, 1227.0, 1264.22, 1264.22, 21 
9, 1227.0, 1260.50, 1260.50, 16 
10, 1227.0, 1257.45, 1257.45, 14 
11, 1227.0, 1254.92, 1254.92, 14 
12, 1227.0, 1252.77, 1252.77, 16 
13, 1227.0, 1250.93, 1250.93, 17 
14, 1227.0, 1249.33, 1249.33, 39 
15, 1227.0, 1247.94, 1247.94, 23 
16, 1227.0, 1246.71, 1246.71, 29 
17, 1227.0, 1245.61, 1245.61, 30 
18, 1227.0, 1244.63, 1244.63, 27 
19, 1227.0, 1243.75, 1243.75, 33 
20, 1227.0, 1242.95, 1242.95, 15 
21, 1227.0, 1242.23, 1242.23, 27 
22, 1227.0, 1241.57, 1241.57, 22 
23, 1227.0, 1240.96, 1240.96, 28 
24, 1227.0, 1240.40, 1240.40, 23 
25, 1227.0, 1239.88, 1239.88, 31 
26, 1227.0, 1239.41, 1239.41, 16 
27, 1227.0, 1238.96, 1238.96, 15 
28, 1227.0, 1238.55, 1238.55, 12 
29, 1227.0, 1238.17, 1238.17, 12 
0, 1452.0, 1452.00, 1452.00, 1655469183688 
1, 1227.0, 1339.50, 1339.50, 33 
2, 1227.0, 1302.00, 1302.00, 22 
3, 1227.0, 1283.25, 1283.25, 24 
4, 1227.0, 1272.00, 1272.00, 25 
5, 1227.0, 1264.50, 1264.50, 23 
6, 1227.0, 1259.14, 1259.14, 18 
7, 1227.0, 1255.12, 1255.12, 22 
8, 1227.0, 1252.00, 1252.00, 20 
9, 1227.0, 1249.50, 1249.50, 19 
10, 1227.0, 1247.45, 1247.45, 21 
11, 1227.0, 1245.75, 1245.75, 18 
12, 1227.0, 1244.31, 1244.31, 19 
13, 1227.0, 1243.07, 1243.07, 20 
14, 1227.0, 1242.00, 1242.00, 17 
15, 1227.0, 1241.06, 1241.06, 15 
16, 1227.0, 1240.24, 1240.24, 13 
17, 1227.0, 1239.50, 1239.50, 15 
18, 1227.0, 1238.84, 1238.84, 13 
19, 1227.0, 1238.25, 1238.25, 14 
20, 1227.0, 1237.71, 1237.71, 15 
21, 1227.0, 1237.23, 1237.23, 14 
22, 1227.0, 1236.78, 1236.78, 14 
23, 1227.0, 1236.38, 1236.38, 14 
24, 1227.0, 1236.00, 1236.00, 15 
25, 1227.0, 1235.65, 1235.65, 13 
26, 1227.0, 1235.33, 1235.33, 14 
27, 1227.0, 1235.04, 1235.04, 17 
28, 1227.0, 1234.76, 1234.76, 21 
29, 1227.0, 1234.50, 1234.50, 17 
30, 1227.0, 1234.26, 1234.26, 18 
31, 1227.0, 1234.03, 1234.03, 14 
32, 1227.0, 1233.82, 1233.82, 14 
33, 1227.0, 1233.62, 1233.62, 14 
34, 1227.0, 1233.43, 1233.43, 14 
35, 1227.0, 1233.25, 1233.25, 14 
36, 1227.0, 1233.08, 1233.08, 14 
37, 1227.0, 1232.92, 1232.92, 14 
38, 1227.0, 1232.77, 1232.77, 14 
39, 1227.0, 1232.62, 1232.62, 14 
40, 1227.0, 1232.49, 1232.49, 14 
41, 1227.0, 1232.36, 1232.36, 14 
42, 1227.0, 1232.23, 1232.23, 14 
43, 1227.0, 1232.11, 1232.11, 16 
44, 1227.0, 1232.00, 1232.00, 14 
45, 1227.0, 1231.89, 1231.89, 17 
46, 1227.0, 1231.79, 1231.79, 14 
47, 1227.0, 1231.69, 1231.69, 19 
48, 1227.0, 1231.59, 1231.59, 17 
49, 1227.0, 1231.50, 1231.50, 15 
50, 1227.0, 1231.41, 1227.00, 19 
51, 1227.0, 1231.33, 1227.00, 16 
52, 1227.0, 1231.25, 1227.00, 17 
53, 1227.0, 1231.17, 1227.00, 18 
54, 1227.0, 1231.09, 1227.00, 16 
55, 1227.0, 1231.02, 1227.00, 17 
56, 1227.0, 1230.95, 1227.00, 20 
57, 1227.0, 1230.88, 1227.00, 20 
58, 1227.0, 1230.81, 1227.00, 15 
59, 1227.0, 1230.75, 1227.00, 19 
60, 1227.0, 1230.69, 1227.00, 16 
61, 1227.0, 1230.63, 1227.00, 16 
62, 1227.0, 1230.57, 1227.00, 16 
63, 1227.0, 1230.52, 1227.00, 17 
64, 1227.0, 1230.46, 1227.00, 19 
65, 1227.0, 1230.41, 1227.00, 16 
66, 1227.0, 1230.36, 1227.00, 16 
67, 1227.0, 1230.31, 1227.00, 14 
68, 1227.0, 1230.26, 1227.00, 16 
69, 1227.0, 1230.21, 1227.00, 19 
70, 1227.0, 1230.17, 1227.00, 15 
71, 1227.0, 1230.12, 1227.00, 14 
72, 1227.0, 1230.08, 1227.00, 18 
73, 1227.0, 1230.04, 1227.00, 19 
74, 1227.0, 1230.00, 1227.00, 16 
75, 1227.0, 1229.96, 1227.00, 16 
76, 1227.0, 1229.92, 1227.00, 13 
77, 1227.0, 1229.88, 1227.00, 18 
78, 1227.0, 1229.85, 1227.00, 15 
79, 1227.0, 1229.81, 1227.00, 15 
80, 1227.0, 1229.78, 1227.00, 18 
81, 1227.0, 1229.74, 1227.00, 16 
82, 1227.0, 1229.71, 1227.00, 18 
83, 1227.0, 1229.68, 1227.00, 16 
84, 1227.0, 1229.65, 1227.00, 17 
85, 1227.0, 1229.62, 1227.00, 19 
86, 1227.0, 1229.59, 1227.00, 17 
87, 1227.0, 1229.56, 1227.00, 13 
88, 1227.0, 1229.53, 1227.00, 17 
89, 1227.0, 1229.50, 1227.00, 17 
90, 1227.0, 1229.47, 1227.00, 18 
91, 1227.0, 1229.45, 1227.00, 15 
92, 1227.0, 1229.42, 1227.00, 17 
93, 1227.0, 1229.39, 1227.00, 14 
94, 1227.0, 1229.37, 1227.00, 16 
95, 1227.0, 1229.34, 1227.00, 16 
96, 1227.0, 1229.32, 1227.00, 19 
97, 1227.0, 1229.30, 1227.00, 15 
98, 1227.0, 1229.27, 1227.00, 20 
99, 1227.0, 1229.25, 1227.00, 17 
100, 1227.0, 1229.23, 1227.00, 17 
101, 1227.0, 1229.21, 1227.00, 18 
102, 1227.0, 1229.18, 1227.00, 18 
103, 1227.0, 1229.16, 1227.00, 16 
104, 1227.0, 1229.14, 1227.00, 14 
105, 1227.0, 1229.12, 1227.00, 15 
106, 1227.0, 1229.10, 1227.00, 14 
107, 1227.0, 1229.08, 1227.00, 17 
108, 1227.0, 1229.06, 1227.00, 15 
109, 1227.0, 1229.05, 1227.00, 17 
110, 1227.0, 1229.03, 1227.00, 16 
111, 1227.0, 1229.01, 1227.00, 15 
112, 1227.0, 1228.99, 1227.00, 15 
113, 1227.0, 1228.97, 1227.00, 14 
114, 1227.0, 1228.96, 1227.00, 19 
115, 1227.0, 1228.94, 1227.00, 19 
116, 1227.0, 1228.92, 1227.00, 15 
117, 1227.0, 1228.91, 1227.00, 19 
118, 1227.0, 1228.89, 1227.00, 16 
119, 1227.0, 1228.88, 1227.00, 13 
120, 1227.0, 1228.86, 1227.00, 16 
121, 1227.0, 1228.84, 1227.00, 15 
122, 1227.0, 1228.83, 1227.00, 15 
123, 1227.0, 1228.81, 1227.00, 15 
124, 1227.0, 1228.80, 1227.00, 18 
125, 1227.0, 1228.79, 1227.00, 16 
126, 1227.0, 1228.77, 1227.00, 15 
127, 1227.0, 1228.76, 1227.00, 13 
128, 1227.0, 1228.74, 1227.00, 17 
129, 1227.0, 1228.73, 1227.00, 15 
130, 1227.0, 1228.72, 1227.00, 14 
131, 1227.0, 1228.70, 1227.00, 14 
132, 1227.0, 1228.69, 1227.00, 13 
133, 1227.0, 1228.68, 1227.00, 13 
134, 1227.0, 1228.67, 1227.00, 12 
135, 1227.0, 1228.65, 1227.00, 13 
136, 1227.0, 1228.64, 1227.00, 13 
137, 1227.0, 1228.63, 1227.00, 12 
138, 1227.0, 1228.62, 1227.00, 13 
139, 1227.0, 1228.61, 1227.00, 17 
140, 1227.0, 1228.60, 1227.00, 15 
141, 1227.0, 1228.58, 1227.00, 15 
142, 1227.0, 1228.57, 1227.00, 15 
143, 1227.0, 1228.56, 1227.00, 14 
144, 1227.0, 1228.55, 1227.00, 16 
145, 1227.0, 1228.54, 1227.00, 21 
146, 1227.0, 1228.53, 1227.00, 16 
147, 1227.0, 1228.52, 1227.00, 12 
148, 1227.0, 1228.51, 1227.00, 16 
149, 1227.0, 1228.50, 1227.00, 14 
150, 1227.0, 1228.49, 1227.00, 13 
0, 1509.0, 1509.00, 1509.00, 1655469759902 
1, 1227.0, 1368.00, 1368.00, 36 
2, 1227.0, 1321.00, 1321.00, 22 
3, 1227.0, 1297.50, 1297.50, 33 
4, 1227.0, 1283.40, 1283.40, 28 
5, 1227.0, 1274.00, 1274.00, 26 
6, 1227.0, 1267.29, 1267.29, 25 
7, 1227.0, 1262.25, 1262.25, 27 
8, 1227.0, 1258.33, 1258.33, 25 
9, 1227.0, 1255.20, 1255.20, 25 
10, 1227.0, 1252.64, 1252.64, 24 
11, 1227.0, 1250.50, 1250.50, 24 
12, 1227.0, 1248.69, 1248.69, 24 
13, 1227.0, 1247.14, 1247.14, 22 
14, 1227.0, 1245.80, 1245.80, 14 
15, 1227.0, 1244.62, 1244.62, 14 
16, 1227.0, 1243.59, 1243.59, 14 
17, 1227.0, 1242.67, 1242.67, 14 
18, 1227.0, 1241.84, 1241.84, 15 
19, 1227.0, 1241.10, 1241.10, 14 
20, 1227.0, 1240.43, 1240.43, 16 
21, 1227.0, 1239.82, 1239.82, 13 
22, 1227.0, 1239.26, 1239.26, 15 
23, 1227.0, 1238.75, 1238.75, 15 
24, 1227.0, 1238.28, 1238.28, 15 
25, 1227.0, 1237.85, 1237.85, 13 
26, 1227.0, 1237.44, 1237.44, 15 
27, 1227.0, 1237.07, 1237.07, 15 
28, 1227.0, 1236.72, 1236.72, 13 
29, 1227.0, 1236.40, 1236.40, 14 
30, 1227.0, 1236.10, 1236.10, 13 
31, 1227.0, 1235.81, 1235.81, 14 
32, 1227.0, 1235.55, 1235.55, 14 
33, 1227.0, 1235.29, 1235.29, 15 
34, 1227.0, 1235.06, 1235.06, 14 
35, 1227.0, 1234.83, 1234.83, 15 
36, 1227.0, 1234.62, 1234.62, 14 
37, 1227.0, 1234.42, 1234.42, 14 
38, 1227.0, 1234.23, 1234.23, 15 
39, 1227.0, 1234.05, 1234.05, 14 
40, 1227.0, 1233.88, 1233.88, 14 
41, 1227.0, 1233.71, 1233.71, 17 
42, 1227.0, 1233.56, 1233.56, 16 
43, 1227.0, 1233.41, 1233.41, 18 
44, 1227.0, 1233.27, 1233.27, 15 
45, 1227.0, 1233.13, 1233.13, 14 
46, 1227.0, 1233.00, 1233.00, 14 
47, 1227.0, 1232.88, 1232.88, 16 
48, 1227.0, 1232.76, 1232.76, 14 
49, 1227.0, 1232.64, 1232.64, 14 
50, 1227.0, 1232.53, 1227.00, 17 
51, 1227.0, 1232.42, 1227.00, 13 
52, 1227.0, 1232.32, 1227.00, 16 
53, 1227.0, 1232.22, 1227.00, 14 
54, 1227.0, 1232.13, 1227.00, 14 
55, 1227.0, 1232.04, 1227.00, 15 
56, 1227.0, 1231.95, 1227.00, 14 
57, 1227.0, 1231.86, 1227.00, 20 
58, 1227.0, 1231.78, 1227.00, 16 
59, 1227.0, 1231.70, 1227.00, 17 
60, 1227.0, 1231.62, 1227.00, 19 
61, 1227.0, 1231.55, 1227.00, 17 
62, 1227.0, 1231.48, 1227.00, 18 
63, 1227.0, 1231.41, 1227.00, 17 
64, 1227.0, 1231.34, 1227.00, 15 
65, 1227.0, 1231.27, 1227.00, 14 
66, 1227.0, 1231.21, 1227.00, 15 
67, 1227.0, 1231.15, 1227.00, 16 
68, 1227.0, 1231.09, 1227.00, 17 
69, 1227.0, 1231.03, 1227.00, 17 
70, 1227.0, 1230.97, 1227.00, 18 
71, 1227.0, 1230.92, 1227.00, 16 
72, 1227.0, 1230.86, 1227.00, 17 
73, 1227.0, 1230.81, 1227.00, 15 
74, 1227.0, 1230.76, 1227.00, 17 
75, 1227.0, 1230.71, 1227.00, 17 
76, 1227.0, 1230.66, 1227.00, 17 
77, 1227.0, 1230.62, 1227.00, 16 
78, 1227.0, 1230.57, 1227.00, 14 
79, 1227.0, 1230.53, 1227.00, 17 
80, 1227.0, 1230.48, 1227.00, 15 
81, 1227.0, 1230.44, 1227.00, 19 
82, 1227.0, 1230.40, 1227.00, 15 
83, 1227.0, 1230.36, 1227.00, 16 
84, 1227.0, 1230.32, 1227.00, 14 
85, 1227.0, 1230.28, 1227.00, 14 
86, 1227.0, 1230.24, 1227.00, 15 
87, 1227.0, 1230.20, 1227.00, 13 
88, 1227.0, 1230.17, 1227.00, 15 
89, 1227.0, 1230.13, 1227.00, 16 
90, 1227.0, 1230.10, 1227.00, 15 
91, 1227.0, 1230.07, 1227.00, 14 
92, 1227.0, 1230.03, 1227.00, 13 
93, 1227.0, 1230.00, 1227.00, 14 
94, 1227.0, 1229.97, 1227.00, 13 
95, 1227.0, 1229.94, 1227.00, 14 
96, 1227.0, 1229.91, 1227.00, 13 
97, 1227.0, 1229.88, 1227.00, 14 
98, 1227.0, 1229.85, 1227.00, 14 
99, 1227.0, 1229.82, 1227.00, 23 
100, 1227.0, 1229.79, 1227.00, 17 
101, 1227.0, 1229.76, 1227.00, 18 
102, 1227.0, 1229.74, 1227.00, 15 
103, 1227.0, 1229.71, 1227.00, 16 
104, 1227.0, 1229.69, 1227.00, 21 
105, 1227.0, 1229.66, 1227.00, 18 
106, 1227.0, 1229.64, 1227.00, 13 
107, 1227.0, 1229.61, 1227.00, 14 
108, 1227.0, 1229.59, 1227.00, 29 
109, 1227.0, 1229.56, 1227.00, 14 
110, 1227.0, 1229.54, 1227.00, 15 
111, 1227.0, 1229.52, 1227.00, 16 
112, 1227.0, 1229.50, 1227.00, 17 
113, 1227.0, 1229.47, 1227.00, 17 
114, 1227.0, 1229.45, 1227.00, 13 
115, 1227.0, 1229.43, 1227.00, 13 
116, 1227.0, 1229.41, 1227.00, 15 
117, 1227.0, 1229.39, 1227.00, 14 
118, 1227.0, 1229.37, 1227.00, 13 
119, 1227.0, 1229.35, 1227.00, 14 
120, 1227.0, 1229.33, 1227.00, 12 
121, 1227.0, 1229.31, 1227.00, 14 
122, 1227.0, 1229.29, 1227.00, 16 
123, 1227.0, 1229.27, 1227.00, 18 
124, 1227.0, 1229.26, 1227.00, 18 
125, 1227.0, 1229.24, 1227.00, 17 
126, 1227.0, 1229.22, 1227.00, 22 
0, 1674.0, 1674.00, 1674.00, 1655470001999 
1, 1227.0, 1450.50, 1450.50, 36 
2, 1227.0, 1376.00, 1376.00, 23 
3, 1227.0, 1338.75, 1338.75, 26 
4, 1227.0, 1316.40, 1316.40, 29 
5, 1227.0, 1301.50, 1301.50, 26 
6, 1227.0, 1290.86, 1290.86, 28 
7, 1227.0, 1282.88, 1282.88, 28 
8, 1227.0, 1276.67, 1276.67, 21 
9, 1227.0, 1271.70, 1271.70, 20 
10, 1227.0, 1267.64, 1267.64, 22 
11, 1227.0, 1264.25, 1264.25, 19 
12, 1227.0, 1261.38, 1261.38, 23 
13, 1227.0, 1258.93, 1258.93, 23 
14, 1227.0, 1256.80, 1256.80, 17 
15, 1227.0, 1254.94, 1254.94, 16 
16, 1227.0, 1253.29, 1253.29, 14 
17, 1227.0, 1251.83, 1251.83, 14 
18, 1227.0, 1250.53, 1250.53, 13 
19, 1227.0, 1249.35, 1249.35, 14 
20, 1227.0, 1248.29, 1248.29, 15 
21, 1227.0, 1247.32, 1247.32, 14 
22, 1227.0, 1246.43, 1246.43, 13 
23, 1227.0, 1245.62, 1245.62, 15 
24, 1227.0, 1244.88, 1244.88, 13 
25, 1227.0, 1244.19, 1244.19, 14 
26, 1227.0, 1243.56, 1243.56, 15 
27, 1227.0, 1242.96, 1242.96, 17 
28, 1227.0, 1242.41, 1242.41, 16 
29, 1227.0, 1241.90, 1241.90, 17 
30, 1227.0, 1241.42, 1241.42, 16 
31, 1227.0, 1240.97, 1240.97, 20 
32, 1227.0, 1240.55, 1240.55, 15 
33, 1227.0, 1240.15, 1240.15, 13 
34, 1227.0, 1239.77, 1239.77, 14 
35, 1227.0, 1239.42, 1239.42, 14 
36, 1227.0, 1239.08, 1239.08, 13 
37, 1227.0, 1238.76, 1238.76, 14 
38, 1227.0, 1238.46, 1238.46, 14 
39, 1227.0, 1238.17, 1238.17, 14 
40, 1227.0, 1237.90, 1237.90, 15 
41, 1227.0, 1237.64, 1237.64, 14 
42, 1227.0, 1237.40, 1237.40, 15 
43, 1227.0, 1237.16, 1237.16, 13 
44, 1227.0, 1236.93, 1236.93, 19 
45, 1227.0, 1236.72, 1236.72, 17 
46, 1227.0, 1236.51, 1236.51, 16 
47, 1227.0, 1236.31, 1236.31, 19 
48, 1227.0, 1236.12, 1236.12, 18 
49, 1227.0, 1235.94, 1235.94, 19 
50, 1227.0, 1235.76, 1227.00, 18 
51, 1227.0, 1235.60, 1227.00, 15 
52, 1227.0, 1235.43, 1227.00, 14 
53, 1227.0, 1235.28, 1227.00, 17 
54, 1227.0, 1235.13, 1227.00, 15 
55, 1227.0, 1234.98, 1227.00, 16 
56, 1227.0, 1234.84, 1227.00, 18 
57, 1227.0, 1234.71, 1227.00, 14 
58, 1227.0, 1234.58, 1227.00, 17 
59, 1227.0, 1234.45, 1227.00, 15 
60, 1227.0, 1234.33, 1227.00, 18 
61, 1227.0, 1234.21, 1227.00, 16 
62, 1227.0, 1234.10, 1227.00, 16 
63, 1227.0, 1233.98, 1227.00, 16 
64, 1227.0, 1233.88, 1227.00, 17 
65, 1227.0, 1233.77, 1227.00, 16 
66, 1227.0, 1233.67, 1227.00, 20 
67, 1227.0, 1233.57, 1227.00, 12 
68, 1227.0, 1233.48, 1227.00, 16 
69, 1227.0, 1233.39, 1227.00, 15 
70, 1227.0, 1233.30, 1227.00, 14 
71, 1227.0, 1233.21, 1227.00, 18 
72, 1227.0, 1233.12, 1227.00, 14 
73, 1227.0, 1233.04, 1227.00, 18 
74, 1227.0, 1232.96, 1227.00, 14 
75, 1227.0, 1232.88, 1227.00, 14 
76, 1227.0, 1232.81, 1227.00, 18 
0, 1452.0, 1452.00, 1452.00, 1655470366659 
0, 1408.0, 1408.00, 1408.00, 1655470970242 
0, 1427.0, 1427.00, 1427.00, 1655471642795 
0, 1302.0, 1302.00, 1302.00, 1655471734364 
0, 1378.0, 1378.00, 1378.00, 1655471794119 
0, 1875.0, 1875.00, 1875.00, 1655471895294 
1, 1142.0, 1508.50, 1508.50, 22375 
0, 1184.0, 1184.00, 1184.00, 1655472011123 
1, 1592.0, 1388.00, 1388.00, 22042 
