99.0, 99.00, 99.00, 99.00, 0.0 
99.0, 99.00, 99.00, 99.00, 0.0 
113.0, 103.67, 103.67, 103.67, 0.0 
131.0, 110.50, 110.50, 110.50, 0.0 
99.0, 108.20, 108.20, 108.20, 0.0 
117.0, 109.67, 109.67, 109.67, 0.0 
99.0, 108.14, 108.14, 108.14, 0.0 
99.0, 107.00, 107.00, 107.00, 0.0 
99.0, 106.11, 106.11, 106.11, 0.0 
99.0, 105.40, 105.40, 105.40, 0.0 
99.0, 104.82, 104.82, 105.40, 0.0 
99.0, 104.33, 104.33, 105.40, 0.0 
81.0, 102.54, 102.54, 102.20, 0.0 
99.0, 102.29, 102.29, 99.00, 0.0 
99.0, 102.07, 102.07, 99.00, 0.0 
99.0, 101.88, 101.88, 97.20, 0.0 
99.0, 101.71, 101.71, 97.20, 0.0 
99.0, 101.56, 101.56, 97.20, 0.0 
99.0, 101.42, 101.42, 97.20, 0.0 
99.0, 101.30, 101.30, 97.20, 0.0 
138.0, 103.05, 103.05, 101.10, 0.0 
99.0, 102.86, 102.86, 101.10, 0.0 
113.0, 103.30, 103.30, 104.30, 0.0 
99.0, 103.12, 103.12, 104.30, 0.0 
99.0, 102.96, 102.96, 104.30, 0.0 
81.0, 102.12, 102.12, 102.50, 0.0 
99.0, 102.00, 102.00, 102.50, 0.0 
99.0, 101.89, 101.89, 102.50, 0.0 
81.0, 101.17, 101.17, 100.70, 0.0 
99.0, 101.10, 101.10, 100.70, 0.0 
99.0, 101.03, 101.03, 96.80, 0.0 
99.0, 100.97, 100.97, 96.80, 0.0 
99.0, 100.91, 100.91, 95.40, 0.0 
99.0, 100.85, 100.85, 95.40, 0.0 
99.0, 100.80, 100.80, 95.40, 0.0 
99.0, 100.75, 100.75, 97.20, 0.0 
113.0, 101.08, 101.08, 98.60, 0.0 
99.0, 101.03, 101.03, 98.60, 0.0 
99.0, 100.97, 100.97, 100.40, 0.0 
99.0, 100.92, 100.92, 100.40, 0.0 
81.0, 100.44, 100.44, 98.60, 0.0 
150.0, 101.62, 101.62, 103.70, 0.0 
113.0, 101.88, 101.88, 105.10, 0.0 
99.0, 101.82, 101.82, 105.10, 0.0 
99.0, 101.76, 101.76, 105.10, 0.0 
99.0, 101.70, 101.70, 105.10, 0.0 
99.0, 101.64, 101.64, 103.70, 0.0 
99.0, 101.58, 101.58, 103.70, 0.0 
99.0, 101.53, 101.53, 103.70, 0.0 
81.0, 101.12, 101.12, 101.90, 0.0 
99.0, 101.08, 101.12, 103.70, 0.0 
99.0, 101.04, 101.12, 98.60, 0.0 
99.0, 101.00, 100.84, 97.20, 0.0 
81.0, 100.63, 99.84, 95.40, 0.0 
99.0, 100.60, 99.84, 95.40, 0.0 
131.0, 101.14, 100.12, 98.60, 0.0 
99.0, 101.11, 100.12, 98.60, 0.0 
117.0, 101.38, 100.48, 100.40, 0.0 
99.0, 101.34, 100.48, 100.40, 0.0 
99.0, 101.30, 100.48, 102.20, 0.0 
99.0, 101.26, 100.48, 102.20, 0.0 
99.0, 101.23, 100.48, 102.20, 0.0 
99.0, 101.19, 100.84, 102.20, 0.0 
99.0, 101.16, 100.84, 104.00, 0.0 
99.0, 101.12, 100.84, 104.00, 0.0 
99.0, 101.09, 100.84, 100.80, 0.0 
117.0, 101.33, 101.20, 102.60, 0.0 
99.0, 101.29, 101.20, 100.80, 0.0 
113.0, 101.46, 101.48, 102.20, 0.0 
99.0, 101.43, 101.48, 102.20, 0.0 
138.0, 101.94, 101.48, 106.10, 0.0 
117.0, 102.15, 101.84, 107.90, 0.0 
99.0, 102.11, 101.56, 107.90, 0.0 
99.0, 102.07, 101.56, 107.90, 0.0 
99.0, 102.03, 101.56, 107.90, 0.0 
99.0, 101.99, 101.92, 107.90, 0.0 
99.0, 101.95, 101.92, 106.10, 0.0 
99.0, 101.91, 101.92, 106.10, 0.0 
99.0, 101.87, 102.28, 104.70, 0.0 
99.0, 101.84, 102.28, 104.70, 0.0 
99.0, 101.80, 102.28, 100.80, 0.0 
99.0, 101.77, 102.28, 99.00, 0.0 
99.0, 101.73, 102.28, 99.00, 0.0 
99.0, 101.70, 102.28, 99.00, 0.0 
124.0, 101.96, 102.78, 101.50, 0.0 
99.0, 101.93, 102.78, 101.50, 0.0 
99.0, 101.90, 102.50, 101.50, 0.0 
99.0, 101.86, 102.50, 101.50, 0.0 
99.0, 101.83, 102.50, 101.50, 0.0 
99.0, 101.80, 102.50, 101.50, 0.0 
99.0, 101.77, 102.86, 101.50, 0.0 
99.0, 101.74, 101.84, 101.50, 0.0 
99.0, 101.71, 101.56, 101.50, 0.0 
99.0, 101.68, 101.56, 101.50, 0.0 
99.0, 101.65, 101.56, 99.00, 0.0 
81.0, 101.44, 101.20, 97.20, 0.0 
106.0, 101.48, 101.34, 97.90, 0.0 
99.0, 101.46, 101.34, 97.90, 0.0 
99.0, 101.43, 101.34, 97.90, 0.0 
99.0, 101.41, 101.70, 97.90, 0.0 
99.0, 101.39, 101.70, 97.90, 0.0 
81.0, 101.19, 101.34, 96.10, 0.0 
113.0, 101.30, 101.62, 97.50, 0.0 
99.0, 101.28, 101.98, 97.50, 0.0 
99.0, 101.26, 101.98, 97.50, 0.0 
81.0, 101.07, 100.98, 97.50, 0.0 
113.0, 101.18, 101.26, 98.20, 0.0 
120.0, 101.35, 101.32, 100.30, 0.0 
99.0, 101.33, 101.32, 100.30, 0.0 
99.0, 101.31, 101.32, 100.30, 0.0 
99.0, 101.29, 101.32, 100.30, 0.0 
99.0, 101.27, 101.32, 102.10, 0.0 
99.0, 101.25, 101.32, 100.70, 0.0 
99.0, 101.23, 101.32, 100.70, 0.0 
99.0, 101.21, 101.32, 100.70, 0.0 
99.0, 101.19, 101.32, 102.50, 0.0 
99.0, 101.17, 100.96, 101.10, 0.0 
113.0, 101.27, 101.24, 100.40, 0.0 
99.0, 101.25, 100.96, 100.40, 0.0 
81.0, 101.08, 100.60, 98.60, 0.0 
99.0, 101.07, 99.82, 98.60, 0.0 
99.0, 101.05, 99.46, 98.60, 0.0 
99.0, 101.03, 99.46, 98.60, 0.0 
99.0, 101.02, 99.46, 98.60, 0.0 
113.0, 101.11, 99.74, 100.00, 0.0 
99.0, 101.10, 99.74, 100.00, 0.0 
99.0, 101.08, 99.74, 100.00, 0.0 
99.0, 101.06, 99.74, 98.60, 0.0 
99.0, 101.05, 99.74, 98.60, 0.0 
113.0, 101.14, 100.02, 101.80, 0.0 
99.0, 101.12, 100.02, 101.80, 0.0 
131.0, 101.35, 100.66, 105.00, 0.0 
124.0, 101.52, 101.16, 107.50, 0.0 
99.0, 101.50, 101.16, 107.50, 0.0 
99.0, 101.48, 100.66, 106.10, 0.0 
155.0, 101.88, 101.78, 111.70, 0.0 
99.0, 101.85, 101.78, 111.70, 0.0 
126.0, 102.03, 102.32, 114.40, 0.0 
99.0, 102.01, 102.32, 114.40, 0.0 
106.0, 102.04, 102.46, 113.70, 0.0 
99.0, 102.01, 102.46, 113.70, 0.0 
99.0, 101.99, 102.46, 110.50, 0.0 
99.0, 101.97, 102.46, 108.00, 0.0 
99.0, 101.95, 102.46, 108.00, 0.0 
99.0, 101.93, 102.46, 108.00, 0.0 
99.0, 101.91, 102.82, 102.40, 0.0 
99.0, 101.89, 102.68, 102.40, 0.0 
117.0, 101.99, 103.04, 101.50, 0.0 
138.0, 102.23, 103.82, 105.40, 0.0 
99.0, 102.21, 103.82, 104.70, 0.0 
81.0, 102.07, 103.46, 102.90, 0.0 
156.0, 102.43, 104.96, 108.60, 0.0 
113.0, 102.50, 104.96, 110.00, 0.0 
99.0, 102.47, 104.96, 110.00, 0.0 
99.0, 102.45, 104.96, 110.00, 0.0 
113.0, 102.52, 105.60, 111.40, 0.0 
99.0, 102.50, 105.32, 111.40, 0.0 
99.0, 102.47, 104.90, 109.60, 0.0 
113.0, 102.54, 105.18, 107.10, 0.0 
99.0, 102.52, 105.18, 107.10, 0.0 
99.0, 102.50, 105.18, 108.90, 0.0 
99.0, 102.48, 105.18, 103.20, 0.0 
99.0, 102.45, 105.18, 101.80, 0.0 
99.0, 102.43, 105.18, 101.80, 0.0 
99.0, 102.41, 105.18, 101.80, 0.0 
99.0, 102.39, 105.18, 100.40, 0.0 
99.0, 102.37, 105.18, 100.40, 0.0 
131.0, 102.54, 105.54, 103.60, 0.0 
99.0, 102.52, 105.54, 102.20, 0.0 
99.0, 102.50, 105.90, 102.20, 0.0 
99.0, 102.48, 105.90, 102.20, 0.0 
117.0, 102.56, 106.26, 104.00, 0.0 
113.0, 102.62, 106.54, 105.40, 0.0 
99.0, 102.60, 106.54, 105.40, 0.0 
99.0, 102.58, 106.26, 105.40, 0.0 
99.0, 102.56, 106.26, 105.40, 0.0 
81.0, 102.44, 105.90, 103.60, 0.0 
117.0, 102.52, 106.26, 102.20, 0.0 
124.0, 102.64, 106.76, 104.70, 0.0 
99.0, 102.62, 106.48, 104.70, 0.0 
99.0, 102.60, 106.48, 104.70, 0.0 
241.0, 241.00, 241.00, 241.00, 0.0 
214.0, 227.50, 227.50, 227.50, 0.0 
147.0, 200.67, 200.67, 200.67, 0.0 
215.0, 204.25, 204.25, 204.25, 0.0 
90.0, 181.40, 181.40, 181.40, 0.0 
136.0, 173.83, 173.83, 173.83, 0.0 
90.0, 161.86, 161.86, 161.86, 0.0 
108.0, 155.12, 155.12, 155.12, 0.0 
158.0, 155.44, 155.44, 155.44, 0.0 
123.0, 152.20, 152.20, 152.20, 0.0 
124.0, 149.64, 149.64, 140.50, 0.0 
143.0, 149.08, 149.08, 133.40, 0.0 
159.0, 149.85, 149.85, 134.60, 0.0 
175.0, 151.64, 151.64, 130.60, 0.0 
162.0, 152.33, 152.33, 137.80, 0.0 
165.0, 153.12, 153.12, 140.70, 0.0 
162.0, 153.65, 153.65, 147.90, 0.0 
231.0, 157.94, 157.94, 160.20, 0.0 
202.0, 160.26, 160.26, 164.60, 0.0 
162.0, 160.35, 160.35, 168.50, 0.0 
171.0, 160.86, 160.86, 173.20, 0.0 
177.0, 161.59, 161.59, 176.60, 0.0 
165.0, 161.74, 161.74, 177.20, 0.0 
108.0, 159.50, 159.50, 170.50, 0.0 
203.0, 161.24, 161.24, 174.60, 0.0 
146.0, 160.65, 160.65, 172.70, 0.0 
115.0, 158.96, 158.96, 168.00, 0.0 
169.0, 159.32, 159.32, 161.80, 0.0 
276.0, 163.34, 163.34, 169.20, 0.0 
226.0, 165.43, 165.43, 175.60, 0.0 
214.0, 167.00, 167.00, 179.90, 0.0 
90.0, 164.59, 164.59, 171.20, 0.0 
108.0, 162.88, 162.88, 165.50, 0.0 
136.0, 162.09, 162.09, 168.30, 0.0 
156.0, 161.91, 161.91, 163.60, 0.0 
170.0, 162.14, 162.14, 166.00, 0.0 
90.0, 160.19, 160.19, 163.50, 0.0 
147.0, 159.84, 159.84, 161.30, 0.0 
181.0, 160.38, 160.38, 151.80, 0.0 
204.0, 161.47, 161.47, 149.60, 0.0 
237.0, 163.32, 163.32, 151.90, 0.0 
171.0, 163.50, 163.50, 160.00, 0.0 
144.0, 163.05, 163.05, 163.60, 0.0 
204.0, 163.98, 163.98, 170.40, 0.0 
168.0, 164.07, 164.07, 171.60, 0.0 
207.0, 165.00, 165.00, 175.30, 0.0 
171.0, 165.13, 165.13, 183.40, 0.0 
156.0, 164.94, 164.94, 184.30, 0.0 
159.0, 164.82, 164.82, 182.10, 0.0 
122.0, 163.96, 163.96, 173.90, 0.0 
237.0, 165.39, 163.88, 173.90, 0.0 
90.0, 163.94, 161.40, 165.80, 0.0 
186.0, 164.36, 162.18, 170.00, 0.0 
133.0, 163.78, 160.54, 162.90, 0.0 
171.0, 163.91, 162.16, 163.20, 0.0 
113.0, 163.00, 161.70, 153.80, 0.0 
166.0, 163.05, 163.22, 153.30, 0.0 
174.0, 163.24, 164.54, 155.10, 0.0 
189.0, 163.68, 165.16, 158.10, 0.0 
139.0, 163.27, 165.48, 159.80, 0.0 
243.0, 164.57, 167.86, 160.40, 0.0 
90.0, 163.37, 166.80, 160.40, 0.0 
116.0, 162.62, 165.94, 153.40, 0.0 
108.0, 161.77, 164.60, 150.90, 0.0 
144.0, 161.49, 164.24, 148.20, 0.0 
108.0, 160.68, 163.10, 147.70, 0.0 
142.0, 160.40, 162.70, 145.30, 0.0 
144.0, 160.16, 160.96, 142.30, 0.0 
243.0, 161.36, 161.78, 147.70, 0.0 
216.0, 162.14, 162.86, 155.40, 0.0 
193.0, 162.58, 163.30, 150.40, 0.0 
205.0, 163.17, 163.86, 161.90, 0.0 
124.0, 162.63, 163.04, 162.70, 0.0 
142.0, 162.35, 163.72, 166.10, 0.0 
153.0, 162.23, 162.72, 167.00, 0.0 
133.0, 161.84, 162.46, 169.50, 0.0 
203.0, 162.38, 164.22, 175.60, 0.0 
193.0, 162.77, 164.70, 180.50, 0.0 
172.0, 162.89, 162.62, 173.40, 0.0 
142.0, 162.62, 160.94, 166.00, 0.0 
197.0, 163.05, 160.60, 166.40, 0.0 
191.0, 163.39, 162.62, 165.00, 0.0 
108.0, 162.72, 162.62, 163.40, 0.0 
144.0, 162.50, 162.78, 163.60, 0.0 
180.0, 162.71, 163.26, 166.30, 0.0 
149.0, 162.55, 162.84, 167.90, 0.0 
231.0, 163.33, 165.66, 170.70, 0.0 
113.0, 162.76, 164.98, 162.70, 0.0 
153.0, 162.65, 164.42, 160.80, 0.0 
143.0, 162.43, 163.20, 160.90, 0.0 
135.0, 162.13, 161.16, 154.70, 0.0 
203.0, 162.58, 161.80, 155.90, 0.0 
162.0, 162.57, 162.16, 161.30, 0.0 
150.0, 162.44, 161.08, 161.90, 0.0 
90.0, 161.67, 159.52, 152.90, 0.0 
258.0, 162.68, 160.54, 163.80, 0.0 
153.0, 162.58, 160.18, 156.00, 0.0 
115.0, 162.09, 159.36, 156.20, 0.0 
184.0, 162.31, 159.86, 159.30, 0.0 
212.0, 162.81, 161.66, 166.20, 0.0 
158.0, 162.76, 160.08, 168.50, 0.0 
126.0, 162.40, 160.80, 160.80, 0.0 
141.0, 162.19, 159.90, 158.70, 0.0 
154.0, 162.12, 160.32, 159.10, 0.0 
216.0, 162.63, 161.22, 171.70, 0.0 
152.0, 162.53, 162.00, 161.10, 0.0 
90.0, 161.85, 160.48, 154.80, 0.0 
186.0, 162.07, 160.72, 161.90, 0.0 
219.0, 162.60, 161.32, 165.40, 0.0 
198.0, 162.92, 162.50, 164.00, 0.0 
141.0, 162.72, 160.46, 162.30, 0.0 
184.0, 162.91, 162.34, 168.10, 0.0 
192.0, 163.17, 163.86, 173.20, 0.0 
160.0, 163.14, 164.90, 173.80, 0.0 
136.0, 162.90, 164.74, 165.80, 0.0 
189.0, 163.13, 166.36, 169.50, 0.0 
168.0, 163.17, 166.88, 177.30, 0.0 
188.0, 163.38, 167.76, 177.50, 0.0 
192.0, 163.62, 166.74, 174.80, 0.0 
90.0, 163.01, 164.22, 164.00, 0.0 
199.0, 163.31, 164.34, 169.80, 0.0 
127.0, 163.01, 162.78, 164.10, 0.0 
170.0, 163.07, 163.70, 161.90, 0.0 
124.0, 162.75, 163.34, 158.30, 0.0 
149.0, 162.64, 163.26, 159.60, 0.0 
221.0, 163.10, 165.02, 162.80, 0.0 
174.0, 163.19, 164.44, 163.40, 0.0 
166.0, 163.21, 163.90, 161.20, 0.0 
189.0, 163.41, 164.24, 160.90, 0.0 
195.0, 163.65, 165.30, 171.40, 0.0 
142.0, 163.49, 164.20, 165.70, 0.0 
174.0, 163.57, 163.86, 170.40, 0.0 
220.0, 163.99, 166.10, 175.40, 0.0 
198.0, 164.25, 167.18, 182.80, 0.0 
152.0, 164.16, 166.62, 183.10, 0.0 
141.0, 163.99, 166.46, 175.10, 0.0 
90.0, 163.45, 163.64, 166.70, 0.0 
226.0, 163.90, 165.90, 172.70, 0.0 
174.0, 163.97, 166.32, 171.20, 0.0 
108.0, 163.57, 165.62, 162.50, 0.0 
175.0, 163.65, 166.42, 165.80, 0.0 
227.0, 164.10, 166.90, 171.10, 0.0 
152.0, 164.01, 166.70, 164.30, 0.0 
198.0, 164.25, 167.66, 164.30, 0.0 
228.0, 164.69, 170.42, 171.90, 0.0 
99.0, 164.24, 167.24, 167.70, 0.0 
174.0, 164.31, 167.66, 176.10, 0.0 
199.0, 164.54, 169.34, 173.40, 0.0 
164.0, 164.54, 168.94, 172.40, 0.0 
234.0, 165.00, 169.38, 185.00, 0.0 
174.0, 165.06, 169.70, 184.90, 0.0 
139.0, 164.89, 169.96, 176.10, 0.0 
90.0, 164.40, 168.94, 169.90, 0.0 
99.0, 163.97, 167.84, 160.00, 0.0 
193.0, 164.16, 167.38, 156.50, 0.0 
136.0, 163.98, 167.06, 160.20, 0.0 
156.0, 163.93, 168.38, 158.40, 0.0 
203.0, 164.18, 168.72, 158.80, 0.0 
202.0, 164.42, 168.38, 162.60, 0.0 
90.0, 163.95, 166.22, 148.20, 0.0 
81.0, 81.00, 81.00, 81.00, 0.0 
81.0, 81.00, 81.00, 81.00, 41.00245338723063 
81.0, 81.00, 81.00, 81.00, 40.93561922952533 
81.0, 81.00, 81.00, 81.00, 42.6701751883328 
81.0, 81.00, 81.00, 81.00, 41.036679055094716 
132.0, 89.50, 89.50, 89.50, 41.916059233099226 
181.0, 102.57, 102.57, 102.57, 40.99872901707887 
81.0, 99.88, 99.88, 99.88, 40.05346599072218 
144.0, 104.78, 104.78, 104.78, 42.93899283528328 
157.0, 110.00, 110.00, 110.00, 43.10927638873458 
108.0, 109.82, 109.82, 112.70, 41.863205558806655 
122.0, 110.83, 110.83, 116.80, 41.48377284541726 
81.0, 108.54, 108.54, 116.80, 42.14714107453823 
81.0, 106.57, 106.57, 116.80, 41.44004331752658 
134.0, 108.40, 108.40, 122.10, 40.98213809654117 
81.0, 106.69, 106.69, 117.00, 41.830265901535746 
217.0, 113.18, 113.18, 120.60, 43.198161621987815 
99.0, 112.39, 112.39, 122.40, 43.40871258750558 
153.0, 114.53, 114.53, 123.30, 41.122427419871094 
81.0, 112.85, 112.85, 115.70, 42.68640070527792 
201.0, 117.05, 117.05, 125.00, 42.59476578757167 
81.0, 115.41, 115.41, 120.90, 43.875153320878745 
149.0, 116.87, 116.87, 127.70, 42.265238357484336 
81.0, 115.38, 115.38, 127.70, 43.05482426941395 
145.0, 116.56, 116.56, 128.80, 41.50810287907719 
81.0, 115.19, 115.19, 128.80, 42.048948620706796 
81.0, 113.93, 113.93, 115.20, 43.19894767060876 
180.0, 116.29, 116.29, 123.30, 42.437159250676636 
122.0, 116.48, 116.48, 120.20, 41.636642062515016 
149.0, 117.57, 117.57, 127.00, 42.837350371778015 
81.0, 116.39, 116.39, 115.00, 41.51474443629384 
81.0, 115.28, 115.28, 115.00, 41.88644524857402 
140.0, 116.03, 116.03, 114.10, 43.062294577360156 
81.0, 115.00, 115.00, 114.10, 44.203265007734295 
81.0, 114.03, 114.03, 107.70, 43.04567158654332 
81.0, 113.11, 113.11, 107.70, 43.24658506840467 
217.0, 115.92, 115.92, 121.30, 43.455537239313124 
81.0, 115.00, 115.00, 111.40, 42.1322205747664 
81.0, 114.13, 114.13, 107.30, 42.27183843612671 
138.0, 114.72, 114.72, 106.20, 42.651674231886865 
81.0, 113.90, 113.90, 106.20, 42.9677086392045 
152.0, 114.81, 114.81, 113.30, 44.00885600164533 
81.0, 114.02, 114.02, 107.40, 43.59676122128964 
81.0, 113.27, 113.27, 107.40, 43.72638387858868 
134.0, 113.73, 113.73, 112.70, 44.89272918015719 
134.0, 114.17, 114.17, 118.00, 44.355354202687735 
81.0, 113.47, 113.47, 104.40, 45.040149466842415 
81.0, 112.79, 112.79, 104.40, 42.881768415123226 
108.0, 112.69, 112.69, 107.10, 43.43377814769745 
81.0, 112.06, 112.06, 101.40, 42.936405234932906 
81.0, 111.45, 112.06, 101.40, 42.60405162289739 
184.0, 112.85, 114.12, 104.60, 43.21685354858637 
99.0, 112.58, 114.48, 106.40, 44.49255012720823 
81.0, 112.00, 114.48, 106.40, 44.57277133136987 
81.0, 111.44, 114.48, 101.10, 42.91461305469275 
99.0, 111.21, 113.82, 97.60, 43.870776708126066 
81.0, 110.68, 111.82, 97.60, 45.09762389078737 
134.0, 111.09, 112.88, 102.90, 44.939246747642756 
81.0, 110.58, 111.62, 100.20, 44.85522141560912 
108.0, 110.53, 110.64, 102.90, 44.398459150493146 
81.0, 110.05, 110.10, 102.90, 45.32237730100751 
81.0, 109.58, 109.28, 92.60, 44.45571422740817 
81.0, 109.13, 109.28, 90.80, 44.79972780257463 
81.0, 108.69, 109.28, 90.80, 44.10859489649534 
108.0, 108.68, 108.76, 93.50, 44.68099635645747 
81.0, 108.26, 108.76, 91.70, 44.85941414102912 
81.0, 107.85, 106.04, 91.70, 44.82889005213976 
81.0, 107.46, 105.68, 86.40, 45.44502224072814 
81.0, 107.07, 104.24, 86.40, 44.886980073451994 
81.0, 106.70, 104.24, 83.70, 45.692660690546035 
81.0, 106.34, 101.84, 83.70, 44.906577012687926 
81.0, 105.99, 101.84, 83.70, 44.510355720967056 
134.0, 106.37, 101.54, 89.00, 46.24577946960926 
81.0, 106.03, 101.54, 89.00, 44.73493108034133 
81.0, 105.69, 100.26, 86.30, 43.90517508432269 
126.0, 105.96, 101.16, 90.80, 45.27903140813112 
99.0, 105.87, 101.52, 92.60, 44.97370652094483 
168.0, 106.67, 101.28, 101.30, 44.52494809314609 
81.0, 106.34, 100.46, 101.30, 46.790882768779994 
130.0, 106.64, 100.08, 106.20, 46.289087356925016 
126.0, 106.88, 100.98, 110.70, 46.35150637194514 
81.0, 106.56, 100.98, 110.70, 45.279708402603866 
81.0, 106.25, 99.80, 105.40, 46.02353381842375 
126.0, 106.49, 100.70, 109.90, 45.393379371464256 
81.0, 106.19, 100.70, 109.90, 45.189802331328394 
134.0, 106.51, 101.76, 110.70, 45.91259834557771 
81.0, 106.22, 99.04, 108.90, 44.816838573217396 
81.0, 105.93, 99.04, 100.20, 45.67262932062149 
144.0, 106.36, 100.30, 106.50, 45.55443198144435 
99.0, 106.28, 99.52, 103.40, 44.866436536610124 
81.0, 106.00, 99.52, 98.90, 46.577326020151375 
81.0, 105.73, 98.10, 98.90, 46.47483776763081 
81.0, 105.46, 98.10, 98.90, 46.04433555141091 
99.0, 105.39, 98.46, 96.20, 46.523691404163834 
185.0, 106.23, 99.48, 106.60, 46.85508606925607 
81.0, 105.97, 98.42, 101.30, 47.55528134465217 
81.0, 105.71, 98.42, 101.30, 47.69569494411349 
227.0, 106.95, 101.34, 115.90, 45.640644293725494 
99.0, 106.87, 101.16, 111.40, 46.00400694742799 
81.0, 106.61, 101.16, 109.60, 47.06457411020994 
81.0, 106.36, 101.16, 109.60, 47.018340919464826 
81.0, 106.11, 99.10, 109.60, 47.46056561306119 
81.0, 105.86, 98.74, 109.60, 46.8465013115108 
81.0, 105.62, 98.74, 107.80, 46.72948086798191 
162.0, 106.16, 100.36, 105.50, 46.18014466434717 
81.0, 105.92, 100.00, 105.50, 48.08030317738652 
81.0, 105.69, 100.00, 105.50, 46.930035998672246 
81.0, 105.46, 98.94, 90.90, 46.96467160373926 
99.0, 105.40, 99.30, 90.90, 47.094244217723606 
131.0, 105.64, 99.76, 95.90, 47.11061443850398 
81.0, 105.41, 99.76, 95.90, 47.21314095497131 
156.0, 105.87, 101.26, 103.40, 47.47865334928036 
81.0, 105.65, 101.26, 103.40, 48.14391779825092 
113.0, 105.71, 101.90, 106.60, 46.87442873373627 
99.0, 105.65, 101.72, 100.30, 48.59772336602211 
99.0, 105.59, 102.08, 102.10, 48.031721895039084 
138.0, 105.87, 103.22, 107.80, 48.072762732803824 
81.0, 105.66, 103.22, 107.80, 47.8981547985971 
131.0, 105.87, 104.22, 111.00, 48.13808065786958 
81.0, 105.67, 104.22, 106.00, 48.07835477113724 
81.0, 105.46, 104.22, 106.00, 48.38058748304844 
81.0, 105.26, 104.22, 98.50, 47.67458302617073 
81.0, 105.07, 103.16, 98.50, 48.33057729497552 
81.0, 104.87, 103.16, 95.30, 47.693513260781764 
99.0, 104.82, 103.52, 95.30, 47.79696894139052 
99.0, 104.78, 102.98, 95.30, 48.763735819458965 
162.0, 105.23, 104.24, 97.70, 47.28678744792938 
182.0, 105.83, 104.52, 107.80, 48.670763989090915 
81.0, 105.64, 104.52, 102.80, 48.786300543844696 
113.0, 105.69, 104.18, 106.00, 48.784638589024546 
113.0, 105.75, 103.92, 109.20, 48.00290019840002 
81.0, 105.56, 103.92, 109.20, 49.118205323964354 
81.0, 105.38, 103.92, 109.20, 50.09836091279983 
81.0, 105.19, 103.02, 109.20, 48.70976770296693 
148.0, 105.51, 104.36, 114.10, 48.36743196576833 
138.0, 105.75, 104.44, 118.00, 47.66216604486108 
138.0, 105.99, 105.58, 115.60, 49.25797535955906 
81.0, 105.80, 105.58, 105.50, 48.97919024705887 
99.0, 105.76, 104.68, 107.30, 50.32865583926439 
134.0, 105.96, 105.38, 109.40, 49.079796848148106 
99.0, 105.91, 105.74, 108.00, 50.291920086890464 
99.0, 105.86, 106.10, 109.80, 49.13847111850977 
81.0, 105.69, 106.10, 109.80, 49.655127692520615 
81.0, 105.51, 105.74, 109.80, 47.70735219419002 
113.0, 105.57, 104.30, 106.30, 49.146834591329096 
81.0, 105.40, 104.30, 100.60, 49.653661298006774 
81.0, 105.23, 104.30, 94.90, 49.66662486478687 
113.0, 105.28, 102.02, 98.10, 49.546659670472145 
81.0, 105.12, 101.66, 96.30, 50.32164086088538 
81.0, 104.96, 101.66, 91.00, 49.563319291323424 
99.0, 104.92, 102.02, 91.00, 48.848206016421315 
99.0, 104.88, 102.38, 91.00, 48.662568459659816 
113.0, 104.93, 103.02, 94.20, 50.55471747368574 
122.0, 105.05, 103.84, 98.30, 48.83174424335361 
81.0, 104.89, 102.22, 95.10, 48.51732673287392 
162.0, 105.26, 103.84, 103.20, 49.831635988354684 
99.0, 105.22, 104.20, 105.00, 50.476989406943325 
81.0, 105.06, 104.20, 101.80, 51.24532166853547 
81.0, 104.91, 103.84, 101.80, 48.916493580937384 
99.0, 104.88, 103.20, 103.60, 49.64467055484652 
81.0, 104.73, 103.20, 101.80, 50.68177120283246 
81.0, 104.58, 101.70, 100.00, 50.34027778163552 
81.0, 104.44, 101.70, 96.80, 50.9128468734026 
181.0, 104.90, 103.06, 102.70, 51.2152209225297 
134.0, 105.08, 103.76, 108.00, 49.9497905190289 
137.0, 105.27, 104.52, 105.50, 50.53539791956544 
134.0, 105.44, 104.44, 109.00, 51.015796633958814 
81.0, 105.30, 104.44, 109.00, 51.946861159801486 
81.0, 105.15, 103.44, 109.00, 49.66020636320114 
81.0, 105.01, 103.44, 107.20, 50.10789388686419 
81.0, 104.87, 103.44, 107.20, 50.80732943102718 
99.0, 104.84, 103.80, 109.00, 51.3013340677321 
99.0, 104.80, 104.16, 110.80, 50.495677860528225 
81.0, 104.67, 104.16, 100.80, 50.71917991429568 
81.0, 104.53, 103.80, 95.50, 50.769201471358535 
99.0, 104.50, 103.80, 91.70, 50.549113990366465 
81.0, 104.37, 102.18, 86.40, 49.3805678088963 
81.0, 104.24, 100.16, 86.40, 49.90347742617131 
99.0, 104.21, 100.52, 88.20, 51.34015080884099 
99.0, 104.18, 100.24, 90.00, 49.70974485218525 
113.0, 104.23, 100.24, 93.20, 52.07844994559884 
99.0, 104.20, 100.60, 93.20, 51.76084790199995 
134.0, 104.36, 101.66, 96.70, 50.93269739583135 
81.0, 104.23, 101.66, 96.70, 50.44308446466923 
136.0, 104.41, 101.42, 102.20, 50.94116632819176 
81.0, 104.28, 100.28, 100.40, 51.72490882247687 
81.0, 104.16, 99.14, 100.40, 51.908877144008876 
113.0, 104.20, 99.78, 103.60, 52.036826485097414 
81.0, 104.08, 99.42, 101.80, 52.16203579321503 
81.0, 103.96, 98.36, 100.00, 52.37089494511485 
113.0, 104.01, 98.64, 100.00, 52.18345563143492 
81.0, 103.89, 98.28, 98.20, 51.40587746277452 
81.0, 103.77, 98.28, 92.90, 51.943055420815945 
81.0, 103.65, 98.28, 92.90, 51.858838715851306 
138.0, 103.83, 98.78, 93.10, 53.84327364385128 
113.0, 103.87, 99.42, 96.30, 52.55282396927476 
81.0, 103.76, 99.42, 96.30, 52.503317862153054 
201.0, 104.25, 101.18, 105.10, 51.72556629359722 
81.0, 104.13, 101.18, 105.10, 53.83182006284595 
177.0, 104.50, 103.10, 114.70, 51.29555669054389 
81.0, 104.38, 102.74, 111.50, 52.674858372956514 
81.0, 104.26, 102.38, 111.50, 51.384276518672706 
99.0, 104.24, 102.10, 113.30, 52.293344648033376 
81.0, 104.12, 101.28, 113.30, 52.44196054056287 
174.0, 104.46, 103.14, 116.90, 51.8619572237134 
81.0, 104.35, 101.52, 113.70, 52.57500337153673 
81.0, 104.24, 101.16, 113.70, 52.25036506310105 
81.0, 104.12, 101.16, 101.70, 52.10629113525152 
198.0, 104.57, 103.50, 113.40, 53.09477351367474 
99.0, 104.55, 103.50, 105.60, 52.44118462219834 
81.0, 104.44, 103.50, 105.60, 52.78866126313806 
81.0, 104.33, 103.50, 105.60, 53.27412411019206 
113.0, 104.37, 104.14, 107.00, 53.813096065968274 
81.0, 104.26, 102.14, 107.00, 52.87517288535833 
81.0, 104.15, 101.08, 97.70, 53.00661400347948 
113.0, 104.19, 100.60, 100.90, 52.94204830884934 
134.0, 104.33, 100.60, 106.20, 52.32053868681193 
138.0, 104.48, 101.74, 111.90, 52.58846709787846 
99.0, 104.46, 102.10, 102.00, 52.413215394616124 
81.0, 104.35, 102.10, 100.20, 53.05773601189256 
81.0, 104.24, 102.10, 100.20, 53.26361162468791 
81.0, 104.14, 101.74, 100.20, 54.44729555547237 
108.0, 104.16, 101.92, 99.70, 54.01938657090068 
81.0, 104.05, 101.92, 99.70, 52.74081759721041 
81.0, 103.95, 101.92, 99.70, 52.497677574008705 
81.0, 103.85, 101.56, 96.50, 53.16198372200132 
99.0, 103.83, 101.92, 93.00, 50.85513352587819 
138.0, 103.98, 103.06, 93.00, 53.748892674297096 
134.0, 104.11, 103.76, 96.50, 53.42987035050988 
99.0, 104.09, 103.76, 98.30, 53.921159067749976 
81.0, 103.99, 103.12, 98.30, 54.49674436926841 
81.0, 103.89, 102.76, 98.30, 53.228181740641595 
99.0, 103.87, 102.06, 97.40, 54.06002973720432 
138.0, 104.01, 103.20, 103.10, 52.476676146537066 
81.0, 103.91, 102.10, 103.10, 52.83335362896323 
189.0, 104.28, 104.26, 113.90, 54.51946846470237 
99.0, 104.25, 104.62, 113.90, 53.202668047696356 
81.0, 104.16, 103.98, 108.20, 54.33561865881086 
134.0, 104.28, 105.04, 108.20, 55.053082046806814 
189.0, 104.63, 107.20, 117.20, 54.775393555462365 
176.0, 104.93, 108.46, 126.70, 54.884546961933374 
81.0, 104.83, 108.46, 126.70, 54.08872165560722 
134.0, 104.95, 109.52, 130.20, 55.393268368542195 
117.0, 105.00, 110.24, 128.10, 53.53740572780371 
81.0, 104.90, 109.10, 128.10, 54.3717976270616 
138.0, 105.04, 109.60, 123.00, 54.68440357714891 
113.0, 105.07, 110.24, 124.40, 56.3134963850677 
148.0, 105.24, 109.18, 131.10, 53.64106323838234 
81.0, 105.14, 109.18, 125.80, 54.31122481897473 
81.0, 105.05, 107.26, 115.00, 54.38834820896387 
113.0, 105.08, 107.90, 108.70, 54.18557904347777 
99.0, 105.06, 108.26, 110.50, 54.32489010930062 
180.0, 105.35, 109.88, 115.10, 55.36554445579648 
81.0, 105.26, 109.88, 111.50, 54.36262645438314 
81.0, 105.16, 108.02, 111.50, 55.31829874098301 
81.0, 105.07, 108.02, 105.80, 54.157457801252605 
99.0, 105.04, 108.38, 104.40, 55.78243139460683 
81.0, 104.95, 108.38, 97.70, 54.396299662292 
81.0, 104.86, 106.04, 97.70, 54.092883686274284 
126.0, 104.94, 106.58, 102.20, 55.44177871629596 
138.0, 105.07, 107.72, 104.70, 52.993752818405625 
81.0, 104.97, 107.72, 102.90, 55.963778328001496 
81.0, 104.88, 107.08, 93.00, 56.55790039524436 
81.0, 104.79, 107.08, 93.00, 54.088371793180706 
99.0, 104.77, 107.44, 94.80, 55.36817144483328 
81.0, 104.68, 106.80, 94.80, 55.68386466085911 
138.0, 104.81, 106.88, 98.70, 54.783385833799834 
99.0, 104.78, 106.10, 100.50, 55.24160123214126 
162.0, 105.00, 107.36, 108.60, 55.107497703284025 
99.0, 104.97, 107.72, 105.90, 55.85875928208232 
81.0, 104.89, 107.72, 100.20, 56.31468895107508 
152.0, 105.06, 109.14, 107.30, 55.70899835139513 
81.0, 104.97, 108.60, 107.30, 56.31055466651917 
99.0, 104.95, 108.96, 109.10, 56.62599720239639 
99.0, 104.93, 109.32, 109.10, 55.98894819259643 
81.0, 104.84, 109.32, 109.10, 55.13496915757656 
99.0, 104.82, 109.32, 105.20, 53.49861509129405 
81.0, 104.73, 108.18, 103.40, 55.540583074092865 
81.0, 104.65, 107.12, 95.30, 56.84040439859033 
81.0, 104.56, 106.76, 93.50, 54.79542658209801 
99.0, 104.54, 107.12, 95.30, 55.91555795028806 
81.0, 104.46, 107.12, 88.20, 56.821903677731754 
81.0, 104.38, 106.76, 88.20, 56.678049735277895 
138.0, 104.50, 106.76, 92.10, 56.14658927723765 
81.0, 104.41, 106.76, 90.30, 56.92239481821656 
81.0, 104.33, 104.60, 90.30, 57.65012400135398 
138.0, 104.45, 105.38, 94.20, 58.304513829052446 
170.0, 104.68, 107.16, 103.10, 58.14195926606655 
81.0, 104.60, 106.10, 103.10, 56.497780971229076 
81.0, 104.51, 103.94, 103.10, 58.00072524502873 
99.0, 104.49, 102.40, 103.10, 55.807369783222676 
81.0, 104.41, 102.40, 103.10, 57.126915894895795 
138.0, 104.53, 102.48, 108.80, 56.97781656190753 
81.0, 104.45, 101.76, 103.10, 57.929306815713645 
81.0, 104.37, 101.76, 103.10, 57.60211284801364 
184.0, 104.64, 102.68, 113.40, 56.42713804230094 
161.0, 104.83, 103.64, 115.70, 56.994327914714816 
81.0, 104.75, 102.30, 106.80, 56.650527956485746 
81.0, 104.67, 102.30, 106.80, 58.49879835382104 
138.0, 104.78, 103.44, 112.50, 57.30269447028637 
135.0, 104.88, 103.88, 116.10, 58.193003751039505 
81.0, 104.80, 103.52, 116.10, 58.16291155457497 
127.0, 104.87, 102.46, 115.00, 57.21196213334799 
138.0, 104.98, 103.60, 120.70, 56.77836980134249 
81.0, 104.90, 103.60, 120.70, 58.64117730662227 
127.0, 104.98, 104.52, 115.00, 57.559020682722334 
134.0, 105.07, 105.22, 112.30, 58.24789438202977 
81.0, 104.99, 105.22, 112.30, 56.21174669891596 
127.0, 105.06, 106.14, 116.90, 58.31029502883554 
138.0, 105.17, 106.38, 116.90, 56.39952341929078 
138.0, 105.28, 106.38, 117.20, 58.2914141535759 
138.0, 105.38, 107.52, 122.90, 58.15401270568371 
138.0, 105.49, 108.66, 124.00, 58.69187207356096 
81.0, 105.41, 108.66, 118.30, 58.76597248256206 
117.0, 105.44, 109.02, 121.90, 58.981338002532716 
81.0, 105.37, 109.02, 117.30, 57.813810705989596 
81.0, 105.29, 107.88, 112.00, 59.524245809912685 
140.0, 105.40, 108.70, 117.90, 57.79199254274368 
81.0, 105.32, 107.08, 113.30, 57.89640475362539 
81.0, 105.25, 106.72, 107.60, 58.99598948433996 
117.0, 105.28, 107.44, 105.50, 57.728085968345404 
138.0, 105.39, 107.16, 105.50, 57.36617390960455 
117.0, 105.42, 107.88, 103.40, 57.9390359352529 
108.0, 105.43, 108.06, 106.10, 60.594326636195184 
138.0, 105.53, 108.84, 108.20, 59.80091945931316 
81.0, 105.45, 108.84, 108.20, 58.367091242372986 
144.0, 105.57, 109.74, 114.50, 58.7057647664845 
188.0, 105.82, 111.88, 119.30, 57.88307595044375 
81.0, 105.75, 111.88, 119.30, 58.2443188726902 
135.0, 105.84, 112.96, 124.70, 60.03677040964365 
108.0, 105.84, 113.14, 123.80, 58.736492212861776 
108.0, 105.85, 113.68, 120.80, 58.17090020790697 
81.0, 105.77, 113.68, 117.20, 58.584370043277744 
148.0, 105.90, 113.88, 121.20, 58.76948913305998 
135.0, 105.99, 114.96, 120.90, 58.49527510687709 
81.0, 105.91, 114.96, 120.90, 58.50233432248235 
81.0, 105.84, 113.82, 114.60, 58.498359226584434 
160.0, 106.00, 113.62, 111.80, 58.3290732640028 
81.0, 105.93, 113.62, 111.80, 58.251809995919466 
81.0, 105.85, 113.62, 106.40, 58.00459898516535 
135.0, 105.94, 114.34, 109.10, 58.897683074623345 
214.0, 106.25, 117.00, 119.70, 58.72628770843148 
81.0, 106.18, 115.86, 119.70, 58.69910455986857 
81.0, 106.11, 115.86, 113.00, 60.47937189102173 
81.0, 106.03, 115.86, 107.60, 59.55276621311903 
135.0, 106.12, 114.88, 113.00, 59.848725074082616 
81.0, 106.05, 113.28, 113.00, 60.46567652910947 
144.0, 106.16, 114.54, 111.40, 58.51688148468733 
81.0, 106.08, 114.54, 111.40, 60.1985233220458 
81.0, 106.01, 113.40, 111.40, 57.93168187066913 
81.0, 105.94, 112.32, 106.00, 59.314753870368 
138.0, 106.03, 113.46, 98.40, 60.12407177388668 
138.0, 106.12, 113.68, 104.10, 60.366382651180025 
81.0, 106.05, 112.54, 104.10, 59.29994663491845 
81.0, 105.98, 112.54, 104.10, 61.09362047508359 
162.0, 106.14, 113.24, 106.80, 59.54510647773743 
201.0, 106.40, 114.58, 118.80, 60.642420822679995 
81.0, 106.33, 114.58, 112.50, 59.940663686692716 
138.0, 106.42, 114.80, 118.20, 58.6811600227654 
81.0, 106.35, 113.66, 118.20, 60.05757881507277 
81.0, 106.28, 112.52, 118.20, 58.877472133934496 
138.0, 106.37, 112.52, 118.20, 58.93088656693697 
135.0, 106.45, 112.46, 117.90, 58.806471378207206 
81.0, 106.38, 112.46, 117.90, 58.837694561183454 
81.0, 106.31, 111.74, 117.90, 60.322514392733574 
81.0, 106.24, 111.74, 109.80, 60.06764766678214 
138.0, 106.32, 112.88, 103.50, 60.850949749499556 
148.0, 106.44, 113.04, 110.20, 59.21257142543793 
81.0, 106.37, 113.04, 104.50, 60.109665226936336 
81.0, 106.30, 113.04, 104.50, 60.91720793411136 
192.0, 106.53, 114.54, 115.60, 60.664403053522115 
152.0, 106.65, 114.82, 117.00, 60.22820957869291 
141.0, 106.75, 115.30, 117.60, 61.39207523211837 
81.0, 106.68, 114.76, 117.60, 60.89666698873043 
135.0, 106.75, 114.70, 123.00, 60.90513639986515 
135.0, 106.83, 115.78, 128.40, 60.80056347280741 
81.0, 106.76, 114.52, 122.70, 60.65743711531162 
166.0, 106.92, 114.08, 124.50, 61.56578671082855 
81.0, 106.85, 114.08, 124.50, 60.283939052671194 
181.0, 107.04, 115.00, 134.50, 62.51566744700074 
81.0, 106.97, 114.46, 123.40, 60.385158743262295 
99.0, 106.95, 114.28, 118.10, 61.39980169191956 
81.0, 106.89, 114.28, 112.10, 60.94121790334582 
135.0, 106.96, 114.02, 117.50, 61.34014406472445 
162.0, 107.10, 114.56, 120.20, 60.67687797412276 
225.0, 107.41, 117.44, 129.20, 60.56734672352671 
81.0, 107.34, 117.44, 129.20, 60.294255476295945 
81.0, 107.27, 115.86, 120.70, 61.20587110295892 
108.0, 107.27, 116.40, 123.40, 62.69015427410603 
135.0, 107.34, 117.48, 118.80, 59.43576340064406 
99.0, 107.32, 116.76, 120.60, 61.25428433552384 
99.0, 107.30, 114.46, 120.60, 60.460397875159984 
138.0, 107.38, 115.60, 126.30, 60.95806380540132 
138.0, 107.46, 116.74, 126.60, 61.00077950209379 
81.0, 107.39, 116.74, 118.50, 59.729493681192395 
81.0, 107.32, 115.66, 104.10, 60.300919300317766 
81.0, 107.26, 115.66, 104.10, 60.52956381574273 
81.0, 107.19, 114.40, 104.10, 61.6166823425889 
113.0, 107.21, 115.04, 104.60, 59.93666560962796 
81.0, 107.14, 115.04, 99.20, 60.80490011930466 
81.0, 107.07, 115.04, 97.40, 61.426600817888975 
81.0, 107.01, 113.90, 95.60, 62.473732433617116 
141.0, 107.09, 113.96, 95.90, 62.069397558867934 
81.0, 107.03, 113.96, 90.20, 61.885935582965615 
81.0, 106.97, 113.96, 90.20, 62.852037998288864 
156.0, 107.09, 113.84, 97.70, 61.772830662131305 
145.0, 107.18, 112.72, 104.10, 61.073612625896935 
179.0, 107.36, 114.68, 113.90, 62.44866577148437 
81.0, 107.29, 113.54, 110.70, 62.77278015643358 
141.0, 107.37, 114.74, 116.70, 62.17814145371318 
99.0, 107.35, 115.10, 118.50, 62.200027291327714 
141.0, 107.43, 115.16, 124.50, 62.60015648335219 
99.0, 107.41, 114.44, 120.30, 61.73639537483454 
190.0, 107.61, 116.62, 131.20, 63.455820028781886 
81.0, 107.55, 116.62, 131.20, 61.7766002650559 
81.0, 107.49, 116.62, 123.70, 61.16295109882951 
241.0, 107.81, 118.68, 133.30, 62.39416764423251 
99.0, 107.78, 117.70, 125.30, 62.198734737485644 
81.0, 107.72, 117.70, 125.30, 62.08799626886845 
81.0, 107.66, 117.70, 119.30, 62.48761268600821 
81.0, 107.59, 115.48, 117.50, 61.843392169028526 
81.0, 107.53, 114.06, 111.50, 62.0105085772276 
135.0, 107.60, 113.94, 115.10, 61.53045807614922 
141.0, 107.67, 115.14, 110.20, 62.69830140933394 
81.0, 107.61, 114.06, 110.20, 62.482420758605 
99.0, 107.59, 113.34, 112.00, 62.824763495028016 
113.0, 107.60, 113.98, 99.20, 62.69142679542303 
113.0, 107.62, 112.92, 100.60, 63.64678237661719 
81.0, 107.55, 112.92, 100.60, 62.616641511172055 
81.0, 107.49, 110.92, 100.60, 62.00483404532075 
177.0, 107.65, 112.84, 110.20, 63.428462522774936 
189.0, 107.84, 114.64, 121.00, 62.551303880363704 
99.0, 107.82, 115.00, 117.40, 62.073739798665045 
81.0, 107.76, 113.92, 111.40, 62.271488415151836 
99.0, 107.74, 112.66, 113.20, 62.0142132948339 
81.0, 107.68, 109.78, 111.40, 61.78262878596782 
81.0, 107.62, 109.78, 108.20, 63.50049206569791 
81.0, 107.56, 109.78, 105.00, 63.60352504178882 
81.0, 107.50, 109.24, 105.00, 63.54384899318218 
199.0, 107.70, 110.52, 116.80, 63.25282145440578 
81.0, 107.64, 110.16, 107.20, 62.18769793331623 
173.0, 107.79, 111.64, 105.60, 62.60915592044592 
81.0, 107.73, 110.50, 103.80, 63.93779774084687 
81.0, 107.67, 109.36, 103.80, 63.42531709715724 
81.0, 107.61, 109.36, 102.00, 64.24765157461165 
81.0, 107.55, 109.36, 102.00, 64.3408466809988 
81.0, 107.49, 109.36, 102.00, 63.99623143091797 
81.0, 107.43, 109.36, 102.00, 63.72754503652454 
81.0, 107.37, 108.72, 102.00, 64.06719758570195 
141.0, 107.45, 109.92, 96.20, 62.98031476020813 
81.0, 107.39, 109.92, 96.20, 62.91247975900769 
81.0, 107.33, 109.92, 87.00, 65.15735098689795 
81.0, 107.27, 108.72, 87.00, 62.426692751348014 
113.0, 107.29, 109.36, 90.20, 63.84815042808651 
81.0, 107.23, 109.36, 90.20, 63.69712535843253 
81.0, 107.17, 107.86, 90.20, 63.22192748576403 
99.0, 107.15, 106.94, 92.00, 63.76975963130593 
113.0, 107.17, 105.62, 95.20, 64.00281532242894 
141.0, 107.24, 106.82, 101.20, 63.85814844399691 
99.0, 107.22, 105.98, 97.00, 65.94105840906501 
120.0, 107.25, 106.40, 100.90, 63.81908701881766 
81.0, 107.19, 105.20, 100.90, 64.32889621585608 
99.0, 107.17, 105.20, 102.70, 64.08553170830012 
113.0, 107.19, 103.66, 102.70, 65.5198312215507 
191.0, 107.37, 105.86, 113.70, 64.06590486466885 
81.0, 107.31, 105.86, 113.70, 64.91707440644502 
99.0, 107.29, 103.02, 113.70, 62.92777851328253 
99.0, 107.28, 103.02, 112.30, 66.56020905688405 
185.0, 107.44, 105.10, 116.70, 64.79789438679815 
81.0, 107.39, 105.10, 114.90, 63.79142605349421 
141.0, 107.46, 106.30, 117.00, 65.95866619303823 
99.0, 107.44, 106.66, 118.80, 62.85854677543044 
189.0, 107.61, 107.74, 127.80, 64.44338139742612 
113.0, 107.62, 107.18, 127.80, 65.83926685675979 
81.0, 107.57, 107.18, 116.80, 65.85789712026715 
99.0, 107.55, 107.18, 118.60, 64.2193146711588 
81.0, 107.49, 106.54, 116.80, 63.99388052746654 
217.0, 107.72, 108.62, 128.60, 65.38278136879205 
81.0, 107.67, 108.62, 118.20, 65.62901724547149 
81.0, 107.61, 108.62, 118.20, 64.3767347292602 
81.0, 107.56, 106.70, 112.20, 65.24503454983235 
81.0, 107.50, 104.54, 110.40, 65.86200726851821 
81.0, 107.45, 104.18, 99.60, 65.60216997608543 
99.0, 107.43, 104.54, 98.20, 64.22493332326412 
113.0, 107.44, 104.82, 101.40, 65.41146169021725 
144.0, 107.51, 106.08, 105.90, 64.40966889202595 
113.0, 107.53, 106.72, 109.10, 65.60643143221736 
81.0, 107.47, 106.72, 95.50, 64.34781097769738 
113.0, 107.48, 107.36, 98.70, 66.03836637675762 
171.0, 107.61, 106.80, 107.70, 65.16962972402573 
189.0, 107.78, 108.96, 118.50, 64.31640789717436 
99.0, 99.00, 99.00, 99.00, 0.0 
81.0, 90.00, 90.00, 90.00, 511.6249617683887 
99.0, 93.00, 93.00, 93.00, 518.5317017394304 
99.0, 94.50, 94.50, 94.50, 510.73956439286474 
99.0, 95.40, 95.40, 95.40, 514.6108193716407 
99.0, 96.00, 96.00, 96.00, 512.9864553415775 
99.0, 96.43, 96.43, 96.43, 511.6669016683102 
99.0, 96.75, 96.75, 96.75, 510.1898538029194 
99.0, 97.00, 97.00, 97.00, 514.6691575348377 
99.0, 97.20, 97.20, 97.20, 507.13911632269617 
117.0, 99.00, 99.00, 99.00, 514.3864337968827 
99.0, 99.00, 99.00, 100.80, 514.3676953911781 
117.0, 100.38, 100.38, 102.60, 507.99761570155624 
99.0, 100.29, 100.29, 102.60, 504.63288435012106 
81.0, 99.00, 99.00, 100.80, 516.9984620332718 
99.0, 99.00, 99.00, 100.80, 513.1563948386907 
99.0, 99.00, 99.00, 100.80, 511.0158717191219 
144.0, 101.50, 101.50, 105.30, 508.24790776938204 
99.0, 101.37, 101.37, 105.30, 512.5127256721258 
99.0, 101.25, 101.25, 105.30, 513.8873356094957 
99.0, 101.14, 101.14, 103.50, 514.8497693824768 
99.0, 101.05, 101.05, 103.50, 512.9510772031546 
180.0, 104.48, 104.48, 109.80, 515.9701206600665 
81.0, 103.50, 103.50, 108.00, 509.19440784215925 
99.0, 103.32, 103.32, 109.80, 514.6608449488879 
134.0, 134.00, 134.00, 134.00, 0.0 
179.0, 156.50, 156.50, 156.50, -120.21378720492125 
126.0, 146.33, 146.33, 146.33, -120.24951276630163 
126.0, 141.25, 141.25, 141.25, -120.28794670075179 
144.0, 141.80, 141.80, 141.80, -120.22431829422712 
137.0, 141.00, 141.00, 141.00, -120.27046358048916 
181.0, 146.71, 146.71, 146.71, -120.18523131161928 
106.0, 141.62, 141.62, 141.62, -120.22570455104113 
262.0, 155.00, 155.00, 155.00, -120.17619609564542 
120.0, 151.50, 151.50, 151.50, -120.20740742325783 
120.0, 148.64, 148.64, 150.10, -120.13082441747189 
126.0, 146.75, 146.75, 144.80, -120.2157127135992 
144.0, 146.54, 146.54, 146.60, -120.1845471355319 
131.0, 131.00, 131.00, 131.00, 0.0 
81.0, 106.00, 106.00, 106.00, -79.39681445807219 
131.0, 114.33, 114.33, 114.33, -78.9750801345706 
81.0, 106.00, 106.00, 106.00, -79.12103744655847 
131.0, 111.00, 111.00, 111.00, -79.0856996163726 
137.0, 115.33, 115.33, 115.33, -79.26014258623124 
131.0, 117.57, 117.57, 117.57, -79.55251288935543 
152.0, 121.88, 121.88, 121.88, -79.05859618753195 
131.0, 122.89, 122.89, 122.89, -79.22193476244807 
131.0, 123.70, 123.70, 123.70, -79.10931895136832 
131.0, 124.36, 124.36, 123.70, -79.18414573699235 
131.0, 124.92, 124.92, 128.70, -79.19804872736336 
99.0, 122.92, 122.92, 125.50, -79.32431510075926 
99.0, 121.21, 121.21, 127.30, -78.94719378814102 
131.0, 121.87, 121.87, 127.30, -78.68976401612161 
145.0, 123.31, 123.31, 128.10, -79.13034704580903 
131.0, 123.76, 123.76, 128.10, -78.8556221294403 
131.0, 124.17, 124.17, 126.00, -78.88623828738928 
134.0, 124.68, 124.68, 126.30, -78.77349257647991 
131.0, 125.00, 125.00, 126.30, -78.95073467373848 
131.0, 125.29, 125.29, 126.30, -78.86530851647258 
99.0, 124.09, 124.09, 123.10, -78.73738617673516 
144.0, 124.96, 124.96, 127.60, -78.78517522439361 
153.0, 126.12, 126.12, 133.00, -78.98721221476794 
127.0, 126.16, 126.16, 132.60, -78.77699712082745 
153.0, 127.19, 127.19, 133.40, -78.79194202288986 
131.0, 127.33, 127.33, 133.40, -79.23222197324037 
141.0, 127.82, 127.82, 134.40, -79.21148925215006 
127.0, 127.79, 127.79, 133.70, -78.78238738998772 
99.0, 126.83, 126.83, 130.50, -78.86077949389815 
131.0, 126.97, 126.97, 130.50, -78.82622553884984 
145.0, 127.53, 127.53, 135.10, -78.70363974675536 
141.0, 127.94, 127.94, 134.80, -78.87922509491445 
144.0, 128.41, 128.41, 133.90, -78.69544180065394 
81.0, 127.06, 127.06, 129.30, -78.84077538371086 
138.0, 127.36, 127.36, 127.80, -78.42399031743408 
99.0, 126.59, 126.59, 124.60, -78.65820996969939 
81.0, 125.39, 125.39, 118.60, -78.74948637664318 
316.0, 316.00, 316.00, 316.00 
350.0, 333.00, 333.00, 333.00 
402.0, 356.00, 356.00, 356.00 
450.0, 379.50, 379.50, 379.50 
531.0, 409.80, 409.80, 409.80 
325.0, 395.67, 395.67, 395.67 
346.0, 388.57, 388.57, 388.57 
457.0, 397.12, 397.12, 397.12 
419.0, 399.56, 399.56, 399.56 
467.0, 406.30, 406.30, 406.30 
284.0, 395.18, 395.18, 403.10 
341.0, 390.67, 390.67, 402.20 
397.0, 391.15, 391.15, 401.70 
419.0, 393.14, 393.14, 398.60 
564.0, 404.53, 404.53, 401.90 
172.0, 390.00, 390.00, 386.60 
533.0, 398.41, 398.41, 405.30 
594.0, 409.28, 409.28, 419.00 
738.0, 426.58, 426.58, 450.90 
757.0, 443.10, 443.10, 479.90 
211.0, 432.05, 432.05, 472.60 
321.0, 427.00, 427.00, 470.60 
432.0, 427.22, 427.22, 474.10 
409.0, 426.46, 426.46, 473.10 
415.0, 426.00, 426.00, 458.20 
310.0, 421.54, 421.54, 472.00 
352.0, 418.96, 418.96, 453.90 
506.0, 422.07, 422.07, 445.10 
501.0, 424.79, 424.79, 421.40 
518.0, 427.90, 427.90, 397.50 
285.0, 423.29, 423.29, 404.90 
309.0, 419.72, 419.72, 403.70 
307.0, 416.30, 416.30, 391.20 
459.0, 417.56, 417.56, 396.20 
370.0, 416.20, 416.20, 391.70 
177.0, 409.56, 409.56, 378.40 
178.0, 403.30, 403.30, 361.00 
483.0, 405.39, 405.39, 358.70 
605.0, 410.51, 410.51, 369.10 
634.0, 416.10, 416.10, 380.70 
338.0, 414.20, 414.20, 386.00 
378.0, 413.33, 413.33, 392.90 
524.0, 415.91, 415.91, 414.60 
476.0, 417.27, 417.27, 416.30 
491.0, 418.91, 418.91, 428.40 
267.0, 415.61, 415.61, 437.40 
373.0, 414.70, 414.70, 456.90 
388.0, 414.15, 414.15, 447.40 
360.0, 413.04, 413.04, 422.90 
353.0, 411.84, 411.84, 394.80 
270.0, 409.06, 410.92, 388.00 
437.0, 409.60, 412.66, 393.90 
589.0, 412.98, 416.40, 400.40 
506.0, 414.70, 417.52, 403.40 
464.0, 415.60, 416.18, 400.70 
220.0, 412.11, 414.08, 396.00 
249.0, 409.25, 412.14, 383.60 
264.0, 406.74, 408.28, 371.20 
383.0, 406.34, 407.56, 373.50 
502.0, 407.93, 408.26, 388.40 
275.0, 405.75, 408.08, 388.90 
303.0, 404.10, 407.32, 375.50 
351.0, 403.25, 406.40, 351.70 
461.0, 404.16, 407.24, 347.20 
446.0, 404.80, 404.88, 345.40 
169.0, 401.23, 404.82, 340.30 
317.0, 399.97, 400.50, 347.10 
512.0, 401.62, 398.86, 371.90 
502.0, 403.07, 394.14, 383.80 
691.0, 407.19, 392.82, 402.70 
340.0, 406.24, 395.40, 409.20 
429.0, 406.56, 397.56, 421.80 
365.0, 405.99, 396.22, 423.20 
530.0, 407.66, 398.64, 430.10 
729.0, 411.95, 404.92, 458.40 
284.0, 410.26, 404.40, 469.90 
333.0, 409.26, 404.02, 471.50 
398.0, 409.12, 401.86, 460.10 
417.0, 409.22, 400.18, 451.60 
409.0, 409.21, 398.00, 423.40 
276.0, 407.57, 397.82, 417.00 
390.0, 407.35, 399.44, 413.10 
357.0, 406.75, 400.44, 412.30 
284.0, 405.29, 396.94, 387.70 
337.0, 404.48, 396.28, 348.50 
225.0, 402.40, 397.24, 342.60 
345.0, 401.74, 400.58, 343.80 
372.0, 401.40, 398.36, 341.20 
382.0, 401.18, 393.90, 337.70 
585.0, 403.22, 392.92, 355.30 
202.0, 401.01, 390.20, 347.90 
392.0, 400.91, 390.48, 348.10 
435.0, 401.28, 388.70, 355.90 
491.0, 402.23, 389.00, 376.60 
587.0, 404.18, 390.92, 401.60 
273.0, 402.81, 391.04, 406.40 
283.0, 401.58, 389.24, 400.20 
292.0, 400.46, 387.32, 392.20 
362.0, 400.07, 387.36, 390.20 
367.0, 399.74, 387.64, 368.40 
373.0, 399.48, 389.70, 385.50 
375.0, 399.24, 388.46, 383.80 
542.0, 400.62, 387.52, 394.50 
573.0, 402.28, 388.86, 402.70 
590.0, 404.07, 391.38, 403.00 
223.0, 402.36, 391.44, 398.00 
308.0, 401.48, 392.62, 400.50 
311.0, 400.64, 393.56, 402.40 
515.0, 401.69, 396.20, 417.70 
653.0, 403.97, 399.22, 446.30 
405.0, 403.98, 401.82, 449.50 
513.0, 404.96, 406.02, 463.30 
615.0, 406.81, 411.30, 470.60 
646.0, 408.91, 415.00, 477.90 
785.0, 412.18, 421.78, 497.40 
226.0, 410.58, 422.92, 497.70 
318.0, 409.79, 422.94, 498.70 
437.0, 410.02, 421.44, 511.30 
673.0, 412.23, 424.86, 527.10 
725.0, 414.83, 425.54, 534.30 
366.0, 414.43, 426.06, 530.40 
590.0, 415.87, 429.28, 538.10 
529.0, 416.79, 432.56, 529.50 
521.0, 417.63, 432.38, 517.00 
524.0, 418.48, 428.28, 490.90 
217.0, 416.88, 426.94, 490.00 
365.0, 416.47, 427.58, 494.70 
504.0, 417.16, 429.70, 501.40 
550.0, 418.19, 432.36, 489.10 
529.0, 419.04, 434.76, 469.50 
192.0, 417.31, 433.08, 452.10 
201.0, 415.67, 429.30, 413.20 
233.0, 414.29, 426.82, 383.60 
310.0, 413.51, 427.34, 362.50 
381.0, 413.27, 428.22, 348.20 
264.0, 412.18, 429.00, 352.90 
443.0, 412.40, 430.96, 360.70 
470.0, 412.82, 432.92, 357.30 
412.0, 412.81, 433.52, 343.50 
501.0, 413.44, 431.84, 340.70 
212.0, 412.01, 432.04, 342.70 
382.0, 411.80, 431.84, 360.80 
466.0, 412.18, 432.46, 384.10 
569.0, 413.27, 434.02, 410.00 
501.0, 413.88, 432.30, 422.00 
332.0, 413.32, 433.48, 428.80 
384.0, 413.12, 435.50, 422.90 
342.0, 412.64, 436.50, 410.10 
481.0, 413.09, 438.88, 417.00 
448.0, 413.33, 440.50, 411.70 
285.0, 412.48, 438.74, 419.00 
300.0, 411.74, 437.24, 410.80 
384.0, 411.56, 434.08, 402.60 
450.0, 411.81, 431.62, 390.70 
597.0, 413.00, 431.76, 400.30 
294.0, 412.24, 433.18, 396.50 
302.0, 411.54, 433.06, 388.30 
364.0, 411.23, 434.12, 390.50 
407.0, 411.21, 431.96, 383.10 
406.0, 411.18, 427.02, 378.90 
425.0, 411.26, 427.42, 392.90 
481.0, 411.69, 426.78, 411.00 
472.0, 412.06, 423.92, 419.80 
471.0, 412.42, 420.42, 421.90 
485.0, 412.86, 414.42, 410.70 
539.0, 413.62, 420.68, 435.20 
547.0, 414.42, 425.26, 459.70 
529.0, 415.10, 427.10, 476.20 
576.0, 416.05, 425.16, 493.10 
570.0, 416.96, 422.06, 509.50 
231.0, 415.87, 419.36, 490.10 
530.0, 416.53, 418.16, 495.00 
597.0, 417.58, 419.52, 507.50 
561.0, 418.40, 420.32, 516.50 
606.0, 419.47, 421.96, 528.60 
398.0, 419.35, 425.58, 514.50 
424.0, 419.38, 426.76, 502.20 
456.0, 419.58, 425.80, 494.90 
475.0, 419.89, 424.30, 484.80 
475.0, 420.20, 423.22, 475.30 
586.0, 421.12, 431.10, 510.80 
610.0, 422.15, 439.28, 518.80 
664.0, 423.48, 447.90, 525.50 
602.0, 424.45, 453.74, 529.60 
657.0, 425.70, 459.26, 534.70 
274.0, 424.89, 459.46, 522.30 
316.0, 424.30, 456.92, 511.50 
456.0, 424.47, 456.64, 511.50 
490.0, 424.82, 458.20, 513.00 
482.0, 425.12, 457.82, 513.70 
448.0, 425.24, 462.54, 499.90 
739.0, 426.88, 469.68, 512.80 
731.0, 428.45, 474.98, 519.50 
801.0, 430.37, 479.62, 539.40 
817.0, 432.35, 485.94, 555.40 
249.0, 431.42, 484.28, 552.90 
375.0, 431.13, 484.10, 558.80 
523.0, 431.60, 487.72, 565.50 
583.0, 432.36, 489.76, 574.80 
588.0, 433.13, 492.56, 585.40 
221.0, 432.08, 491.28, 562.70 
357.0, 431.71, 492.42, 524.50 
410.0, 431.60, 492.94, 492.40 
360.0, 431.25, 491.14, 448.30 
369.0, 430.95, 486.58, 403.50 
292.0, 430.27, 486.54, 407.80 
315.0, 429.71, 486.80, 401.80 
399.0, 429.57, 487.50, 389.40 
403.0, 429.44, 487.42, 371.40 
427.0, 429.43, 487.84, 355.30 
297.0, 428.80, 485.28, 362.90 
263.0, 428.02, 480.92, 353.50 
308.0, 427.46, 477.64, 343.30 
308.0, 426.90, 474.38, 338.10 
638.0, 427.88, 477.44, 365.00 
184.0, 426.75, 470.34, 354.20 
266.0, 426.01, 464.72, 349.30 
510.0, 426.39, 464.34, 360.40 
515.0, 426.80, 463.12, 371.60 
564.0, 427.42, 463.00, 385.30 
234.0, 426.55, 463.06, 379.00 
450.0, 426.65, 461.46, 397.70 
525.0, 427.09, 460.02, 419.40 
758.0, 428.57, 463.96, 464.40 
704.0, 429.80, 465.92, 471.00 
555.0, 430.35, 469.06, 508.10 
614.0, 431.16, 472.86, 542.90 
783.0, 432.70, 479.40, 570.20 
692.0, 433.83, 483.74, 587.90 
744.0, 435.18, 489.12, 605.90 
263.0, 434.44, 482.66, 608.80 
337.0, 434.02, 477.20, 597.50 
578.0, 434.64, 475.48, 602.80 
568.0, 435.21, 474.80, 583.80 
693.0, 436.30, 475.52, 582.70 
241.0, 435.47, 474.86, 551.30 
433.0, 435.46, 477.20, 533.20 
471.0, 435.61, 477.50, 502.00 
591.0, 436.26, 479.52, 491.90 
600.0, 436.95, 481.88, 477.50 
319.0, 436.46, 479.30, 483.10 
560.0, 436.97, 475.72, 505.40 
605.0, 437.66, 473.20, 508.10 
655.0, 438.55, 470.28, 516.80 
771.0, 439.91, 469.36, 524.60 
293.0, 439.31, 470.24, 529.80 
358.0, 438.98, 469.90, 522.30 
453.0, 439.04, 468.50, 520.50 
476.0, 439.18, 466.36, 509.00 
638.0, 439.98, 467.36, 512.80 
607.0, 440.65, 475.08, 541.60 
580.0, 441.20, 479.54, 543.60 
636.0, 441.97, 484.06, 546.70 
636.0, 442.73, 489.58, 544.80 
632.0, 443.47, 494.84, 530.90 
246.0, 442.70, 493.92, 526.20 
384.0, 442.47, 495.30, 528.80 
644.0, 443.26, 500.20, 547.90 
682.0, 444.18, 505.78, 568.50 
580.0, 444.70, 508.84, 562.70 
497.0, 444.90, 512.84, 551.70 
659.0, 445.72, 520.76, 559.60 
648.0, 446.49, 527.56, 560.80 
641.0, 447.22, 534.22, 561.30 
632.0, 447.92, 534.10, 561.30 
245.0, 447.16, 535.32, 561.20 
524.0, 447.45, 540.48, 575.20 
541.0, 447.79, 541.10, 564.90 
539.0, 448.13, 541.58, 550.60 
499.0, 448.32, 540.28, 542.50 
235.0, 447.54, 540.30, 516.30 
265.0, 446.86, 536.60, 476.90 
413.0, 446.74, 534.36, 453.40 
414.0, 446.62, 527.48, 430.70 
475.0, 446.72, 522.90, 415.00 
307.0, 446.22, 517.94, 421.20 
310.0, 445.73, 511.86, 399.80 
366.0, 445.44, 503.52, 382.30 
355.0, 445.11, 496.78, 363.90 
640.0, 445.81, 494.70, 378.00 
297.0, 445.28, 495.38, 384.20 
346.0, 444.93, 495.56, 392.30 
350.0, 444.59, 491.00, 386.00 
385.0, 444.38, 487.34, 383.10 
418.0, 444.29, 481.84, 377.40 
334.0, 443.91, 483.70, 380.10 
472.0, 444.00, 484.48, 396.30 
475.0, 444.11, 484.56, 407.20 
612.0, 444.69, 484.98, 432.90 
528.0, 444.98, 483.54, 421.70 
224.0, 444.22, 481.64, 414.40 
286.0, 443.68, 476.16, 408.40 
292.0, 443.16, 469.90, 402.60 
290.0, 442.64, 462.60, 393.10 
327.0, 442.25, 453.72, 384.00 
225.0, 441.51, 452.36, 373.10 
258.0, 440.90, 450.36, 351.70 
292.0, 440.40, 447.14, 333.40 
327.0, 440.02, 444.16, 304.90 
337.0, 439.67, 438.14, 285.80 
602.0, 440.21, 438.04, 323.60 
724.0, 441.15, 440.92, 367.40 
749.0, 442.17, 443.18, 413.10 
717.0, 443.07, 444.80, 455.80 
759.0, 444.11, 447.34, 499.00 
384.0, 443.91, 450.10, 514.90 
652.0, 444.59, 455.46, 554.30 
608.0, 445.12, 454.74, 585.90 
731.0, 446.05, 455.72, 626.30 
766.0, 447.08, 459.44, 669.20 
268.0, 446.50, 454.86, 635.80 
350.0, 446.19, 448.68, 598.40 
300.0, 445.73, 441.72, 553.50 
383.0, 445.53, 436.56, 520.10 
481.0, 445.64, 433.54, 492.30 
288.0, 445.14, 434.40, 482.70 
270.0, 444.59, 429.32, 444.50 
378.0, 444.38, 426.06, 421.50 
398.0, 444.23, 423.24, 388.20 
475.0, 444.33, 422.76, 359.10 
256.0, 443.74, 423.18, 357.90 
303.0, 443.30, 423.94, 353.20 
343.0, 442.99, 422.54, 357.50 
550.0, 443.32, 425.26, 374.20 
605.0, 443.82, 427.86, 386.60 
231.0, 443.17, 426.34, 380.90 
241.0, 442.55, 424.96, 378.00 
237.0, 441.92, 422.38, 363.90 
270.0, 441.40, 420.68, 351.10 
458.0, 441.45, 417.04, 349.40 
240.0, 440.84, 415.90, 347.80 
352.0, 440.58, 416.02, 352.70 
531.0, 440.85, 419.64, 371.50 
529.0, 441.11, 422.52, 369.40 
544.0, 441.42, 425.04, 363.30 
385.0, 441.25, 426.06, 378.70 
417.0, 441.18, 424.96, 396.30 
491.0, 441.33, 425.28, 421.70 
538.0, 441.61, 423.80, 448.50 
579.0, 442.01, 424.82, 460.60 
206.0, 441.32, 424.46, 457.20 
242.0, 440.74, 423.58, 446.20 
524.0, 440.98, 428.22, 445.50 
579.0, 441.38, 434.00, 450.50 
617.0, 441.89, 439.80, 457.80 
251.0, 441.34, 440.32, 444.40 
259.0, 440.82, 440.34, 428.60 
382.0, 440.65, 442.14, 417.70 
541.0, 440.93, 446.42, 418.00 
604.0, 441.40, 451.76, 420.50 
271.0, 440.91, 445.14, 427.00 
317.0, 440.56, 437.00, 434.50 
388.0, 440.41, 429.78, 420.90 
369.0, 440.21, 422.82, 399.90 
364.0, 440.00, 414.92, 374.60 
366.0, 439.79, 414.56, 386.10 
484.0, 439.91, 411.20, 408.60 
458.0, 439.96, 408.20, 416.20 
546.0, 440.26, 404.50, 416.70 
529.0, 440.51, 399.76, 409.20 
211.0, 439.87, 398.62, 403.20 
238.0, 439.31, 396.38, 395.30 
308.0, 438.95, 396.54, 387.30 
502.0, 439.12, 398.92, 400.60 
557.0, 439.45, 400.44, 419.90 
299.0, 439.06, 400.66, 413.20 
451.0, 439.10, 404.28, 409.90 
517.0, 439.31, 407.06, 415.80 
454.0, 439.35, 408.18, 406.60 
695.0, 440.04, 412.58, 423.20 
223.0, 439.45, 411.92, 424.40 
243.0, 438.92, 410.72, 424.90 
256.0, 438.43, 408.98, 419.70 
280.0, 438.01, 403.58, 397.50 
479.0, 438.12, 401.06, 389.70 
215.0, 437.53, 400.74, 381.30 
281.0, 437.11, 401.54, 364.30 
315.0, 436.79, 403.10, 344.10 
320.0, 436.48, 404.10, 330.70 
409.0, 436.41, 403.12, 302.10 
215.0, 435.83, 402.62, 301.30 
219.0, 435.26, 399.96, 298.90 
390.0, 435.14, 397.14, 312.30 
443.0, 435.16, 395.42, 328.60 
447.0, 435.19, 393.48, 325.40 
217.0, 434.63, 390.12, 325.60 
286.0, 434.24, 387.50, 326.10 
294.0, 433.88, 383.56, 324.00 
342.0, 433.65, 379.64, 326.20 
318.0, 433.35, 374.42, 317.10 
270.0, 432.93, 375.70, 322.60 
279.0, 432.54, 376.44, 328.60 
357.0, 432.35, 373.10, 325.30 
501.0, 432.52, 371.54, 331.10 
556.0, 432.83, 370.32, 342.00 
217.0, 432.29, 369.64, 342.00 
353.0, 432.09, 371.52, 348.70 
309.0, 431.78, 370.06, 350.20 
598.0, 432.20, 371.20, 375.80 
723.0, 432.92, 373.58, 416.30 
273.0, 432.52, 373.62, 416.60 
418.0, 432.49, 375.64, 430.50 
460.0, 432.56, 377.08, 440.80 
438.0, 432.57, 378.46, 434.50 
678.0, 433.18, 384.74, 446.70 
209.0, 432.62, 381.60, 445.90 
296.0, 432.29, 377.84, 440.20 
289.0, 431.94, 374.46, 438.20 
289.0, 431.59, 369.32, 407.30 
373.0, 373.00, 373.00, 373.00 
394.0, 383.50, 383.50, 383.50 
360.0, 375.67, 375.67, 375.67 
290.0, 354.25, 354.25, 354.25 
295.0, 342.40, 342.40, 342.40 
457.0, 361.50, 361.50, 361.50 
480.0, 378.43, 378.43, 378.43 
452.0, 387.62, 387.62, 387.62 
458.0, 395.44, 395.44, 395.44 
454.0, 401.30, 401.30, 401.30 
418.0, 402.82, 402.82, 405.80 
433.0, 405.33, 405.33, 409.70 
411.0, 405.77, 405.77, 414.80 
555.0, 416.43, 416.43, 441.30 
429.0, 417.27, 417.27, 454.70 
562.0, 426.31, 426.31, 465.20 
454.0, 427.94, 427.94, 462.60 
422.0, 427.61, 427.61, 459.60 
416.0, 427.00, 427.00, 455.40 
510.0, 431.15, 431.15, 461.00 
302.0, 425.00, 425.00, 449.40 
450.0, 426.14, 426.14, 451.10 
514.0, 429.96, 429.96, 461.40 
443.0, 430.50, 430.50, 450.20 
467.0, 431.96, 431.96, 454.00 
434.0, 432.04, 432.04, 441.20 
473.0, 433.56, 433.56, 443.10 
417.0, 432.96, 432.96, 442.60 
423.0, 432.62, 432.62, 443.30 
600.0, 438.20, 438.20, 452.30 
306.0, 433.94, 433.94, 452.70 
405.0, 433.03, 433.03, 448.20 
426.0, 432.82, 432.82, 439.40 
388.0, 431.50, 431.50, 433.90 
522.0, 434.09, 434.09, 439.40 
423.0, 433.78, 433.78, 438.30 
428.0, 433.62, 433.62, 433.80 
352.0, 431.47, 431.47, 427.30 
399.0, 430.64, 430.64, 424.90 
318.0, 427.82, 427.82, 396.70 
362.0, 426.22, 426.22, 402.30 
500.0, 427.98, 427.98, 411.80 
450.0, 428.49, 428.49, 414.20 
414.0, 428.16, 428.16, 416.80 
510.0, 429.98, 429.98, 415.60 
362.0, 428.50, 428.50, 409.50 
428.0, 428.49, 428.49, 409.50 
398.0, 427.85, 427.85, 414.10 
327.0, 425.80, 425.80, 406.90 
302.0, 423.32, 423.32, 405.30 
399.0, 422.84, 423.84, 409.00 
438.0, 423.13, 424.72, 402.80 
557.0, 425.66, 428.66, 413.50 
536.0, 427.70, 433.58, 425.70 
498.0, 428.98, 437.64, 424.50 
490.0, 430.07, 438.30, 437.30 
374.0, 429.09, 436.18, 431.90 
424.0, 429.00, 435.62, 434.50 
378.0, 428.14, 434.02, 439.60 
419.0, 427.98, 433.32, 451.30 
456.0, 428.44, 434.08, 457.00 
456.0, 428.89, 434.54, 458.80 
385.0, 428.19, 434.02, 441.60 
437.0, 428.33, 431.66, 431.70 
421.0, 428.22, 431.50, 424.00 
440.0, 428.39, 429.06, 419.00 
485.0, 429.24, 429.68, 430.10 
675.0, 432.85, 434.74, 455.20 
554.0, 434.61, 437.50, 472.80 
564.0, 436.46, 438.58, 487.30 
462.0, 436.82, 441.78, 487.90 
339.0, 435.46, 439.56, 476.20 
400.0, 434.97, 437.28, 477.70 
492.0, 435.74, 438.26, 483.20 
428.0, 435.64, 437.48, 483.90 
394.0, 435.09, 436.68, 479.30 
416.0, 434.84, 435.54, 472.40 
423.0, 434.69, 435.66, 447.20 
464.0, 435.06, 436.48, 438.20 
370.0, 434.25, 431.88, 418.80 
436.0, 434.27, 434.48, 416.20 
499.0, 435.06, 436.36, 432.20 
499.0, 435.83, 437.82, 442.10 
419.0, 435.63, 438.44, 434.80 
516.0, 436.58, 438.32, 443.60 
385.0, 435.98, 437.56, 442.70 
320.0, 320.00, 320.00, 320.00 
314.0, 317.00, 317.00, 317.00 
649.0, 427.67, 427.67, 427.67 
378.0, 435.31, 436.56, 438.90 
707.0, 497.50, 497.50, 497.50 
653.0, 528.60, 528.60, 528.60 
547.0, 531.67, 531.67, 531.67 
630.0, 545.71, 545.71, 545.71 
636.0, 557.00, 557.00, 557.00 
506.0, 436.11, 439.64, 447.20 
601.0, 561.89, 561.89, 561.89 
633.0, 569.00, 569.00, 569.00 
264.0, 541.27, 541.27, 563.40 
405.0, 529.92, 529.92, 572.50 
403.0, 435.74, 439.72, 441.10 
508.0, 528.23, 528.23, 558.40 
481.0, 524.86, 524.86, 535.80 
477.0, 521.67, 521.67, 518.20 
407.0, 435.42, 441.50, 444.80 
463.0, 518.00, 518.00, 509.80 
613.0, 523.59, 523.59, 508.10 
631.0, 529.56, 529.56, 507.60 
677.0, 537.32, 537.32, 515.20 
416.0, 435.21, 442.58, 442.80 
636.0, 542.25, 542.25, 515.50 
526.0, 541.48, 541.48, 541.70 
402.0, 434.85, 440.62, 433.10 
814.0, 553.86, 553.86, 582.60 
770.0, 563.26, 563.26, 608.80 
817.0, 573.83, 573.83, 642.40 
476.0, 435.29, 441.14, 430.80 
795.0, 582.68, 582.68, 674.20 
256.0, 570.12, 570.12, 653.50 
279.0, 559.33, 559.33, 620.10 
471.0, 435.67, 442.28, 436.00 
381.0, 552.96, 552.96, 595.10 
473.0, 550.21, 550.21, 574.70 
427.0, 546.10, 546.10, 553.80 
484.0, 436.18, 441.76, 432.80 
561.0, 546.58, 546.58, 557.30 
852.0, 556.12, 556.12, 561.10 
863.0, 565.42, 565.42, 570.40 
413.0, 435.94, 442.78, 435.60 
777.0, 571.65, 571.65, 566.40 
779.0, 577.57, 577.57, 564.80 
581.0, 577.67, 577.67, 597.30 
434.0, 435.92, 442.90, 441.20 
552.0, 576.97, 576.97, 624.60 
648.0, 578.84, 578.84, 651.30 
478.0, 436.35, 444.50, 438.40 
762.0, 583.54, 583.54, 680.20 
711.0, 586.73, 586.73, 708.60 
322.0, 580.27, 580.27, 684.70 
475.0, 436.74, 447.46, 445.60 
410.0, 576.21, 576.21, 640.50 
523.0, 574.98, 574.98, 606.50 
531.0, 573.98, 573.98, 581.90 
432.0, 436.69, 450.06, 448.10 
540.0, 573.22, 573.22, 558.00 
241.0, 566.00, 566.00, 524.00 
414.0, 562.77, 562.77, 510.20 
461.0, 560.65, 560.65, 491.50 
404.0, 436.37, 450.16, 446.90 
469.0, 558.78, 558.78, 462.20 
480.0, 557.20, 557.20, 439.10 
411.0, 436.12, 449.62, 447.80 
266.0, 551.49, 556.12, 433.50 
385.0, 548.29, 557.54, 431.00 
586.0, 549.00, 556.28, 437.30 
520.0, 436.93, 448.88, 452.20 
598.0, 549.91, 554.10, 444.00 
598.0, 550.78, 553.00, 449.80 
437.0, 436.93, 446.90, 448.80 
230.0, 545.05, 546.66, 448.70 
272.0, 540.26, 539.50, 434.50 
341.0, 536.83, 533.60, 422.50 
424.0, 436.81, 445.42, 442.80 
406.0, 534.61, 529.70, 416.20 
493.0, 533.92, 526.90, 417.50 
237.0, 529.05, 526.36, 414.60 
554.0, 437.92, 446.70, 456.90 
261.0, 524.73, 523.48, 402.20 
291.0, 521.02, 519.14, 372.70 
544.0, 521.38, 520.40, 367.30 
577.0, 439.21, 450.76, 471.20 
480.0, 520.74, 520.46, 355.50 
306.0, 517.48, 517.32, 363.10 
304.0, 514.30, 511.14, 366.30 
604.0, 440.74, 454.36, 483.80 
334.0, 511.65, 505.20, 365.60 
632.0, 513.39, 504.30, 388.20 
668.0, 515.60, 504.94, 405.70 
509.0, 441.37, 456.98, 487.20 
298.0, 512.54, 500.38, 411.80 
339.0, 510.12, 490.88, 419.60 
533.0, 442.20, 459.26, 497.30 
496.0, 509.93, 485.40, 440.10 
484.0, 509.58, 478.74, 434.10 
486.0, 509.27, 472.56, 434.70 
278.0, 506.22, 473.00, 431.90 
388.0, 441.71, 457.90, 495.70 
664.0, 508.27, 480.70, 467.90 
673.0, 510.38, 486.54, 501.80 
647.0, 512.11, 490.02, 503.30 
459.0, 441.87, 457.96, 500.50 
644.0, 513.76, 494.36, 500.90 
467.0, 513.19, 492.48, 517.80 
382.0, 441.34, 457.90, 486.70 
542.0, 513.54, 486.28, 538.10 
572.0, 514.24, 480.46, 545.70 
581.0, 515.04, 476.54, 555.40 
326.0, 440.32, 455.68, 475.60 
609.0, 516.14, 473.14, 567.70 
388.0, 514.65, 469.28, 578.70 
301.0, 439.11, 453.28, 463.30 
485.0, 514.31, 467.94, 560.80 
400.0, 513.01, 462.98, 533.50 
428.0, 512.06, 456.30, 511.60 
437.0, 511.22, 450.82, 490.90 
437.0, 439.09, 453.22, 451.60 
338.0, 509.32, 451.14, 478.00 
376.0, 507.87, 450.46, 461.40 
538.0, 439.94, 454.28, 447.70 
379.0, 506.48, 447.58, 442.10 
387.0, 505.21, 444.70, 422.70 
608.0, 506.29, 446.06, 422.60 
484.0, 440.31, 450.46, 435.70 
653.0, 507.82, 454.30, 449.10 
624.0, 509.02, 458.50, 463.00 
648.0, 510.44, 462.24, 487.80 
487.0, 440.71, 449.12, 433.50 
642.0, 511.77, 465.70, 509.20 
744.0, 514.09, 470.98, 539.90 
405.0, 513.01, 473.76, 546.60 
409.0, 440.44, 446.02, 421.10 
411.0, 512.01, 474.28, 550.10 
391.0, 510.83, 470.38, 551.30 
432.0, 510.08, 467.06, 555.80 
262.0, 438.97, 442.02, 408.50 
442.0, 509.43, 463.94, 539.20 
670.0, 510.94, 472.74, 540.90 
274.0, 437.61, 440.72, 390.00 
652.0, 512.26, 480.34, 543.70 
645.0, 513.49, 486.42, 543.40 
627.0, 514.53, 490.84, 541.90 
676.0, 516.00, 494.50, 535.10 
361.0, 436.99, 439.94, 387.90 
725.0, 517.88, 504.26, 567.10 
763.0, 520.07, 514.30, 602.30 
518.0, 437.65, 440.46, 407.10 
767.0, 522.26, 523.82, 639.90 
700.0, 523.82, 526.94, 666.70 
626.0, 524.70, 529.86, 685.10 
501.0, 438.15, 441.92, 427.10 
377.0, 523.43, 531.28, 655.80 
429.0, 522.62, 533.78, 633.50 
481.0, 522.27, 536.72, 617.10 
398.0, 437.83, 442.00, 423.20 
493.0, 522.03, 533.94, 603.70 
488.0, 521.74, 530.34, 584.90 
368.0, 437.28, 441.04, 406.20 
602.0, 522.40, 536.42, 572.60 
674.0, 523.65, 543.12, 563.70 
685.0, 524.96, 546.90, 555.50 
426.0, 437.20, 441.10, 400.40 
675.0, 526.17, 550.72, 553.00 
755.0, 528.00, 556.10, 565.90 
365.0, 526.71, 557.84, 564.70 
364.0, 436.63, 439.10, 388.10 
369.0, 525.46, 551.94, 558.70 
397.0, 524.46, 546.42, 550.30 
432.0, 523.74, 542.12, 544.20 
366.0, 436.08, 439.02, 383.80 
428.0, 523.01, 537.80, 538.20 
587.0, 523.50, 540.20, 536.70 
581.0, 523.93, 540.98, 527.40 
555.0, 524.17, 540.64, 514.40 
417.0, 435.94, 438.64, 399.30 
624.0, 524.91, 541.50, 509.30 
586.0, 525.36, 541.04, 492.40 
488.0, 525.09, 543.04, 504.70 
392.0, 435.61, 436.50, 411.10 
502.0, 524.92, 543.38, 518.00 
452.0, 524.39, 544.42, 523.50 
531.0, 524.44, 546.48, 533.40 
398.0, 435.32, 434.48, 414.80 
608.0, 525.04, 549.90, 551.40 
393.0, 524.10, 551.00, 532.00 
390.0, 523.15, 551.28, 512.90 
440.0, 435.36, 434.90, 407.00 
434.0, 522.53, 552.38, 500.80 
469.0, 522.16, 554.02, 485.30 
490.0, 521.94, 551.66, 475.70 
355.0, 434.76, 431.68, 392.40 
544.0, 522.09, 549.48, 481.30 
665.0, 523.06, 550.30, 497.60 
727.0, 524.44, 551.88, 525.10 
423.0, 434.68, 432.44, 394.90 
766.0, 526.06, 554.36, 548.60 
794.0, 527.85, 555.36, 567.20 
358.0, 526.72, 554.42, 563.70 
509.0, 435.22, 435.06, 409.00 
476.0, 526.39, 555.72, 572.30 
709.0, 527.58, 562.08, 599.80 
688.0, 528.62, 567.20, 621.70 
396.0, 434.93, 432.86, 406.00 
671.0, 529.54, 571.78, 639.80 
486.0, 529.26, 568.10, 634.00 
602.0, 529.73, 567.10, 627.70 
536.0, 435.66, 435.52, 423.20 
637.0, 530.41, 566.94, 618.70 
693.0, 531.43, 568.26, 611.40 
380.0, 380.00, 380.00, 380.00 
725.0, 532.64, 569.24, 604.50 
477.0, 435.96, 436.92, 434.30 
590.0, 485.00, 485.00, 485.00 
301.0, 531.20, 560.76, 598.80 
770.0, 580.00, 580.00, 580.00 
315.0, 529.86, 551.80, 582.70 
672.0, 603.00, 603.00, 603.00 
642.0, 610.80, 610.80, 610.80 
315.0, 528.55, 542.76, 543.30 
454.0, 584.67, 584.67, 584.67 
395.0, 435.67, 436.50, 432.10 
410.0, 527.82, 536.96, 515.50 
396.0, 557.71, 557.71, 557.71 
601.0, 563.12, 563.12, 563.12 
520.0, 527.78, 534.84, 500.40 
556.0, 562.33, 562.33, 562.33 
579.0, 564.00, 564.00, 564.00 
311.0, 526.47, 533.52, 482.90 
477.0, 435.96, 438.00, 440.60 
340.0, 525.35, 531.74, 456.70 
518.0, 525.31, 532.48, 444.80 
435.0, 552.27, 552.27, 569.50 
652.0, 526.06, 535.66, 440.70 
528.0, 436.60, 439.04, 453.60 
653.0, 526.81, 538.96, 433.50 
523.0, 549.83, 549.83, 562.80 
473.0, 526.49, 536.38, 450.70 
431.0, 525.94, 531.52, 462.30 
428.0, 436.54, 438.18, 452.40 
414.0, 525.29, 526.10, 472.20 
626.0, 555.69, 555.69, 548.40 
430.0, 524.74, 521.20, 474.20 
435.0, 524.23, 514.80, 465.70 
468.0, 436.76, 437.86, 463.70 
597.0, 558.64, 558.64, 540.90 
266.0, 522.76, 512.82, 461.20 
510.0, 522.69, 515.64, 478.20 
643.0, 564.27, 564.27, 541.00 
553.0, 522.86, 518.76, 481.70 
463.0, 436.94, 438.86, 467.70 
773.0, 524.26, 525.58, 493.80 
808.0, 525.83, 533.18, 509.30 
408.0, 554.50, 554.50, 536.40 
501.0, 525.70, 531.46, 512.10 
430.0, 436.89, 438.78, 459.80 
839.0, 527.42, 536.62, 552.90 
783.0, 528.81, 541.18, 589.80 
665.0, 561.00, 561.00, 563.30 
823.0, 530.41, 545.16, 629.10 
409.0, 436.70, 437.40, 461.10 
824.0, 532.00, 549.92, 668.00 
519.0, 558.67, 558.67, 555.10 
374.0, 531.15, 547.64, 678.80 
396.0, 530.43, 545.52, 667.40 
474.0, 436.95, 437.38, 454.90 
625.0, 562.16, 562.16, 562.00 
396.0, 529.71, 544.40, 651.70 
405.0, 529.05, 541.88, 614.90 
509.0, 528.95, 539.90, 585.00 
641.0, 566.10, 566.10, 568.20 
344.0, 436.33, 435.62, 441.60 
310.0, 527.80, 538.24, 565.90 
318.0, 526.71, 536.80, 513.80 
584.0, 566.95, 566.95, 583.10 
332.0, 525.70, 534.76, 468.70 
497.0, 436.74, 437.48, 451.80 
582.0, 525.99, 537.02, 444.60 
573.0, 567.23, 567.23, 588.10 
586.0, 526.30, 538.94, 420.80 
355.0, 525.42, 535.16, 418.90 
334.0, 436.06, 435.94, 437.50 
606.0, 568.91, 568.91, 586.10 
419.0, 524.88, 530.24, 421.20 
467.0, 524.59, 525.04, 428.30 
697.0, 574.25, 574.25, 596.10 
559.0, 524.76, 520.90, 443.70 
354.0, 435.52, 432.62, 420.10 
536.0, 524.82, 515.74, 446.40 
458.0, 569.60, 569.60, 577.60 
307.0, 523.74, 514.72, 446.10 
451.0, 523.38, 514.22, 459.40 
483.0, 435.83, 433.54, 425.60 
520.0, 523.36, 510.44, 478.20 
498.0, 566.85, 566.85, 586.60 
506.0, 523.27, 506.80, 470.60 
488.0, 523.10, 503.14, 460.80 
488.0, 436.17, 434.82, 427.60 
526.0, 523.12, 503.94, 477.90 
627.0, 569.07, 569.07, 582.80 
659.0, 523.77, 505.08, 501.90 
759.0, 524.90, 507.52, 531.10 
604.0, 437.24, 435.82, 441.70 
711.0, 574.14, 574.14, 602.00 
710.0, 525.79, 507.86, 546.20 
670.0, 526.48, 506.76, 559.60 
783.0, 581.34, 581.34, 617.80 
489.0, 437.57, 434.06, 447.60 
367.0, 525.72, 508.08, 565.60 
557.0, 525.87, 512.92, 576.20 
503.0, 525.76, 516.68, 574.50 
789.0, 588.27, 588.27, 632.60 
496.0, 525.62, 518.40, 573.50 
518.0, 438.08, 432.34, 458.50 
480.0, 525.41, 517.60, 572.70 
475.0, 525.18, 520.88, 567.60 
514.0, 585.87, 585.87, 625.60 
487.0, 525.00, 523.82, 550.40 
531.0, 438.67, 432.78, 464.20 
410.0, 524.47, 521.66, 515.50 
695.0, 589.28, 589.28, 637.80 
455.0, 524.16, 517.72, 490.00 
433.0, 523.74, 513.32, 466.30 
336.0, 438.02, 428.84, 463.40 
646.0, 591.00, 591.00, 641.80 
507.0, 523.67, 514.00, 480.30 
521.0, 523.65, 515.80, 476.70 
615.0, 524.06, 519.82, 487.90 
868.0, 599.15, 599.15, 658.90 
320.0, 437.29, 427.48, 445.70 
563.0, 524.24, 522.48, 494.60 
560.0, 524.40, 524.98, 502.60 
836.0, 605.91, 605.91, 696.70 
479.0, 524.19, 529.24, 503.00 
447.0, 437.35, 427.24, 457.00 
592.0, 524.49, 530.88, 513.50 
636.0, 524.98, 532.54, 536.10 
692.0, 608.31, 608.31, 716.10 
799.0, 526.18, 533.06, 570.50 
418.0, 437.23, 427.96, 463.40 
796.0, 527.35, 532.82, 606.80 
757.0, 612.32, 612.32, 729.10 
458.0, 527.05, 531.96, 601.90 
471.0, 526.81, 524.60, 596.90 
476.0, 437.47, 430.96, 462.70 
704.0, 614.74, 614.74, 728.40 
509.0, 526.73, 519.12, 586.30 
528.0, 526.74, 513.22, 582.80 
565.0, 526.90, 508.04, 583.30 
753.0, 618.28, 618.28, 725.40 
463.0, 437.62, 434.20, 460.20 
325.0, 526.05, 507.06, 567.90 
523.0, 526.03, 509.60, 561.00 
770.0, 622.08, 622.08, 723.50 
556.0, 526.16, 512.80, 553.00 
539.0, 526.21, 515.48, 527.00 
402.0, 437.41, 433.50, 440.00 
568.0, 526.39, 516.66, 504.20 
596.0, 621.44, 621.44, 731.70 
346.0, 525.64, 517.38, 493.00 
384.0, 437.09, 430.42, 429.50 
399.0, 525.12, 519.00, 485.80 
703.0, 623.38, 623.38, 732.50 
513.0, 525.07, 522.62, 486.20 
609.0, 525.41, 523.16, 494.30 
365.0, 436.66, 428.04, 414.20 
571.0, 525.60, 522.86, 494.90 
637.0, 623.70, 623.70, 731.60 
342.0, 524.85, 522.60, 496.60 
572.0, 525.04, 525.66, 501.50 
434.0, 436.64, 426.98, 404.50 
770.0, 627.02, 627.02, 721.80 
681.0, 525.67, 529.94, 514.00 
676.0, 526.27, 532.28, 527.70 
755.0, 629.87, 629.87, 713.70 
379.0, 436.31, 426.38, 408.80 
686.0, 526.91, 535.28, 539.50 
361.0, 526.25, 536.36, 541.00 
422.0, 525.84, 535.78, 543.30 
519.0, 627.46, 627.46, 696.40 
435.0, 525.48, 534.08, 535.50 
656.0, 437.59, 434.26, 442.40 
455.0, 525.20, 533.06, 520.10 
577.0, 626.38, 626.38, 678.40 
478.0, 525.02, 532.86, 510.80 
367.0, 524.40, 529.68, 513.30 
737.0, 439.33, 443.52, 471.40 
465.0, 623.02, 623.02, 654.50 
485.0, 524.25, 526.20, 504.60 
394.0, 523.74, 518.90, 475.90 
683.0, 440.74, 449.96, 497.90 
743.0, 524.59, 519.56, 482.60 
718.0, 624.96, 624.96, 651.00 
704.0, 525.28, 520.24, 484.40 
208.0, 524.06, 517.06, 469.10 
700.0, 626.46, 626.46, 644.00 
729.0, 442.40, 454.18, 523.20 
302.0, 523.21, 511.96, 457.10 
376.0, 522.65, 509.42, 451.20 
392.0, 522.16, 507.34, 444.90 
660.0, 627.12, 632.06, 650.40 
673.0, 443.71, 457.62, 544.20 
545.0, 522.25, 508.64, 451.60 
233.0, 521.16, 503.80, 438.20 
626.0, 627.10, 632.78, 642.70 
293.0, 520.30, 499.92, 419.00 
300.0, 519.48, 497.72, 409.60 
465.0, 443.84, 458.96, 550.50 
750.0, 629.42, 632.38, 654.00 
283.0, 518.60, 494.28, 363.60 
555.0, 518.74, 496.72, 348.70 
374.0, 443.44, 459.08, 549.50 
301.0, 517.93, 492.60, 358.00 
719.0, 631.07, 633.32, 648.90 
271.0, 517.03, 487.60, 354.90 
378.0, 516.52, 482.86, 355.10 
861.0, 635.25, 637.70, 659.50 
392.0, 443.15, 458.40, 552.20 
389.0, 516.05, 479.38, 354.80 
328.0, 515.37, 474.74, 333.10 
301.0, 514.59, 471.18, 339.90 
593.0, 634.50, 640.48, 666.90 
429.0, 443.07, 459.70, 551.70 
300.0, 513.82, 465.34, 340.60 
323.0, 513.13, 459.08, 342.90 
684.0, 635.37, 646.24, 677.60 
368.0, 512.61, 450.46, 351.40 
474.0, 443.24, 461.86, 561.20 
581.0, 512.85, 446.16, 354.00 
301.0, 512.10, 443.02, 354.00 
707.0, 636.60, 648.36, 701.80 
483.0, 512.00, 443.26, 375.20 
462.0, 443.35, 462.76, 541.80 
646.0, 512.47, 446.00, 402.00 
710.0, 637.85, 651.44, 701.00 
642.0, 512.93, 448.28, 427.30 
666.0, 513.46, 450.30, 461.10 
457.0, 443.42, 464.06, 513.80 
775.0, 640.13, 655.36, 708.50 
208.0, 512.40, 447.96, 451.80 
432.0, 512.11, 446.14, 465.00 
588.0, 512.38, 446.78, 491.50 
483.0, 443.64, 465.76, 493.80 
517.0, 512.39, 446.34, 506.40 
618.0, 639.77, 659.02, 704.30 
566.0, 512.58, 446.30, 504.90 
443.0, 512.34, 448.24, 519.10 
435.0, 443.59, 465.66, 464.40 
750.0, 641.55, 663.56, 716.70 
636.0, 512.76, 452.98, 534.40 
572.0, 512.97, 454.16, 527.00 
698.0, 642.44, 665.00, 711.50 
459.0, 443.68, 467.74, 443.00 
589.0, 513.22, 453.76, 521.70 
555.0, 513.37, 453.44, 510.60 
604.0, 641.84, 665.14, 700.00 
275.0, 512.56, 452.10, 517.30 
495.0, 512.50, 450.56, 523.60 
476.0, 443.85, 468.80, 444.10 
486.0, 512.41, 446.66, 513.40 
629.0, 641.65, 664.86, 676.80 
495.0, 512.35, 443.04, 511.20 
491.0, 512.28, 439.14, 503.70 
388.0, 443.55, 466.38, 445.50 
571.0, 640.58, 668.12, 674.60 
254.0, 511.43, 437.00, 484.80 
264.0, 510.61, 433.84, 447.60 
405.0, 510.26, 433.24, 430.90 
435.0, 443.51, 467.16, 449.80 
563.0, 639.42, 666.08, 662.50 
525.0, 510.31, 434.64, 424.50 
541.0, 510.41, 435.90, 423.10 
381.0, 443.17, 464.06, 445.00 
729.0, 640.74, 670.28, 664.70 
226.0, 509.48, 433.08, 418.20 
593.0, 509.75, 435.24, 428.00 
683.0, 641.35, 671.44, 662.00 
610.0, 510.07, 439.56, 440.40 
393.0, 442.91, 462.38, 436.90 
537.0, 510.16, 435.44, 444.60 
501.0, 510.13, 431.38, 445.60 
648.0, 641.44, 671.58, 649.30 
181.0, 509.07, 430.84, 438.30 
461.0, 443.01, 463.70, 436.80 
247.0, 508.23, 429.74, 436.60 
257.0, 507.43, 427.36, 421.80 
500.0, 639.45, 669.90, 637.50 
509.0, 507.44, 429.70, 420.20 
438.0, 442.98, 462.92, 434.90 
468.0, 507.31, 428.16, 412.90 
574.0, 638.54, 669.92, 619.90 
226.0, 506.42, 428.02, 412.90 
233.0, 505.56, 426.82, 376.90 
359.0, 442.54, 459.54, 422.50 
294.0, 504.89, 426.70, 345.30 
642.0, 638.59, 670.64, 614.30 
468.0, 504.78, 430.40, 338.40 
452.0, 504.61, 428.34, 333.50 
449.0, 442.58, 459.96, 423.90 
605.0, 638.14, 668.80, 614.40 
162.0, 503.55, 425.56, 331.60 
195.0, 502.59, 424.04, 326.40 
449.0, 442.61, 459.58, 422.90 
722.0, 639.25, 674.08, 623.70 
446.0, 502.41, 425.40, 345.30 
541.0, 502.53, 428.44, 348.50 
365.0, 502.11, 429.18, 338.20 
458.0, 636.87, 673.28, 612.40 
254.0, 501.35, 428.24, 341.00 
500.0, 442.90, 460.32, 425.30 
265.0, 500.62, 427.54, 344.20 
364.0, 500.21, 428.36, 351.20 
700.0, 637.69, 674.74, 626.10 
411.0, 499.94, 429.22, 345.50 
388.0, 442.62, 459.48, 425.30 
476.0, 499.86, 427.12, 347.90 
560.0, 636.69, 671.72, 609.20 
323.0, 499.33, 427.56, 364.00 
399.0, 442.40, 459.28, 421.70 
482.0, 499.28, 427.54, 392.70 
697.0, 637.46, 670.00, 610.60 
505.0, 499.29, 424.72, 398.60 
576.0, 499.52, 423.40, 402.10 
472.0, 442.55, 459.24, 430.80 
540.0, 499.64, 420.88, 419.60 
577.0, 636.70, 665.76, 603.50 
703.0, 500.25, 430.78, 464.50 
630.0, 500.64, 434.74, 501.00 
410.0, 442.39, 460.56, 432.50 
642.0, 501.05, 435.82, 528.80 
511.0, 635.15, 665.70, 604.60 
650.0, 501.49, 438.48, 552.70 
631.0, 501.87, 439.78, 568.20 
584.0, 634.52, 663.48, 605.60 
355.0, 441.96, 457.72, 421.90 
334.0, 501.38, 437.60, 569.30 
518.0, 501.43, 435.24, 572.90 
602.0, 634.13, 662.60, 601.60 
395.0, 501.12, 431.70, 561.90 
475.0, 442.12, 460.54, 425.60 
456.0, 500.99, 429.04, 549.90 
639.0, 634.19, 658.02, 605.00 
409.0, 500.72, 426.12, 536.80 
349.0, 500.28, 427.60, 501.40 
515.0, 442.48, 463.76, 441.20 
319.0, 499.76, 424.08, 470.30 
605.0, 633.85, 653.40, 593.30 
448.0, 499.61, 423.32, 450.90 
587.0, 499.86, 425.16, 444.60 
474.0, 442.63, 463.58, 443.70 
567.0, 500.05, 426.68, 438.20 
556.0, 632.94, 650.68, 603.10 
525.0, 500.13, 432.10, 457.30 
611.0, 500.44, 439.04, 466.60 
432.0, 442.58, 462.46, 442.00 
522.0, 631.67, 645.98, 585.30 
596.0, 500.71, 442.86, 486.70 
578.0, 500.93, 443.92, 498.90 
464.0, 629.76, 641.18, 575.70 
563.0, 501.10, 444.36, 514.30 
383.0, 442.29, 458.04, 430.30 
360.0, 500.71, 447.04, 515.40 
603.0, 629.46, 638.18, 566.30 
410.0, 500.45, 443.38, 524.50 
552.0, 500.60, 442.22, 534.90 
520.0, 442.67, 458.66, 443.50 
579.0, 500.82, 443.06, 534.10 
606.0, 629.20, 634.90, 569.20 
536.0, 500.91, 443.76, 531.00 
300.0, 500.36, 446.14, 508.50 
491.0, 442.90, 458.12, 452.70 
562.0, 628.46, 634.22, 574.30 
381.0, 500.03, 448.82, 485.50 
474.0, 499.96, 453.16, 473.30 
489.0, 499.93, 452.76, 464.40 
601.0, 628.16, 632.18, 576.00 
481.0, 443.08, 457.12, 453.60 
572.0, 500.12, 454.84, 465.30 
300.0, 499.58, 456.32, 459.30 
606.0, 627.92, 631.56, 576.40 
334.0, 499.13, 458.34, 451.70 
485.0, 443.28, 460.10, 461.10 
408.0, 498.88, 460.62, 437.30 
441.0, 498.72, 460.08, 423.50 
667.0, 628.34, 629.50, 579.20 
406.0, 498.47, 459.16, 410.50 
346.0, 442.82, 460.62, 460.20 
281.0, 497.88, 461.54, 408.60 
688.0, 628.97, 628.16, 587.50 
312.0, 497.38, 463.88, 401.70 
399.0, 497.12, 462.94, 394.20 
402.0, 442.63, 459.72, 452.90 
398.0, 496.86, 460.08, 385.10 
530.0, 627.94, 628.38, 584.90 
390.0, 496.57, 460.58, 366.90 
286.0, 496.01, 461.22, 365.50 
430.0, 442.57, 459.96, 444.40 
691.0, 628.59, 630.66, 601.80 
349.0, 495.62, 462.90, 367.00 
476.0, 495.57, 465.14, 373.80 
671.0, 496.03, 470.34, 396.80 
460.0, 442.65, 459.64, 443.00 
648.0, 628.79, 634.32, 620.20 
717.0, 496.61, 475.16, 427.90 
314.0, 496.13, 474.98, 431.20 
634.0, 628.84, 632.64, 623.30 
518.0, 443.00, 460.74, 451.60 
473.0, 496.07, 474.80, 447.30 
529.0, 496.16, 475.28, 460.30 
594.0, 628.49, 630.52, 622.10 
543.0, 496.28, 474.62, 474.80 
540.0, 496.39, 474.62, 489.80 
464.0, 443.10, 461.98, 459.70 
343.0, 496.00, 467.42, 495.50 
482.0, 627.04, 626.96, 614.10 
451.0, 495.88, 463.84, 505.70 
753.0, 496.54, 466.06, 533.40 
422.0, 443.00, 462.74, 449.90 
650.0, 627.26, 627.44, 619.00 
767.0, 497.24, 468.40, 543.00 
790.0, 497.99, 471.58, 550.30 
449.0, 443.03, 464.42, 445.70 
670.0, 498.43, 478.30, 585.90 
550.0, 626.51, 623.44, 613.40 
581.0, 498.64, 479.56, 596.70 
558.0, 498.79, 482.82, 599.60 
540.0, 625.68, 619.86, 600.70 
460.0, 443.11, 464.94, 443.60 
485.0, 498.76, 483.40, 593.80 
497.0, 498.75, 485.16, 589.50 
592.0, 625.36, 614.48, 591.10 
307.0, 498.27, 484.32, 585.90 
414.0, 442.97, 465.64, 436.50 
542.0, 498.38, 488.78, 595.00 
718.0, 498.93, 494.18, 591.50 
486.0, 624.05, 612.34, 586.70 
504.0, 498.94, 492.52, 565.20 
320.0, 442.42, 458.92, 433.90 
607.0, 499.21, 493.32, 546.90 
599.0, 623.81, 610.64, 577.50 
291.0, 498.69, 488.64, 509.00 
822.0, 499.50, 492.86, 533.10 
339.0, 441.95, 450.96, 427.60 
838.0, 500.34, 497.70, 561.10 
658.0, 624.13, 609.66, 578.50 
762.0, 500.99, 501.38, 588.80 
833.0, 501.80, 506.78, 622.40 
451.0, 441.99, 446.32, 429.70 
713.0, 624.94, 609.72, 586.40 
241.0, 501.16, 504.40, 615.80 
357.0, 500.81, 503.34, 597.30 
426.0, 500.62, 500.82, 568.10 
495.0, 442.23, 441.64, 433.20 
753.0, 626.11, 609.28, 602.30 
538.0, 500.72, 500.00, 571.50 
547.0, 500.83, 500.22, 565.50 
348.0, 500.46, 501.18, 571.20 
616.0, 626.02, 609.24, 615.70 
462.0, 442.32, 437.42, 427.60 
546.0, 500.57, 504.48, 543.60 
498.0, 500.56, 504.96, 509.60 
596.0, 625.75, 606.16, 610.30 
611.0, 500.83, 507.40, 494.50 
368.0, 441.99, 435.48, 418.00 
660.0, 501.21, 509.16, 477.20 
648.0, 625.95, 605.16, 620.10 
399.0, 500.97, 511.14, 493.00 
499.0, 500.96, 514.44, 507.20 
424.0, 441.91, 436.48, 418.20 
476.0, 500.90, 515.80, 512.20 
694.0, 626.54, 606.96, 635.50 
498.0, 500.89, 516.94, 508.20 
580.0, 501.08, 520.42, 511.50 
432.0, 441.86, 437.28, 416.50 
602.0, 626.33, 606.42, 636.50 
322.0, 500.66, 521.24, 508.90 
433.0, 500.50, 523.66, 497.60 
442.0, 500.36, 524.52, 492.00 
457.0, 441.93, 437.84, 416.20 
584.0, 625.97, 606.68, 646.30 
529.0, 500.43, 527.14, 483.80 
622.0, 500.71, 531.78, 480.00 
661.0, 626.26, 608.64, 652.50 
366.0, 500.40, 533.38, 476.70 
460.0, 442.01, 437.56, 420.80 
429.0, 500.23, 534.98, 469.70 
590.0, 625.96, 605.86, 645.70 
566.0, 500.38, 536.78, 478.70 
557.0, 500.52, 534.50, 484.60 
391.0, 441.79, 436.14, 427.90 
639.0, 500.84, 532.94, 490.50 
517.0, 625.04, 602.54, 626.10 
353.0, 500.49, 533.72, 493.60 
488.0, 500.47, 534.02, 499.10 
554.0, 624.45, 600.66, 606.20 
422.0, 441.70, 435.44, 436.20 
398.0, 500.23, 531.40, 494.70 
507.0, 500.24, 530.68, 492.50 
516.0, 500.28, 530.20, 481.90 
427.0, 622.82, 599.20, 587.30 
411.0, 441.57, 434.00, 432.20 
199.0, 499.59, 527.32, 465.20 
274.0, 499.07, 523.78, 449.70 
696.0, 623.42, 601.64, 597.30 
266.0, 498.54, 514.04, 419.70 
372.0, 441.27, 432.74, 419.90 
510.0, 498.57, 508.90, 415.00 
705.0, 624.08, 602.90, 603.00 
750.0, 499.14, 508.10, 426.10 
348.0, 440.88, 430.52, 408.50 
312.0, 498.71, 500.94, 422.00 
562.0, 623.58, 602.04, 589.80 
445.0, 498.59, 498.22, 417.70 
414.0, 498.40, 495.34, 419.30 
379.0, 498.13, 493.22, 406.50 
684.0, 624.06, 601.28, 598.00 
314.0, 440.34, 427.28, 403.10 
397.0, 497.91, 491.22, 394.60 
277.0, 497.41, 490.62, 402.40 
705.0, 624.71, 606.22, 610.10 
276.0, 496.91, 485.30, 402.60 
327.0, 439.86, 426.06, 393.40 
528.0, 496.98, 481.50, 428.80 
513.0, 497.02, 481.68, 429.10 
616.0, 624.64, 604.54, 605.60 
560.0, 497.16, 480.74, 410.10 
334.0, 439.42, 424.04, 383.60 
213.0, 496.53, 479.18, 400.20 
632.0, 624.70, 605.98, 609.80 
400.0, 496.32, 470.74, 395.70 
347.0, 439.03, 423.36, 372.60 
446.0, 496.21, 462.90, 398.90 
540.0, 496.30, 458.46, 415.00 
597.0, 624.48, 603.98, 617.80 
543.0, 496.40, 452.66, 429.60 
352.0, 438.67, 422.54, 361.80 
273.0, 495.91, 453.30, 429.20 
630.0, 624.52, 605.04, 625.40 
291.0, 495.47, 451.98, 430.70 
523.0, 495.53, 453.92, 430.20 
518.0, 495.58, 453.52, 430.70 
481.0, 623.43, 604.44, 630.80 
421.0, 438.59, 421.74, 364.80 
512.0, 495.61, 452.82, 425.90 
306.0, 495.20, 451.98, 435.20 
529.0, 622.71, 603.34, 614.10 
322.0, 494.82, 447.50, 427.40 
430.0, 438.56, 421.58, 365.60 
348.0, 494.51, 444.50, 417.60 
397.0, 494.30, 440.22, 403.30 
603.0, 622.56, 603.36, 603.90 
427.0, 494.15, 435.56, 391.70 
452.0, 438.61, 423.44, 369.70 
299.0, 493.73, 433.56, 394.30 
720.0, 623.29, 604.98, 619.70 
424.0, 493.58, 432.06, 407.60 
386.0, 493.35, 430.26, 393.90 
509.0, 438.90, 424.64, 383.40 
463.0, 493.29, 429.56, 388.40 
843.0, 624.92, 609.74, 635.60 
455.0, 493.21, 427.06, 382.70 
394.0, 623.22, 606.50, 604.50 
354.0, 621.26, 603.14, 578.30 
357.0, 619.34, 601.00, 550.80 
366.0, 617.52, 596.26, 527.70 
342.0, 615.55, 590.98, 498.90 
483.0, 614.61, 589.40, 499.10 
465.0, 613.56, 586.68, 492.70 
558.0, 613.17, 585.72, 488.20 
655.0, 613.46, 585.48, 481.70 
720.0, 614.19, 586.12, 469.40 
581.0, 613.97, 587.14, 488.10 
587.0, 613.78, 585.06, 511.40 
798.0, 615.03, 588.06, 555.50 
572.0, 614.74, 586.82, 576.10 
455.0, 455.00, 455.00, 455.00 
580.0, 517.50, 517.50, 517.50 
581.0, 538.67, 538.67, 538.67 
752.0, 615.65, 589.98, 617.10 
558.0, 543.50, 543.50, 543.50 
702.0, 575.20, 575.20, 575.20 
486.0, 560.33, 560.33, 560.33 
468.0, 547.14, 547.14, 547.14 
500.0, 541.25, 541.25, 541.25 
419.0, 527.67, 527.67, 527.67 
557.0, 615.26, 591.48, 624.50 
424.0, 517.30, 517.30, 517.30 
676.0, 615.66, 592.00, 645.60 
442.0, 510.45, 510.45, 516.00 
660.0, 615.95, 594.20, 655.80 
448.0, 505.25, 505.25, 502.80 
558.0, 615.58, 594.56, 646.10 
468.0, 502.38, 502.38, 491.50 
445.0, 498.29, 498.29, 480.20 
699.0, 616.12, 596.70, 644.00 
447.0, 494.87, 494.87, 454.70 
518.0, 615.49, 597.34, 637.70 
337.0, 485.00, 485.00, 439.80 
398.0, 614.10, 593.32, 618.80 
342.0, 476.59, 476.59, 427.20 
493.0, 613.34, 590.02, 588.30 
529.0, 479.50, 479.50, 430.10 
728.0, 614.06, 590.32, 603.90 
573.0, 484.42, 484.42, 445.50 
588.0, 613.89, 587.02, 587.50 
503.0, 485.35, 485.35, 453.40 
439.0, 612.81, 583.48, 575.70 
251.0, 474.19, 474.19, 434.30 
562.0, 612.49, 582.80, 564.30 
577.0, 478.86, 478.86, 447.20 
579.0, 612.29, 581.42, 556.20 
535.0, 481.30, 481.30, 453.90 
571.0, 612.04, 578.96, 557.50 
552.0, 484.25, 484.25, 464.60 
649.0, 490.84, 490.84, 484.80 
655.0, 612.30, 580.02, 553.10 
249.0, 481.54, 481.54, 476.00 
493.0, 611.58, 578.20, 550.60 
246.0, 472.81, 472.81, 466.40 
558.0, 611.26, 576.14, 566.60 
400.0, 470.21, 470.21, 453.50 
562.0, 610.96, 575.58, 573.50 
465.0, 470.03, 470.03, 442.70 
598.0, 610.89, 577.20, 560.50 
416.0, 468.23, 468.23, 434.00 
557.0, 610.57, 577.26, 557.40 
301.0, 462.84, 462.84, 439.00 
604.0, 610.53, 580.80, 573.90 
341.0, 459.03, 459.03, 415.40 
755.0, 611.37, 581.98, 593.20 
460.0, 459.06, 459.06, 407.90 
841.0, 612.70, 584.70, 619.40 
497.0, 460.18, 460.18, 402.40 
813.0, 613.85, 589.72, 643.60 
488.0, 460.97, 460.97, 386.30 
730.0, 614.51, 590.64, 651.10 
281.0, 455.97, 455.97, 389.50 
505.0, 457.30, 457.30, 415.40 
372.0, 613.14, 583.98, 639.00 
645.0, 462.24, 462.24, 439.90 
451.0, 612.22, 580.68, 628.30 
589.0, 465.49, 465.49, 452.30 
448.0, 611.30, 577.00, 616.90 
632.0, 469.65, 469.65, 473.90 
540.0, 610.90, 575.86, 611.10 
249.0, 464.27, 464.27, 468.70 
481.0, 610.18, 572.88, 603.50 
450.0, 463.93, 463.93, 479.60 
433.0, 609.20, 571.92, 586.40 
635.0, 467.91, 467.91, 497.10 
468.0, 608.42, 570.70, 557.70 
670.0, 472.50, 472.50, 514.40 
459.0, 607.61, 567.82, 519.50 
662.0, 476.71, 476.71, 531.80 
481.0, 606.92, 563.04, 486.30 
527.0, 477.80, 477.80, 556.40 
540.0, 606.56, 556.98, 467.30 
579.0, 479.96, 479.96, 563.80 
652.0, 606.80, 562.14, 495.30 
532.0, 481.04, 481.04, 552.50 
670.0, 607.14, 568.46, 517.20 
588.0, 483.22, 483.22, 552.40 
752.0, 607.91, 576.36, 547.60 
621.0, 485.98, 485.98, 551.30 
759.0, 608.71, 584.22, 569.50 
468.0, 468.00, 468.00, 468.00 
472.0, 485.71, 486.32, 573.60 
596.0, 532.00, 532.00, 532.00 
762.0, 609.52, 592.62, 597.60 
608.0, 557.33, 557.33, 557.33 
635.0, 576.75, 576.75, 576.75 
713.0, 490.08, 488.98, 599.90 
708.0, 603.00, 603.00, 603.00 
684.0, 616.50, 616.50, 616.50 
675.0, 624.86, 624.86, 624.86 
605.0, 609.49, 595.06, 614.80 
763.0, 495.23, 492.62, 612.70 
600.0, 621.75, 621.75, 621.75 
508.0, 609.11, 609.11, 609.11 
540.0, 602.20, 602.20, 602.20 
613.0, 609.51, 598.02, 629.30 
841.0, 501.63, 498.28, 629.80 
956.0, 509.89, 503.36, 659.20 
386.0, 582.55, 582.55, 594.00 
358.0, 507.18, 500.80, 642.30 
474.0, 573.50, 573.50, 581.80 
348.0, 504.39, 498.40, 619.20 
497.0, 567.62, 567.62, 570.70 
450.0, 503.45, 497.40, 611.00 
604.0, 570.21, 570.21, 567.60 
547.0, 504.19, 499.96, 606.90 
531.0, 504.63, 502.10, 597.90 
602.0, 572.33, 572.33, 557.00 
383.0, 502.64, 500.92, 589.00 
531.0, 569.75, 569.75, 541.70 
480.0, 502.27, 501.56, 565.70 
504.0, 502.30, 502.28, 539.80 
675.0, 575.94, 575.94, 541.70 
590.0, 503.67, 505.18, 514.70 
636.0, 579.28, 579.28, 545.30 
651.0, 505.94, 509.26, 484.20 
629.0, 581.89, 581.89, 557.40 
148.0, 500.52, 505.48, 463.20 
671.0, 586.35, 586.35, 570.50 
384.0, 498.78, 506.32, 466.80 
376.0, 496.97, 503.26, 459.40 
397.0, 577.33, 577.33, 571.60 
432.0, 496.03, 500.44, 447.90 
491.0, 573.41, 573.41, 573.30 
408.0, 494.77, 498.54, 435.60 
550.0, 572.39, 572.39, 578.60 
274.0, 491.66, 499.00, 424.70 
585.0, 492.96, 499.16, 435.20 
579.0, 572.67, 572.67, 576.10 
657.0, 495.21, 501.60, 450.50 
614.0, 574.32, 574.32, 577.30 
733.0, 498.42, 505.22, 464.80 
696.0, 501.05, 506.16, 469.30 
577.0, 574.42, 574.42, 581.90 
321.0, 498.68, 507.60, 486.60 
604.0, 575.52, 575.52, 574.80 
333.0, 496.53, 509.34, 481.50 
675.0, 579.07, 579.07, 578.70 
337.0, 494.49, 508.08, 477.60 
590.0, 579.45, 579.45, 574.80 
350.0, 492.66, 505.78, 469.40 
631.0, 581.17, 581.17, 570.80 
540.0, 579.84, 579.84, 585.10 
545.0, 578.75, 578.75, 590.50 
575.0, 578.64, 578.64, 593.00 
640.0, 580.44, 580.44, 599.10 
577.0, 580.34, 580.34, 595.40 
479.0, 577.53, 577.53, 585.60 
447.0, 574.00, 574.00, 569.90 
495.0, 571.92, 571.92, 551.90 
565.0, 571.74, 571.74, 549.40 
667.0, 574.12, 574.12, 553.00 
371.0, 569.17, 569.17, 536.10 
394.0, 565.00, 565.00, 521.00 
451.0, 562.35, 562.35, 508.60 
519.0, 561.36, 561.36, 496.50 
450.0, 558.89, 558.89, 483.80 
547.0, 558.63, 558.63, 490.60 
520.0, 557.81, 557.81, 497.90 
567.0, 558.00, 558.00, 505.10 
628.0, 559.43, 559.43, 511.40 
649.0, 561.22, 561.22, 509.60 
509.0, 560.20, 562.04, 523.40 
582.0, 560.62, 561.76, 542.20 
580.0, 560.98, 561.20, 555.10 
573.0, 561.20, 559.96, 560.50 
603.0, 561.96, 557.86, 575.80 
732.0, 565.00, 558.82, 594.30 
730.0, 567.89, 559.92, 615.30 
716.0, 570.45, 562.24, 630.20 
655.0, 571.88, 565.18, 632.90 
712.0, 574.22, 568.62, 639.20 
648.0, 575.43, 573.86, 653.10 
658.0, 576.76, 577.54, 660.70 
779.0, 579.97, 583.18, 680.60 
786.0, 583.19, 586.82, 701.90 
701.0, 585.00, 588.80, 711.70 
496.0, 583.65, 588.10, 688.10 
696.0, 585.33, 588.52, 684.70 
810.0, 588.63, 592.00, 694.10 
803.0, 591.74, 595.48, 708.90 
746.0, 593.94, 596.98, 712.30 
542.0, 593.21, 599.88, 701.70 
612.0, 593.47, 602.30, 697.10 
594.0, 593.48, 603.18, 678.60 
625.0, 593.91, 604.10, 662.50 
559.0, 593.44, 603.00, 648.30 
515.0, 592.41, 601.76, 650.20 
577.0, 592.21, 601.22, 638.30 
598.0, 592.28, 599.68, 617.10 
638.0, 592.86, 600.64, 600.60 
647.0, 593.54, 600.96, 590.70 
544.0, 592.93, 601.04, 590.90 
562.0, 592.55, 601.38, 585.90 
562.0, 592.18, 601.12, 582.70 
523.0, 591.36, 598.78, 572.50 
679.0, 592.39, 600.82, 584.50 
510.0, 591.43, 601.44, 584.00 
569.0, 591.17, 603.88, 583.20 
535.0, 590.53, 604.68, 576.90 
569.0, 590.29, 604.76, 570.00 
656.0, 591.02, 604.54, 570.90 
516.0, 590.20, 607.44, 568.10 
586.0, 590.15, 611.28, 570.50 
694.0, 591.27, 616.14, 583.70 
674.0, 592.15, 619.24, 598.80 
711.0, 593.40, 624.46, 602.00 
439.0, 591.79, 622.30, 594.90 
434.0, 590.16, 620.58, 581.40 
427.0, 588.50, 617.78, 570.60 
431.0, 586.91, 613.84, 556.80 
434.0, 585.38, 609.54, 534.60 
413.0, 583.67, 607.62, 524.30 
174.0, 174.00, 174.00, 174.00 
206.0, 190.00, 190.00, 190.00 
115.0, 165.00, 165.00, 165.00 
99.0, 148.50, 148.50, 148.50 
90.0, 136.80, 136.80, 136.80 
153.0, 139.50, 139.50, 139.50 
150.0, 141.00, 141.00, 141.00 
117.0, 138.00, 138.00, 138.00 
117.0, 135.67, 135.67, 135.67 
557.0, 583.41, 607.12, 521.40 
231.0, 145.20, 145.20, 145.20 
188.0, 149.09, 149.09, 146.60 
188.0, 152.33, 152.33, 144.80 
135.0, 151.00, 151.00, 146.80 
182.0, 153.21, 153.21, 155.10 
99.0, 149.60, 149.60, 156.00 
134.0, 148.62, 148.62, 154.10 
602.0, 583.59, 607.56, 512.20 
162.0, 149.41, 149.41, 155.30 
144.0, 149.11, 149.11, 158.00 
144.0, 148.84, 148.84, 160.70 
185.0, 150.65, 150.65, 156.10 
126.0, 149.48, 149.48, 149.90 
557.0, 583.34, 607.24, 500.50 
655.0, 172.45, 172.45, 196.60 
715.0, 196.04, 196.04, 254.60 
697.0, 216.92, 216.92, 306.10 
576.0, 583.27, 606.70, 487.00 
691.0, 235.88, 235.88, 365.30 
858.0, 259.81, 259.81, 437.70 
415.0, 265.56, 265.56, 463.00 
509.0, 274.25, 274.25, 499.50 
472.0, 281.07, 281.07, 532.30 
534.0, 582.80, 602.74, 496.50 
514.0, 288.83, 288.83, 565.20 
525.0, 296.45, 296.45, 605.10 
500.0, 582.03, 598.14, 503.10 
492.0, 302.56, 302.56, 588.80 
686.0, 582.99, 597.54, 529.00 
417.0, 306.03, 306.03, 559.00 
555.0, 582.73, 595.54, 541.40 
449.0, 310.24, 310.24, 534.20 
651.0, 583.35, 594.32, 563.10 
453.0, 314.31, 314.31, 510.40 
452.0, 582.17, 590.40, 567.00 
510.0, 319.75, 319.75, 475.60 
564.0, 582.01, 588.52, 567.70 
503.0, 324.70, 324.70, 484.40 
532.0, 581.57, 583.58, 560.70 
474.0, 328.63, 328.63, 480.90 
558.0, 581.36, 579.02, 560.80 
421.0, 331.00, 331.00, 475.80 
570.0, 581.26, 576.40, 560.20 
486.0, 334.88, 334.88, 473.00 
443.0, 580.07, 575.34, 551.10 
492.0, 338.71, 338.71, 469.70 
630.0, 580.50, 574.02, 564.10 
534.0, 343.36, 343.36, 473.90 
666.0, 581.22, 571.14, 562.10 
481.0, 346.56, 346.56, 480.30 
636.0, 581.68, 567.80, 570.20 
626.0, 352.91, 352.91, 498.00 
645.0, 582.21, 565.78, 569.60 
571.0, 357.76, 357.76, 509.80 
453.0, 581.14, 564.00, 569.70 
561.0, 362.17, 362.17, 514.90 
685.0, 581.99, 565.46, 581.80 
413.0, 363.26, 363.26, 505.90 
602.0, 582.15, 565.62, 588.80 
514.0, 366.40, 366.40, 509.90 
599.0, 582.29, 565.10, 592.90 
686.0, 372.92, 372.92, 536.40 
554.0, 582.06, 565.00, 591.30 
693.0, 379.32, 379.32, 557.10 
778.0, 387.14, 391.40, 585.70 
568.0, 581.95, 566.06, 603.80 
579.0, 581.93, 566.10, 598.70 
547.0, 390.21, 398.22, 587.00 
540.0, 581.60, 564.94, 586.10 
625.0, 394.64, 408.42, 601.40 
540.0, 581.28, 562.98, 576.50 
650.0, 399.37, 419.44, 603.80 
590.0, 581.35, 561.84, 571.00 
640.0, 403.75, 430.44, 610.70 
585.0, 406.98, 439.08, 613.10 
108.0, 108.00, 108.00, 108.00 
135.0, 121.50, 121.50, 121.50 
135.0, 126.00, 126.00, 126.00 
90.0, 117.00, 117.00, 117.00 
90.0, 111.60, 111.60, 111.60 
106.0, 110.67, 110.67, 110.67 
616.0, 581.61, 563.28, 587.30 
90.0, 107.71, 107.71, 107.71 
120.0, 109.25, 109.25, 109.25 
90.0, 107.11, 107.11, 107.11 
81.0, 104.50, 104.50, 104.50 
81.0, 102.36, 102.36, 101.80 
81.0, 100.58, 100.58, 96.40 
81.0, 99.08, 99.08, 91.00 
99.0, 99.07, 99.07, 91.90 
604.0, 581.78, 564.12, 579.20 
503.0, 408.67, 446.14, 622.10 
81.0, 97.87, 97.87, 91.00 
113.0, 98.81, 98.81, 91.70 
113.0, 99.65, 99.65, 94.00 
120.0, 100.78, 100.78, 94.00 
113.0, 101.42, 101.42, 96.30 
81.0, 100.40, 100.40, 96.30 
81.0, 99.48, 99.48, 96.30 
689.0, 582.59, 566.66, 587.90 
618.0, 412.28, 456.16, 632.50 
787.0, 130.73, 130.73, 166.90 
711.0, 155.96, 155.96, 229.90 
749.0, 180.67, 180.67, 294.90 
651.0, 583.10, 569.22, 593.10 
622.0, 415.83, 466.26, 626.10 
736.0, 202.88, 202.88, 360.40 
754.0, 224.08, 224.08, 424.50 
637.0, 239.37, 239.37, 476.90 
663.0, 583.69, 568.90, 604.00 
693.0, 420.45, 475.50, 626.10 
699.0, 255.79, 255.79, 534.80 
768.0, 273.45, 273.45, 600.30 
809.0, 291.30, 291.30, 673.10 
652.0, 424.25, 484.78, 613.50 
482.0, 582.94, 568.34, 595.40 
489.0, 425.29, 490.80, 607.70 
536.0, 582.60, 567.68, 591.10 
509.0, 426.62, 498.28, 596.10 
604.0, 582.75, 569.06, 597.50 
485.0, 427.53, 504.34, 579.60 
572.0, 582.68, 569.12, 600.70 
513.0, 428.85, 512.62, 566.90 
554.0, 582.47, 567.08, 597.10 
261.0, 261.00, 261.00, 261.00 
324.0, 292.50, 292.50, 292.50 
324.0, 303.00, 303.00, 303.00 
324.0, 308.25, 308.25, 308.25 
324.0, 311.40, 311.40, 311.40 
243.0, 300.00, 300.00, 300.00 
324.0, 303.43, 303.43, 303.43 
324.0, 306.00, 306.00, 306.00 
307.0, 306.11, 306.11, 306.11 
322.0, 307.70, 307.70, 307.70 
718.0, 433.23, 524.30, 580.20 
319.0, 308.73, 308.73, 313.50 
324.0, 310.00, 310.00, 313.50 
261.0, 306.23, 306.23, 307.20 
319.0, 307.14, 307.14, 306.70 
317.0, 307.80, 307.80, 306.00 
489.0, 581.81, 566.54, 584.40 
315.0, 308.25, 308.25, 313.20 
317.0, 308.76, 308.76, 312.50 
315.0, 309.11, 309.11, 311.60 
317.0, 309.53, 309.53, 312.60 
324.0, 310.25, 310.25, 312.80 
308.0, 310.14, 310.14, 311.70 
746.0, 329.95, 329.95, 353.90 
604.0, 435.78, 533.14, 590.30 
742.0, 347.87, 347.87, 402.00 
747.0, 364.50, 364.50, 444.80 
545.0, 581.55, 565.72, 578.50 
677.0, 377.00, 377.00, 480.80 
697.0, 389.31, 389.31, 519.00 
797.0, 404.41, 404.41, 567.00 
1007.0, 425.93, 425.93, 636.20 
1040.0, 447.10, 447.10, 708.50 
923.0, 462.97, 462.97, 768.40 
733.0, 440.15, 544.92, 601.80 
843.0, 475.23, 475.23, 821.90 
572.0, 581.48, 563.28, 566.80 
745.0, 483.66, 483.66, 821.80 
743.0, 444.54, 556.90, 613.90 
659.0, 582.02, 562.98, 567.60 
806.0, 493.42, 493.42, 828.20 
616.0, 446.99, 565.52, 606.20 
633.0, 582.37, 561.42, 564.60 
836.0, 503.50, 503.50, 837.10 
716.0, 450.77, 577.32, 612.60 
833.0, 512.91, 512.91, 852.70 
451.0, 581.47, 561.66, 561.50 
809.0, 521.14, 521.14, 863.90 
559.0, 452.28, 575.40, 619.60 
635.0, 581.84, 565.68, 571.40 
1036.0, 535.05, 535.05, 887.80 
1030.0, 548.08, 548.08, 890.10 
640.0, 454.85, 573.90, 632.70 
624.0, 582.12, 569.62, 573.40 
1055.0, 561.08, 561.08, 891.60 
619.0, 457.07, 572.34, 646.10 
1072.0, 573.85, 573.85, 906.50 
654.0, 582.60, 574.08, 581.60 
1075.0, 586.07, 586.07, 929.70 
629.0, 459.36, 571.10, 657.70 
608.0, 582.77, 577.56, 587.00 
755.0, 590.10, 590.10, 930.70 
691.0, 462.41, 567.76, 655.00 
709.0, 592.86, 592.86, 921.00 
471.0, 582.03, 578.72, 585.20 
697.0, 595.23, 595.23, 907.10 
430.0, 461.99, 568.06, 637.60 
538.0, 581.74, 578.34, 584.50 
767.0, 599.04, 599.04, 900.50 
427.0, 461.54, 566.42, 607.00 
765.0, 602.65, 602.65, 896.10 
658.0, 582.24, 579.46, 593.10 
418.0, 460.99, 565.34, 574.50 
846.0, 607.83, 607.83, 877.10 
685.0, 582.91, 582.02, 595.70 
916.0, 614.25, 614.25, 865.70 
421.0, 460.49, 563.48, 555.00 
907.0, 620.22, 620.22, 850.90 
729.0, 583.85, 585.08, 605.30 
425.0, 460.05, 561.48, 525.90 
877.0, 625.36, 625.36, 831.40 
983.0, 632.37, 639.80, 822.20 
611.0, 584.03, 586.62, 621.30 
530.0, 460.90, 562.24, 523.00 
790.0, 635.40, 649.12, 825.70 
519.0, 583.61, 587.00, 609.70 
512.0, 461.52, 564.14, 510.20 
707.0, 636.75, 656.78, 825.50 
526.0, 583.25, 583.80, 599.90 
776.0, 639.33, 665.82, 833.40 
545.0, 462.51, 566.06, 502.80 
800.0, 642.25, 675.34, 836.70 
616.0, 583.45, 585.02, 596.10 
783.0, 644.77, 686.14, 838.50 
533.0, 463.34, 567.66, 493.20 
654.0, 644.93, 692.74, 819.30 
633.0, 583.76, 584.66, 598.60 
508.0, 463.86, 567.62, 474.90 
638.0, 644.81, 699.02, 791.50 
546.0, 583.53, 586.54, 606.10 
648.0, 644.86, 705.84, 765.60 
344.0, 462.48, 564.44, 466.30 
628.0, 644.58, 711.96, 740.70 
550.0, 583.32, 586.26, 607.30 
416.0, 461.95, 563.28, 465.20 
629.0, 644.33, 718.16, 705.30 
620.0, 583.55, 588.02, 603.50 
715.0, 645.47, 725.98, 697.80 
660.0, 464.18, 568.06, 489.40 
850.0, 648.71, 737.76, 712.10 
600.0, 583.65, 588.86, 595.00 
726.0, 467.09, 572.86, 519.90 
772.0, 650.64, 746.82, 711.70 
575.0, 583.59, 588.96, 579.60 
812.0, 653.12, 756.72, 712.90 
608.0, 468.64, 575.18, 538.20 
791.0, 655.21, 766.24, 713.70 
537.0, 583.31, 590.84, 572.20 
536.0, 469.37, 575.22, 538.80 
646.0, 655.07, 772.82, 712.90 
753.0, 656.51, 781.58, 724.40 
530.0, 582.99, 588.84, 573.30 
518.0, 469.89, 575.96, 539.40 
768.0, 658.13, 790.60, 736.40 
591.0, 583.04, 587.34, 579.80 
763.0, 659.63, 799.38, 749.90 
541.0, 470.65, 574.26, 539.00 
695.0, 660.13, 807.12, 756.50 
612.0, 583.21, 586.86, 579.40 
528.0, 471.25, 573.40, 538.50 
665.0, 660.19, 805.50, 751.50 
739.0, 584.13, 588.74, 590.00 
668.0, 473.30, 575.54, 554.50 
546.0, 658.63, 801.58, 721.10 
639.0, 658.36, 799.42, 707.80 
486.0, 583.56, 589.40, 584.00 
562.0, 474.22, 578.52, 576.30 
647.0, 658.21, 798.82, 691.30 
653.0, 658.14, 797.94, 677.50 
499.0, 583.06, 585.68, 578.90 
657.0, 476.08, 581.38, 600.40 
722.0, 658.97, 796.44, 685.10 
522.0, 582.71, 584.08, 569.10 
710.0, 478.44, 581.86, 605.40 
712.0, 659.65, 790.54, 681.00 
658.0, 659.63, 782.90, 670.00 
591.0, 582.76, 583.92, 568.20 
721.0, 480.87, 582.42, 604.90 
792.0, 661.29, 780.28, 672.90 
696.0, 483.00, 580.78, 613.70 
572.0, 582.70, 584.28, 567.90 
823.0, 663.28, 779.88, 685.70 
484.0, 661.10, 774.66, 667.60 
511.0, 483.27, 580.06, 611.20 
547.0, 582.49, 583.86, 568.90 
527.0, 659.48, 769.08, 665.70 
528.0, 657.92, 762.92, 654.60 
689.0, 485.27, 581.34, 628.30 
550.0, 582.31, 583.28, 570.90 
522.0, 656.32, 756.70, 642.10 
487.0, 485.29, 578.08, 622.90 
482.0, 581.75, 582.12, 560.00 
528.0, 654.83, 751.08, 629.60 
554.0, 485.94, 576.36, 625.50 
636.0, 582.05, 584.04, 562.40 
799.0, 656.48, 746.34, 637.30 
552.0, 486.57, 575.70, 613.90 
678.0, 656.73, 739.30, 633.90 
721.0, 582.82, 586.66, 560.60 
614.0, 656.25, 730.48, 629.50 
470.0, 486.41, 575.04, 604.70 
608.0, 655.71, 721.20, 611.10 
401.0, 581.82, 582.36, 552.10 
623.0, 655.35, 712.16, 591.10 
489.0, 486.44, 572.46, 587.90 
504.0, 581.39, 580.36, 552.60 
781.0, 656.72, 712.68, 620.80 
499.0, 486.55, 570.00, 566.80 
798.0, 658.24, 714.46, 647.90 
521.0, 581.06, 577.00, 552.50 
562.0, 487.24, 567.38, 550.90 
805.0, 659.80, 716.62, 675.60 
519.0, 580.72, 574.36, 545.30 
832.0, 661.61, 717.92, 706.60 
594.0, 488.20, 566.22, 540.70 
806.0, 663.11, 718.74, 734.40 
700.0, 581.37, 575.10, 558.10 
793.0, 664.45, 717.68, 733.80 
582.0, 489.04, 568.08, 547.80 
795.0, 665.79, 715.26, 745.50 
473.0, 580.78, 574.92, 550.70 
737.0, 491.23, 572.64, 552.60 
697.0, 666.10, 711.06, 753.80 
563.0, 580.69, 575.46, 552.00 
727.0, 666.71, 708.06, 765.70 
801.0, 493.95, 578.96, 584.00 
732.0, 667.36, 703.04, 776.60 
451.0, 580.00, 572.40, 548.90 
759.0, 496.25, 583.88, 604.50 
740.0, 668.07, 702.04, 772.50 
474.0, 579.44, 570.44, 532.70 
837.0, 499.19, 586.26, 633.00 
795.0, 669.30, 703.80, 772.20 
833.0, 670.88, 704.94, 775.00 
592.0, 579.51, 571.20, 519.80 
410.0, 498.43, 582.38, 627.00 
892.0, 672.98, 706.78, 781.00 
865.0, 674.79, 708.42, 786.90 
483.0, 498.30, 577.38, 626.40 
578.0, 673.89, 706.90, 765.40 
719.0, 674.31, 708.52, 757.80 
833.0, 675.76, 712.22, 771.40 
940.0, 678.16, 718.46, 792.70 
959.0, 680.69, 725.06, 815.40 
681.0, 680.70, 724.38, 809.50 
723.0, 681.07, 721.84, 802.30 
749.0, 681.67, 721.38, 793.90 
754.0, 682.30, 720.22, 780.10 
767.0, 683.03, 719.74, 770.30 
565.0, 682.02, 718.12, 769.00 
615.0, 681.45, 715.36, 758.60 
614.0, 680.88, 712.28, 736.70 
596.0, 680.17, 708.94, 702.30 
624.0, 679.71, 707.52, 668.80 
616.0, 679.19, 706.54, 662.30 
609.0, 678.62, 707.80, 650.90 
742.0, 679.13, 709.86, 650.20 
748.0, 679.68, 711.88, 649.60 
734.0, 680.11, 713.50, 646.30 
650.0, 679.87, 712.06, 654.80 
636.0, 679.53, 710.54, 656.90 
678.0, 679.52, 710.94, 663.30 
693.0, 679.62, 708.96, 673.00 
717.0, 679.91, 706.84, 682.30 
679.0, 679.90, 710.74, 688.60 
702.0, 680.07, 714.24, 697.90 
761.0, 680.67, 718.90, 699.80 
680.0, 680.67, 722.06, 693.00 
666.0, 680.56, 724.82, 686.20 
581.0, 679.83, 720.46, 679.30 
569.0, 679.03, 718.28, 672.60 
655.0, 678.86, 719.10, 670.30 
701.0, 679.01, 720.96, 671.10 
705.0, 679.20, 722.60, 669.90 
583.0, 678.52, 718.64, 660.30 
623.0, 678.13, 715.14, 652.40 
639.0, 677.86, 711.82, 640.20 
657.0, 677.72, 708.32, 637.90 
683.0, 677.75, 705.86, 639.60 
572.0, 677.03, 701.44, 638.70 
688.0, 677.11, 699.30, 650.60 
668.0, 677.05, 698.72, 651.90 
678.0, 677.05, 697.74, 649.60 
609.0, 676.60, 695.28, 640.00 
580.0, 675.97, 692.08, 639.70 
578.0, 675.33, 687.74, 635.20 
525.0, 674.35, 681.58, 623.80 
563.0, 673.63, 675.00, 614.40 
550.0, 672.84, 668.70, 601.10 
444.0, 671.38, 666.02, 588.30 
463.0, 670.06, 660.90, 565.80 
502.0, 669.01, 654.28, 549.20 
